country,population,averageAge,birthRate,mortality,migration,undernourish,cornProduction,cornExports,cornImports,cornLand,wheatProduction,wheatExports,wheatImports,wheatLand,riceProduction,riceExports,riceImports,riceLand,soyProduction,soyExports,soyImports,soyLand,otherProduction,otherExports,otherImports,otherLand,landArea,arableOpen,organic,conventional,gmo
String,int,int,int,int,int,int,double,double,double,double,double,double,double,double,double,double,double,double,double,double,double,double,double,double,double,double,double,double,double,double,double
Afghanistan,31281000,16,35,8,-3,24,300120,45,2885,1830,3388000,0,1758691,22320,448224,0,73110,2100,0,0,0,0,2602689,273980,980216,52850,652860,278771.22,0.00000759,0.99999241,0
Albania,2981000,32,12,7,-6,5,366400,210,51809,612,292800,3953,388748,692.19,0,37,20766,0,600,0,37,3.24,1764969,52335,337960,5652.57,27400,26084.8,0.00833333,0.99166667,0
Algeria,39106000,26,25,6,-1,5,575,0,3177667,2.46,2554926,4505,7486774,16724.31,183,5,85812,1.79,0,0,81,0,15175188,483266,4007848,67481.44,2381740,242937.48,0.00008194,0.99991806,0
Andorra,76000,42,8,3,-7,5,#N/A,#N/A,#N/A,#N/A,#N/A,#N/A,#N/A,#N/A,#N/A,#N/A,#N/A,#N/A,#N/A,#N/A,#N/A,#N/A,#N/A,#N/A,#N/A,#N/A,470,447.44,0,1,0
Angola,22364000,16,46,14,1,19,1262222,6,231903,17111.42,4000,106,813310,36.5,15480,0,217042,260.38,0,0,132,146.25,22245241,14069,871905,32345.45,1246700,1092109.2,0.000501,0.999499,0
Antigua and Barbuda,89000,30,14,5,5,NA,90,0,203,0.45,0,21,10227,0,0,0,1741,0,0,0,9,0,13041,130,22860,49.55,440,394.68,0,1,0
Argentina,42669000,30,19,7,0,5,23799830,16345221,6283,37478.38,14500520,9642591,7442,44960.78,1165966,734851,18398,2574.45,48878768,10820035,13019,187648.5,67001070,15738365,866416,117817.89,2736690,2547858.39,0.09721369,0.280475308,0.622311002
Armenia,3013000,32,14,9,-8,7,19120,0,52157,35.24,224082,345,383297,778.06,0,0,9369,0,0,0,6,0,2215254,32683,274699,4212.7,28470,7003.62,0.00149224,0.99850776,0
Australia,23520000,37,13,6,10,5,356943,51424,29494,621.96,27410080,17815223,211609,135017.81,482430,295648,173343,757.83,29750,10233,9119,173.61,53435583,11927551,2849150,344208.79,7682300,6407038.2,0.23295478,0.756645453,0.010399767
Austria,8531000,42,9,9,6,5,2453133,366999,857197,2171,1781837,1021178,997643,3043.34,0,4690,40548,0,109378,53988,88325,381.23,9394839,2632933,4039814,8684.43,82409,77546.869,0.37997199,0.62002801,0
Azerbaijan,9538000,29,18,6,0,5,152306,0,74255,335.03,1594394,5704,1463704,6540.78,2465,18,18836,17.64,6,0,9220,0.1,4551810,693278,865165,14235.45,82658,21129,0.0103933,0.9896067,0
Bahamas,373000,31,16,5,2,5,687,0,1217,0.94,0,16,18612,0,0,0,10584,0,0,0,31,0,137051,1418,117024,119.06,10010,8978.97,0,1,0
Bahrain,1319000,30,15,2,20,5,#N/A,#N/A,#N/A,#N/A,#N/A,#N/A,#N/A,#N/A,#N/A,#N/A,#N/A,#N/A,#N/A,#N/A,#N/A,#N/A,#N/A,#N/A,#N/A,#N/A,760,186.96,0,1,0
Bangladesh,158513000,24,20,6,-3,17,1018287,0,552700,1655.42,972085,10956,3118232,3737.08,33768209,1124,1308032,115280,65883,0,129150,414.4,23016985,225972,4650352,-35806.9,130170,85280,0.00079855,0.993338411,0.005863039
Barbados,284000,36,12,8,1,5,310,621,36534,0.9,0,6936,32488,0,0,59,5280,0,0,0,25590,0,308029,32279,94421,119.1,430,385.71,0,1,0
Belarus,9470000,39,13,13,1,5,1213124,51,84273,1839.47,2132369,47871,73808,6444.63,0,362,28059,0,0,21,9234,0,20028268,942620,1378696,48225.9,202910,182416.09,0,1,0
Belgium,11200000,41,11,10,4,5,859692,485180,1363134,720.25,1687749,2343848,4446731,2008.129,0,265646,415862,0,0,265015,575285,0,14676966,17365790,19761709,5741.621,30280,28493.48,0.06989374,0.93010626,0
Belize,358000,22,23,4,6,6,62705,9456,937,194.52,0,1,18825,0,12727,421,139,44.55,666,0,41,3.41,1307286,364830,19189,827.52,22810,20825.53,0.01121495,0.98878505,0
Benin,10279000,18,37,10,0,12,1165957,4499,1325,8201.62,0,5775,91934,0,146491,397,365981,557.97,10000,347,2,170,8075693,424493,466574,20870.41,112760,64611.48,0.00057047,0.99942953,0
Bhutan,746000,24,22,6,0,5,#N/A,#N/A,#N/A,#N/A,#N/A,#N/A,#N/A,#N/A,#N/A,#N/A,#N/A,#N/A,#N/A,#N/A,#N/A,#N/A,#N/A,#N/A,#N/A,#N/A,38117,24928.518,0.05442478,0.94557522,0
Bolivia,10305000,22,26,7,0,NA,1000746,1702,91278,3707.0961,182927,5907,370536,1879.85,285481,1945,5281,1782.73,1861038,27286,11489,11775.41,11290811,633544,288375,22454.9139,1083300,1008552.3,0.00786058,0.751754805,0.240384615
Bosnia and Herzegovina,3828000,39,8,9,0,NA,764119,3178,169293,1959.7,210004,20871,466532,584,0,72,7379,0,6748,269,22457,38.84,1726862,209219,682317,8487.46,51000,48552,0.00030714,0.99969286,0
Botswana,2039000,22,24,17,2,29,29070,23870,90214,1014.25,0,1836,97067,0,0,1000,23160,0,0,0,3182,0,208539,20262,327499,2245.75,566730,442616.13,0,1,0
Brazil,202769000,29,15,6,0,5,55660240,9618518,682370,132188.92,5690043,2424018,6789920,21389.16,8989152,1282166,564729,27528.91,74815448,32985895,41079,239686.63,876679579,36723331,4439551,372936.38,8358140,7781428.34,0.00865584,0.45967722,0.53166694
Brunei Darussalam,419000,29,16,3,1,5,0,0,5772,0,0,20,16268,0,987,4805,34059,16.04,0,2,721,0,22075,37,85885,83.96,5270,5053.93,0,1,0
Bulgaria,7226000,42,9,14,0,5,2209200,984311,91438,3994,4458492,2398075,91569,11376.42,39766,31035,25150,117.91,680,3141,7712,5.88,4300630,2642432,1160820,18605.79,108560,97595.44,0.00733724,0.99266276,0
Burkina Faso,17886000,17,43,11,-2,5,1076753,16310,3628,7011.96,0,6,141530,0,160658,0,334889,1362.68,23056,0,0,259.84,4650954,325082,218586,49065.52,273600,156772.8,0.00341421,0.909930677,0.086655113
Burundi,10483000,18,45,13,0,5,#N/A,#N/A,#N/A,#N/A,#N/A,#N/A,#N/A,#N/A,#N/A,#N/A,#N/A,#N/A,#N/A,#N/A,#N/A,#N/A,#N/A,#N/A,#N/A,#N/A,25680,20210.16,0.00039286,0.99960714,0
Cabo Verde,508000,24,22,5,-7,5,5569,0,18223,313.18,0,111,26484,0,0,0,32902,0,0,0,6,0,95477,20,81432,186.82,4030,2309.19,0,1,0
Cambodia,14804000,23,24,6,-2,17,717000,29945,10652,1742.57,0,884,35628,0,5855593,181031,12604,29685.29,114603,7334,102,705.84,9833242,143199,155500,9416.3,176520,169282.68,0.00199278,0.99800722,0
Cameroon,22789000,18,39,12,-1,12,1572067,986,27983,7521.27,950,3790,458639,6.8,116117,1502,495454,1550.52,13077,0,10,158.02,18867583,283150,286105,68263.39,472710,414093.96,0.00010323,0.99989677,0
Canada,35549000,40,11,7,8,5,10688700,1205117,1234656,12017,25261400,17339202,926130,85436,0,4216,358032,0,4246300,2651153,296323,15424,41703637,24850147,11183728,366063,9093510,6538233.69,0.01756379,0.740234682,0.242201528
Central African Republic,4779000,19,47,15,0,5,160000,0,13751,952.13,0,0,43527,0,26680,0,876,250,0,0,0,0,2111911,0,27231,17597.87,622980,545730.48,0,1,0
Chad,13285000,16,48,15,-2,40,195000,0,14669,2000,1722,0,104632,8.7,115102,0,1007,1300,0,0,0,0,3181235,512,165760,46011.3,1259200,1103059.2,0,1,0
Chile,17711000,32,14,6,0,5,1437561,49451,713156,1198.19,1575822,215266,780314,2714.15,86960,355,109832,251.21,0,10759,139031,0,13601733,4854179,2691203,13280.45,743532,692228.292,0.0165673,0.954769549,0.028663151
China,1395325666,35,12,7,0,12,192904224,542546,6020582,335598.54,117414034,821874,3280208,242722.45,135179001,556262,1078284,303112.95,14485105,281866,54845656,78890.55,1089764533,27119030,48847885,265000.51,9424700.9,6201453.192,0.0155469,0.95262481,0.03182829
Colombia,47662000,27,19,6,-2,15,1681257,30376,3234579,6015.165,11821,35343,1603702,79.89,1356593,160,41996,5077.09,75436,378,276105,346.57,61732972,3264905,2210393,22571.285,1109500,1032944.5,0.01202699,0.958638894,0.029334116
Comoros,748000,19,34,9,-3,NA,#N/A,#N/A,#N/A,#N/A,#N/A,#N/A,#N/A,#N/A,#N/A,#N/A,#N/A,#N/A,#N/A,#N/A,#N/A,#N/A,#N/A,#N/A,#N/A,#N/A,1861,1464.607,0.01830986,0.98169014,0
Congo,4559000,19,38,10,-2,33,12000,0,7253,132,0,1070,227845,0,1134,0,167059,31.42,0,0,6,0,2428791,10729,121379,5796.58,341500,299154,0,1,0
Costa Rica,4773000,28,15,4,2,NA,18501,12455,612351,82.08,0,79695,285330,0,186076,5742,58772,811.16,0,54,212561,0,10404515,5407725,713393,5006.76,51060,46617.78,0.01627119,0.898983047,0.084745763
"Cote d'Ivoire",20805000,19,37,14,1,5,621790,5368,16114,3278,0,127798,472924,0,468523,36014,1075686,3796.94,887,0,1,9.34,14643281,1250263,1380719,66915.72,318000,182214,0.0027973,0.9972027,0
Croatia,4238000,42,10,13,-1,5,1733664,165970,53401,3051.3,782499,158070,105583,1497.97,0,165,10816,0,147271,54701,3907,588.96,2919040,660501,1297385,4658.77,55960,53273.92,0.03266306,0.96733694,0
Cuba,11150000,38,11,8,-4,5,354000,0,713044,1433.18,0,1057,828088,0,377789,0,552331,2080.46,0,0,132134,0,22882247,702509,687515,36226.36,106440,95476.68,0.00055611,0.986862108,0.012581782
Cyprus,1157000,34,13,7,-2,5,0,53,189545,0,24898,9642,142308,111.2,0,94,6198,0,0,0,68,0,460137,245604,420400,1092.8,9240,2273.04,0.02965116,0.97034884,0
Czech Republic,10511000,40,10,10,0,5,761000,335953,46373,1100,4913048,1650532,363744,8631.32,0,13217,64411,0,17934,2614,30392,75.84,9807978,2155557,2897210,22592.84,77240,69438.76,0.14907407,0.835493831,0.015432099
Democratic People's Republic of Korea,24851627,33,15,9,0,5,1857000,0,148415,5030,127000,0,299242,630,1653493,0,101805,5710,350000,0,26400,3000,7853914,13547,158675,11430,120410,79229.78,0,1,0
Democratic Republic of the Congo,71167000,17,46,16,0,5,#N/A,#N/A,#N/A,#N/A,#N/A,#N/A,#N/A,#N/A,#N/A,#N/A,#N/A,#N/A,#N/A,#N/A,#N/A,#N/A,#N/A,#N/A,#N/A,#N/A,2267050,1985935.8,0.00526316,0.99473684,0
Denmark,5639000,41,10,9,5,5,0,21799,81773,106,4831000,1057988,786505,7470,0,9274,45632,0,0,123,81643,0,9998330,2737079,2966040,17454,42430,38059.71,0.06480224,0.93519776,0
Djibouti,886000,22,28,9,-4,22,14,0,973,0.07,0,24,605164,0,0,0,47638,0,0,0,0,0,41174,111765,487245,19.93,23180,18242.66,0,1,0
Dominica,70625,32,13,8,-6,NA,140,0,1013,1,0,32,3646,0,0,0,524,0,0,0,4,0,106756,7756,8234,239,750,672.75,0.01,0.99,0
Dominican Republic,10378000,25,21,6,-3,NA,35431,618,1043403,218.32,0,8365,632010,0,583418,12254,20394,1747.38,0,0,8500,0,9452807,732906,456792,10934.3,48320,43343.04,0.14496124,0.85503876,0
Ecuador,16027000,25,23,5,0,13,963262,4178,551297,5777.84,5938,3036,622645,64.2,985787,44255,239,3299.57,71000,115,385,480,18841758,7210356,711058,15730.39,248360,231223.16,0.02059009,0.97940991,0
Egypt,87900000,24,32,6,-1,5,6876473,9120,7121043,8883.29,8407126,180725,9836277,12849.46,3785243,43819,101195,5931.85,29785,85,1712450,95.48,61808518,4400993,3921802,8439.92,995450,101535.9,0.02265193,0.97734807,0
El Salvador,6384000,23,20,7,-7,5,756352,88876,613297,2683.92,0,138197,318795,0,17068,8262,65348,46.71,4611,18,279,25.82,7374546,613289,945264,6353.55,20720,18917.36,0.00738749,0.99261251,0
Equatorial Guinea,778000,20,36,13,5,5,#N/A,#N/A,#N/A,#N/A,#N/A,#N/A,#N/A,#N/A,#N/A,#N/A,#N/A,#N/A,#N/A,#N/A,#N/A,#N/A,#N/A,#N/A,#N/A,#N/A,28050,24571.8,0,1,0
Eritrea,6536000,18,33,7,2,5,#N/A,#N/A,#N/A,#N/A,#N/A,#N/A,#N/A,#N/A,#N/A,#N/A,#N/A,#N/A,#N/A,#N/A,#N/A,#N/A,#N/A,#N/A,#N/A,#N/A,101000,79487,0,1,0
Estonia,1308000,40,11,12,-5,5,0,1400,23395,0,360400,133128,102300,1289,0,510,3756,0,0,372,2021,0,852349,387522,410337,5091,42390,38023.83,0.21003135,0.78996865,0
Ethiopia,95933000,17,28,8,0,37,6069413,60180,31015,20547.24,2916334,3449,1734330,14374.85,59109,8,72389,306.49,35880,1004,1467,193.97,24701545,680269,760438,127829.45,1000000,787000,0.00858795,0.99141205,0
Fiji,864000,26,21,8,-6,5,1011,29,1211,4.85,0,47338,108369,0,5279,617,31309,28.13,0,2,230,0,2680797,160811,132368,2467.02,18270,17667.09,0.008,0.992,0
Finland,5463000,42,11,9,3,5,0,9,5603,0,974800,240388,181811,2546,0,882,25840,0,0,2,6504,0,4684878,1198992,1364736,20000,303890,272589.33,0.08338508,0.91661492,0
France,66726666,40,12,9,1,5,15913300,6657943,828083,15956,35994000,22129947,2063412,58254,85576,98070,489348,218,122524,34236,675239,415.71,90182089,20437955,18316308,117986.29,547557,515251.137,0.05056786,0.94943214,0
Gabon,1711000,21,32,9,1,5,43500,0,6678,260,0,0,108478,0,1125,8,64122,6.11,3500,0,1749,40,1209192,1053,104284,4643.89,257670,225718.92,0,1,0
Gambia,1909000,17,41,10,-2,7,23613,0,984,252.56,0,1493,71343,0,34108,353,74570,420.26,0,0,19,0,224048,46485,237757,3877.18,10120,5798.76,0,1,0
Georgia,4785000,37,13,11,-1,10,269600,2079,26213,1179,96800,20212,675468,468,0,188,11139,0,1500,0,12,6,971127,100886,441438,3621,69490,17094.54,0.00379219,0.99620781,0
Germany,80900000,44,8,11,5,5,5184000,908635,2196818,4879,22800000,8613483,5965843,32482,0,121344,415955,0,2000,46862,3192775,10,74663270,16247003,30454152,83379,348560,327994.96,0.08410766,0.91589234,0
Ghana,27045000,20,34,9,-1,5,1683984,701,13226,10231.77,0,5780,475212,0,309471,68,557902,1974.8,0,18,282,0,29071815,693626,1358446,61993.43,227540,130380.42,0.00268194,0.99731806,0
Greece,10972000,42,9,11,-4,5,2165790,37205,456924,1818,1702020,483915,1057814,5440,170085,128667,57694,324,4000,110,266354,20,11663170,2748172,2025764,29288,128900,122712.8,0.05565194,0.94434806,0
Grenada,111582,25,16,7,-2,5,354,0,11000,3.43,0,1289,25451,0,0,0,1024,0,0,0,1,0,36979,744,13760,96.57,340,304.98,0.009,0.991,0
Guatemala,15860000,19,31,5,-1,15,1672241,18911,775518,8410.94,9000,131931,655970,7,20264,2100,61356,98.05,37000,62,13796,140,29846188,4409406,690778,16024.01,107160,97837.08,0.00542139,0.99457861,0
Guinea,11579000,18,38,12,0,18,611000,0,2022,4850,0,10000,120016,0,1113890,44,149802,8800,0,0,0,0,4681474,24536,281685,22350,245720,140797.56,0,1,0
Guinea-Bissau,1746000,19,38,13,-1,22,8000,0,153,110,0,0,12154,0,116867,0,64953,1063,0,0,0,0,529206,139865,31573,4327,28120,16112.76,0,1,0
Guyana,745000,22,20,7,-15,12,4900,5,34656,34,0,4121,47232,0,268070,72858,95,1404,0,1,306,0,3611330,281635,84982,3042,196850,183267.35,0.009375,0.990625,0
Haiti,10753000,21,28,9,-3,50,360000,0,10292,4200,0,0,124269,0,96090,0,395763,605,0,0,1,0,3631788,11181,363623,8595,27560,24721.32,0.0006791,0.9993209,0
Honduras,8200000,21,24,5,-1,15,583020,2119,484988,3284.24,1089,45921,325960,27.17,32618,4182,107862,85.22,2000,9,5508,8.8,11017585,1363306,316605,11294.57,111890,102155.57,0.01619048,0.949795915,0.034013605
Hungary,9893000,40,9,13,1,5,7992000,3708498,124502,12300,4107000,1532196,294526,9780,6053,7905,37794,28,94955,42364,26763,410.09,8322032,3918306,1737503,23261.91,90530,81386.47,0.02717344,0.97282656,0
Iceland,328000,35,13,7,5,5,0,0,21778,0,0,132,54009,0,0,0,1278,0,0,0,41,0,20388,258,109510,1222,100250,89924.25,0.06710311,0.93289689,0
India,1296245000,25,22,7,0,15,21760000,4128740,16658,87800,86874000,784406,16770,290686,105319299,5044574,12224,439700,12214000,45939,778,101800,700461074,10100874,13378166,773754,2973190,1944466.26,0.00640181,0.925110701,0.068487489
Indonesia,251452000,27,20,6,-1,11,17629030,78608,3350603,38646.92,0,188484,6589987,0,43849207,15855,2826435,132036.43,843838,2844,2092134,6222.54,134582531,23703565,7544854,278094.11,1811570,1737295.63,0.00162637,0.99837363,0
Iran,77356000,27,19,5,0,NA,2746562,6058,3646989,5740.88,12339360,361518,75428,63755.94,1831957,5270,1194261,5740.88,170000,1502,838033,700,56749998,3124151,4823252,118392.3,1628550,400623.3,0.00222817,0.99777183,0
Iraq,35111000,19,31,5,1,25,335710,0,2017,1287.36,2808900,2398,4087013,14366.14,156824,46,851574,657.45,51,0,8287,0.4,6597953,139920,2698228,22488.65,434320,106842.72,0,1,0
Ireland,4607000,34,15,7,-7,5,0,58505,331555,0,929000,237431,643337,942,0,548,18525,0,0,1130,15252,0,2319755,557407,2183615,9688,68890,61794.33,0.05079962,0.94920038,0
Israel,12608000,30,21,5,3,5,96375,42753,1316602,28.5,122024,27452,1660636,606.2,0,87,91553,0,0,6,423798,0,3892990,1515593,1871553,3135.3,21640,5323.44,0,1,0
Italy,61339000,43,9,10,3,5,9752592,460356,2834429,9948.31,6641806,3686846,7732329,17325.8,993930,744560,133895,2465,564638,90257,1241563,1659.55,44622361,12306099,13483340,61007.34,294140,280021.28,0.11871523,0.88128477,0
Jamaica,2721000,27,18,7,-5,8,2723,288,268504,21.44,0,11726,207227,0,157,2,72219,0.545,0,31,554,0,2766045,167845,286841,2178.015,10830,9714.51,0.00245455,0.99754545,0
Japan,127060000,45,8,10,1,5,165,798,15287070,0.64,746300,282470,6562481,2115,5713522,20397,592408,15760,218800,3704,2830842,1367,26370068,124942,18396555,26367.36,364555,239877.19,0.00206095,0.99793905,0
Jordan,7558000,22,28,4,-8,5,16460,8811,572476,7.96,19801,42293,1142728,143.3,0,1146,140549,0,0,8287,75,0,2497718,1016201,1472032,2454.74,88780,21839.88,0.00997698,0.99002302,0
Kazakhstan,17285000,29,23,8,0,5,482000,12790,5705,967,22732000,5362721,164324,136864,231316,64605,15679,933,133100,6449,836,701,12479211,895893,2469438,101635,2699700,1152771.9,0.0081377,0.9918623,0
Kenya,43210000,19,34,9,0,24,3376862,14923,313653,21318.87,268482,5036,1560993,1315.09,74190,7366,373246,280.31,4335,89,5694,17.34,15982098,464352,956289,38368.39,569140,447913.18,0.00081077,0.99918923,0
Kiribati,111000,23,30,9,-1,5,0,0,4,0,0,0,6045,0,0,0,10568,0,0,0,56,0,192376,24182,8004,340,810,783.27,0,1,0
Kuwait,3656000,28,18,2,35,5,17991,6,153550,8.92,1705,56380,387565,7.35,0,4,293419,0,0,0,124,0,389268,127791,876124,148.73,17820,4383.72,0,1,0
Kyrgyzstan,5834000,24,28,7,-1,7,446411,599,7608,742.25,799841,2923,489056,3729.67,12961,729,14918,62.89,70,0,3597,0.68,3215994,400394,229868,8970.51,191800,81898.6,0.01118022,0.98881978,0
Lao People's Democratic Republic,6843000,20,26,6,-2,NA,1096235,202947,856,2121.05,0,0,12519,0,2044862,0,18977,8172.5,13820,215,0,91.45,3644796,21996,160543,5580,230800,221337.2,0.00375196,0.99624804,0
Latvia,1990000,41,10,14,-12,5,0,1016,12418,0,937000,530452,201936,3076,0,1069,8943,0,0,18593,31058,0,1448800,590543,838663,8574,62200,55793.4,0.15802575,0.84197425,0
Lebanon,4966000,29,13,4,20,5,3000,924,416711,8.5,125000,22354,514670,350,0,737,53428,0,0,7,155,0,2340502,602988,946990,2121.5,10230,2516.58,0.01330645,0.98669355,0
Lesotho,1917000,20,30,21,-6,11,73390,242,294445,1156.88,20065,63,85558,201.36,0,0,12000,0,0,0,0,0,177118,171,129758,1761.76,30360,23711.16,0.00057692,0.99942308,0
Liberia,4397000,18,35,9,-1,30,0,0,15027,0,0,183,46693,0,198766,0,126991,2520,3100,0,20,73.48,1229380,2394,63661,4456.52,96320,55191.36,0,1,0
Libya,6253000,26,21,4,-7,NA,2860,11,334278,14.63,166000,24,1308553,1500,0,0,193539,0,0,0,81,0,2047870,1221,1201520,18995.37,1759540,179473.08,0,1,0
Liechtenstein,37000,42,10,6,4,5,#N/A,#N/A,#N/A,#N/A,#N/A,#N/A,#N/A,#N/A,#N/A,#N/A,#N/A,#N/A,#N/A,#N/A,#N/A,#N/A,#N/A,#N/A,#N/A,#N/A,160,150.56,0.36333333,0.63666667,0
Lithuania,2930000,39,10,14,-6,5,71900,19276,91851,96,1869000,1058344,150647,5511,0,4434,14532,0,0,9,1160,0,3941044,1352257,1296090,16559,62674,56218.578,0.06870883,0.93129117,0
Luxembourg,556000,39,11,7,19,5,2334,1220,9308,3,76839,96065,128062,138.9738,0,72,2659,0,0,0,200,0,128972,95389,300420,494.3262,2590,2437.19,0.05374823,0.94625177,0
Madagascar,22445000,18,34,7,0,31,428390,3007,15279,3015.89,10000,104,176007,45.53,2868223,31,202923,14640,42,0,177,0.74,10109271,110110,261762,23297.84,581795,457872.665,0.00736585,0.99263415,0
Malawi,16829000,17,40,12,0,22,3699147,365619,6396,16753.77,1850,17718,164660,12.16,78528,959,313,615.59,75665,5041,94,758.39,12572339,428843,95979,19210.09,94280,74198.36,0.00004552,0.99995448,0
Malaysia,30098000,26,17,5,3,5,59842,14879,3192532,97.59,0,301720,1526358,0,1718184,33536,1201832,6875.16,0,31676,638311,0,30097306,22862679,8995127,66450.25,328550,315079.45,0.00021792,0.99978208,0
Maldives,369900,24,23,3,0,8,120,0,125,0.24,0,0,34880,0,0,0,23731,0,0,0,53,0,21956,0,89315,59.76,300,196.2,0,1,0
Mali,15932000,17,42,13,-2,5,1298234,2667,7957,9248.5,33842,75,155339,98.44,1161562,0,114441,8304.08,1900,0,41,28,5946486,43947,226934,52430.98,1220190,699168.87,0.00210954,0.99789046,0
Malta,427000,40,10,8,7,5,0,746,49810,0,13700,3018,61747,29,0,30,2118,0,0,0,52,0,115556,7259,165071,74.3,320,304.64,0.00290416,0.99709584,0
Marshall Islands,55000,23,30,4,-17,5,#N/A,#N/A,#N/A,#N/A,#N/A,#N/A,#N/A,#N/A,#N/A,#N/A,#N/A,#N/A,#N/A,#N/A,#N/A,#N/A,#N/A,#N/A,#N/A,#N/A,180,174.06,0,1,0
Mauritania,3984000,20,34,9,-1,7,11609,0,3888,175.59,2888,0,325002,18.03,107438,0,122030,310.63,0,0,7,0,118255,0,457677,3605.75,1030700,590591.1,0,1,0
Mauritius,1261000,33,11,8,0,5,320,698,93806,0.43,0,26921,148763,0,211,1050,57734,1.2,0,93,289,0,4789239,446121,205370,818.37,2030,1597.61,0.00036585,0.99963415,0
Mexico,119713000,26,19,6,-2,5,17635420,345666,9604443,60690.92,3627511,1534809,4297454,6622.21,115698,1818,675170,340.37,205234,91,3342361,1555.13,96341752,11471834,11238349,187371.37,1943950,1397700.05,0.01429963,0.97790553,0.00779484
Micronesia,103000,26,24,5,-19,5,0,0,4,0.74,0,0,6045,0,0,0,10568,0.88,0,0,56,0,192376,24182,8004,782.38,3170,3065.39,0,1,0
Monaco,37000,51,6,7,23,5,#N/A,#N/A,#N/A,#N/A,#N/A,#N/A,#N/A,#N/A,#N/A,#N/A,#N/A,#N/A,#N/A,#N/A,#N/A,#N/A,#N/A,#N/A,#N/A,#N/A,2,0,0,1,0
Mongolia,2857000,26,28,6,0,25,0,0,206,0,435889,0,118009,2913.5,0,0,14181,0,0,0,118,0,325308,13128,246273,3226.5,1553560,1022242.48,0,1,0
Montenegro,619000,36,12,10,-3,5,11688,129,19665,27.98,2446,4633,109843,7.56,0,3,1350,0,0,0,542,0,409722,17449,160735,1854.46,13450,12804.4,0.01624339,0.98375661,0
Morocco,33889509,26,22,6,-3,5,221298,1738,1552274,1918.8,6017821,16994,3682681,30880,11899,1741,10889,25.4,1000,1,32836,10,19798941,1631640,2012170,58203.8,446300,91038,0.00186735,0.99813265,0
Mozambique,25059000,17,43,13,0,30,2178842,11827,159915,18127.17,20350,50935,410290,119.41,181025,78,358622,2387.78,0,0,2129,0,17911799,388255,325349,38865.64,786380,618881.06,0.0007563,0.9992437,0
Myanmar,53719000,28,17,9,-1,18,1484962,128767,1217,4114.71,172571,351,210552,954.06,19349597,918097,3257,75667.8,236912,5000,0,1574.98,29548729,1897749,571711,40188.45,653290,626505.11,0.00001633,0.975493874,0.024489796
Namibia,2348000,20,30,7,0,39,53800,213,14307,350,16300,269,58757,22,0,196,10409,0,0,0,9,0,527648,27697,222131,7718,823290,642989.49,0.01742892,0.98257108,0
Nauru,10560,25,36,8,-9,NA,#N/A,#N/A,#N/A,#N/A,#N/A,#N/A,#N/A,#N/A,#N/A,#N/A,#N/A,#N/A,#N/A,#N/A,#N/A,#N/A,#N/A,#N/A,#N/A,#N/A,20,19.34,0,1,0
Nepal,27140000,21,22,7,-3,12,2067522,8,196194,9062.53,1745811,12466,28635,7674.99,2975005,555,168781,14964.76,28318,0,71572,293.17,11705259,155228,811386,-8682.45,143350,93750.9,0.00424227,0.99575773,0
Netherlands,17006714,41,10,8,1,5,204400,382362,3627149,165.7,1175275,1263984,5144923,1510.41,0,155242,249910,0,0,1473553,3099661,0,22360468,26982559,26119049,8747.89,33720,31730.52,0.04556792,0.95443208,0
New Zealand,4292000,37,13,7,5,5,210175,11465,8858,185,383262,25663,369178,526.04,0,1811,32502,0,0,23,1296,0,3194252,1269176,807382,4708.96,263310,219600.54,0.24575646,0.75424354,0
Nicaragua,6226000,22,23,5,-6,19,523000,23869,142698,3574.878,0,36666,208666,0,325496,6126,95595,1003.7721,5000,207,31,24.5503,7512063,655981,421127,13386.7996,120340,109870.42,0.01867704,0.98132296,0
Niger,18156000,15,50,11,0,11,6366,1544,16437,83.08,3114,5421,63677,16.51,8887,6064,193508,87.29,0,0,1,0,7522349,112974,269461,156813.12,1266700,725819.1,0.0000051,0.9999949,0
Nigeria,177542000,18,39,13,0,6,9180270,101,45999,54565.4,165000,3340,4054295,990,3046402,167,2194587,22694.1,563810,11000,25,5993.5,139087734,218414,3237828,322757,910770,521871.21,0.00023268,0.99976732,0
Norway,5138000,39,12,8,8,5,0,36,93922,0,284558,11214,571795,738.9,0,169,24254,0,0,2,420571,0,1317260,101957,1871575,7485.1,365268,327645.396,0.06850681,0.93149319,0
Oman,4071000,25,20,2,39,5,#N/A,#N/A,#N/A,#N/A,#N/A,#N/A,#N/A,#N/A,#N/A,#N/A,#N/A,#N/A,#N/A,#N/A,#N/A,#N/A,#N/A,#N/A,#N/A,#N/A,309500,76137,0.00052632,0.99947368,0
Pakistan,193979000,22,28,8,-3,22,4270900,284101,15472,10874,25213800,3576912,63099,89007,6132398,3395817,24599,25712,89,20,216,1.28,83702606,2009057,4895218,95405.72,770880,504155.52,0.0011267,0.867651581,0.131221719
Palau,18000,33,14,9,0,NA,#N/A,#N/A,#N/A,#N/A,#N/A,#N/A,#N/A,#N/A,#N/A,#N/A,#N/A,#N/A,#N/A,#N/A,#N/A,#N/A,#N/A,#N/A,#N/A,#N/A,460,444.82,0,1,0
Panama,3915000,27,20,5,2,13,77306,0,371406,476.57,0,1372,189860,0,179997,0,41758,1052.5,92,2,5604,2.79,3282495,460678,374076,5758.14,74340,67872.42,0.01371742,0.98628258,0
Papua New Guinea,7571000,20,33,10,0,NA,#N/A,#N/A,#N/A,#N/A,#N/A,#N/A,#N/A,#N/A,#N/A,#N/A,#N/A,#N/A,#N/A,#N/A,#N/A,#N/A,#N/A,#N/A,#N/A,#N/A,452860,437915.62,0.0113,0.9887,0
Paraguay,6902000,23,23,6,-1,9,3345877,1307072,19785,8535.92,1463881,751496,36027,5844.08,272300,224191,827,786.06,8309793,5029412,20736,28054.67,9964896,655003,255029,679.27,397300,369886.3,0.01166287,0.099954442,0.888382688
Peru,30814000,26,20,5,-3,11,1514416,11762,1918096,4756.71,214140,151206,1741089,1454.84,1750227,542,174763,3596.12,2994,274,79848,16.55,25494952,1489515,1335482,44075.78,1280000,1191680,0.03450835,0.96549165,0
Philippines,100096000,22,24,6,-1,13,6971221,334,128757,25446.12,0,57599,3014443,0,11128268,479,750470,45366.42,684,2298,52162,5.17,74973978,5495623,2754671,36482.29,298170,285945.03,0.00897484,0.916467844,0.074557316
Poland,38479000,38,10,10,0,5,2392100,334011,541828,3333,9339200,1248656,1124873,22587,0,126342,156818,0,331,3200,26206,2.08,49215198,5399863,5990224,88957.92,306230,275300.77,0.05266365,0.94733635,0
Portugal,10396000,41,8,10,-4,5,810300,49855,1662579,1060,58631,179992,1520647,428.94,121694,37781,97299,312.13,0,14344,642522,0,5749900,2051531,3753644,16238.93,91590,87193.68,0.11945676,0.852827054,0.027716186
Qatar,2268000,32,11,1,2,5,#N/A,#N/A,#N/A,#N/A,#N/A,#N/A,#N/A,#N/A,#N/A,#N/A,#N/A,#N/A,#N/A,#N/A,#N/A,#N/A,#N/A,#N/A,#N/A,#N/A,11610,2856.06,0,1,0
Republic of Korea,50424000,38,9,5,0,5,73612,86151,7811372,158.23,43677,94050,4890167,130.44,4024878,9302,529220,8538.23,129394,2363,1148474,778.49,16054346,924441,8217915,7374.61,97230,63977.34,0.01136631,0.98863369,0
Republic of Macedonia,2066000,37,11,9,1,NA,129322,273,71670,302.83,256103,28640,144196,765.45,17985,9913,263,45,840,0,332,5.28,1597123,441835,280125,3371.44,25220,24009.44,0.01469933,0.98530067,0
Republic of Moldova,4110000,35,11,11,0,5,1468263,131068,4764,4511.09,794783,93564,130259,3013.32,0,0,9975,0,78721,53096,105,576.62,3278166,898387,211581,12998.97,32850,29532.15,0.01042654,0.98957346,0
Romania,20015000,38,10,12,0,5,11717590,2369278,393230,25871.02,7131590,1621330,852268,19458.49,43529,45960,96068,126.71,142636,72716,34464,718.61,16585236,3252119,2724108,48215.17,230170,206922.83,0.02436699,0.970335839,0.005297171
Russian Federation,143747000,38,13,13,2,5,6962440,724677,169423,16026,56239992,16209044,449698,248355,704065,136383,195952,2072,1756010,4757,896149,11874,149439532,4380388,18470712,938173,16376870,14722806.13,0.00104233,0.99895767,0
Rwanda,11080000,18,31,8,-1,35,525679,3574,83321,2234.14,90684,14076,90643,442.8415,53721,328,41132,145.92,37426,7,474,479.81,10505717,29188,181015,10797.2885,24670,19415.29,0.00262411,0.99737589,0
Saint Kitts and Nevis,54744,34,13,7,7,NA,0,0,117,0,0,0,10399,0,0,0,1259,0,0,0,3,0,5652,298,9744,51,260,233.22,0,1,0
Saint Lucia,173000,29,13,8,0,NA,0,0,434,0,0,22,6141,0,0,0,1208,0,0,0,3,0,57859,9256,37408,100,610,547.17,0,1,0
Saint Vincent and the Grenadines,106000,28,17,8,-9,NA,691,0,3248,0.25,0,6641,19265,0,0,1501,5810,0,0,0,1204,0,118147,21518,16194,79.75,390,349.83,0,1,0
Samoa,192000,21,29,5,-24,5,0,0,27,0,0,1,11555,0,0,0,689,0,0,0,66,0,256537,12649,15864,350,2830,2736.61,0.95714286,0.04285714,0
San Marino,33000,44,10,7,5,5,#N/A,#N/A,#N/A,#N/A,#N/A,#N/A,#N/A,#N/A,#N/A,#N/A,#N/A,#N/A,#N/A,#N/A,#N/A,#N/A,#N/A,#N/A,#N/A,#N/A,60,57.12,0,1,0
Sao Tome and Principe,190000,19,36,7,-2,5,3900,0,451,13,0,0,9790,0,0,0,5998,0,0,0,0,0,134391,1987,11671,464,960,840.96,0.09371069,0.90628931,0
Saudi Arabia,30814000,26,22,4,2,5,91747,15946,1662598,153.02,1184454,250519,2379739,1928.18,0,13090,1070647,0,0,59,614806,0,4675628,2935278,12584738,31798.8,2149690,528823.74,0.00546045,0.99453955,0
Senegal,13933000,18,40,8,-1,14,124092,2369,111815,1095.17,0,23032,470120,0,270685,109138,805246,1091.77,0,0,5503,0,3333681,153244,677151,31963.06,192530,110319.69,0.00380673,0.99619327,0
Serbia,8970000,38,9,14,0,5,6479564,1680592,4135,12584.37,2076237,540722,24281,4930.06,0,373,14294,0,440847,71201,5063,1652.53,8617785,1677291,614229,16783.04,87460,83261.92,0.00173574,0.99826426,0
Seychelles,90000,32,19,7,2,5,#N/A,#N/A,#N/A,#N/A,#N/A,#N/A,#N/A,#N/A,#N/A,#N/A,#N/A,#N/A,#N/A,#N/A,#N/A,#N/A,#N/A,#N/A,#N/A,#N/A,460,362.02,0,1,0
Sierra Leone,6344000,19,38,17,-1,5,41553,0,1677,344.84,0,0,66196,0,719029,0,176158,6039.24,0,0,0,0,4644029,85,68232,12162.82,72180,41359.14,0,1,0
Singapore,5487400,37,9,5,12,5,#N/A,#N/A,#N/A,#N/A,#N/A,#N/A,#N/A,#N/A,#N/A,#N/A,#N/A,#N/A,#N/A,#N/A,#N/A,#N/A,#N/A,#N/A,#N/A,#N/A,700,671.3,0,1,0
Slovakia,5421000,37,10,10,0,5,1365700,347108,218504,2020.38,1639300,481007,351723,3628.45,0,14291,29417,0,36921,10257,13102,196.67,3439133,1546950,1455143,8269.5,48088,43231.112,0.12107687,0.843499821,0.035423309
Slovenia,2061000,42,10,9,0,5,349030,189471,299023,401.85,153575,53194,246403,296.65,0,2799,11442,0,292,334084,339038,1.07,606021,430886,872029,1255.43,20140,19173.28,0.16419437,0.83580563,0
Solomon Islands,626000,19,31,5,0,5,0,0,62,0,0,10,18715,0,2168,29,30745,11,0,0,25,0,666774,122973,12675,979,27990,27066.33,0.01313131,0.98686869,0
Somalia,10806000,16,44,12,-3,5,65126,0,56413,363.82,1046,0,256068,26.62,2848,0,229846,12,0,0,0,0,851287,418,282849,10887.56,627340,493716.58,0,1,0
South Africa,53699000,25,20,11,3,5,10360000,2764901,91041,23723,2005000,143363,1909260,6047,1686,44681,932059,10.12,710000,42528,1930,4180,31961541,3714562,2335202,90499.88,1213090,947423.29,0.00336654,0.779696291,0.216937169
South Sudan,11739000,18,36,12,16,5,#N/A,#N/A,#N/A,#N/A,#N/A,#N/A,#N/A,#N/A,#N/A,#N/A,#N/A,#N/A,#N/A,#N/A,#N/A,#N/A,#N/A,#N/A,#N/A,#N/A,619745,27600,0,1,0
Spain,46453000,40,9,8,-4,5,4199927,342519,5014106,3692.64,6876657,1307927,4795987,19946.53,618679,342789,200890,1223.68,1700,2985,3177896,7,58133308,18211110,10807394,145050.15,498800,474857.6,0.09563324,0.898481638,0.005885122
Sri Lanka,20684000,31,18,6,-3,5,137797,3,19505,505.45,0,432037,1382537,0,2597892,6158,36855,10910.5,3840,51,17,24.5,5025774,390416,1579147,11459.55,62710,41012.34,0.00850218,0.99149782,0
Sudan,38764000,19,34,8,-4,5,42000,5280,27454,310.8,292000,16,1661555,1827,16675,0,30570,67.2,0,0,158,0,20726317,174165,1325064,170045,1886068,172250,0,0.994194485,0.005805515
Suriname,564000,28,20,7,-2,8,32,0,21048,0.14,0,1155,33309,0,156944,42010,386,569.3,11,0,174,0.13,273330,88902,90055,100.43,156000,145236,0,1,0
Swaziland,1268000,19,30,14,-1,24,85000,19,110127,680,628,231,59393,3.28,61,657,23556,0.32,0,190,523,0,5867967,380920,112064,1216.4,17200,13433.2,0.00005263,0.99994737,0
Sweden,9689000,41,12,9,2,5,0,1351,44022,0,2253100,628884,509811,4189,0,1126,61721,0,0,293,20217,0,7067472,1301058,3712062,22001,410340,368074.98,0.18350515,0.81649485,0
Switzerland,8187000,42,10,8,6,5,151290,673,150143,155.53,553150,99222,713943,878.68,0,1050,121137,0,3300,150,20683,11.23,4093326,249800,2196017,3234.56,39516,37184.556,0.27009346,0.72990654,0
Syrian Arab Republic,21987000,22,24,4,-11,5,298368,14614,1497682,591.09,3858331,13778,573248,15210.38,0,1026,138673,0,2225,0,341606,13.1,11177715,733639,2216188,41345.43,183630,57160,0.00349895,0.99650105,0
Tajikistan,8266000,21,34,7,-5,37,154881,0,0,127.76,726880,1100,962868,3111.79,51276,3674,11543,132.12,36,0,0,1.354,3351317,209156,413654,6426.976,139960,59762.92,0.00046939,0.99953061,0
Thailand,66443000,35,12,8,0,9,4816650,394444,214207,11485.76,1173,219192,1806273,11.14,23070436,10778729,37760,116495.06,176152,9825,1997442,897.33,147674644,30599996,3061554,73710.71,510890,489943.51,0.00171767,0.99828233,0
Timor-Leste,1212000,16,37,10,0,31,49783,0,3822,216.99,0,0,11900,0,65564,0,14429,355.61,1554,0,0,9.62,131891,5176,29005,1647.78,14870,14260.33,0.11098655,0.88901345,0
Togo,6993000,19,37,11,0,19,650831,78,1075,5226.3,0,3797,86798,0,74859,683,106450,447.13,1100,289,10,27,2533614,44354,181626,20949.57,54390,31165.47,0.0004878,0.9995122,0
Tonga,103369,21,27,7,-19,NA,#N/A,#N/A,#N/A,#N/A,#N/A,#N/A,#N/A,#N/A,#N/A,#N/A,#N/A,#N/A,#N/A,#N/A,#N/A,#N/A,#N/A,#N/A,#N/A,#N/A,720,696.24,0.00925926,0.99074074,0
Trinidad and Tobago,1343000,32,13,10,-3,NA,3438,437,82001,14,0,12970,137235,0,1776,2604,27707,23.35,0,9,1189,0,132118,50166,357587,432.65,5130,4601.61,0,1,0
Tunisia,10998000,29,19,6,-3,5,0,41117,864041,0,1605500,286972,1644596,7722,0,1650,17882,0,0,0,462654,0,6438403,878681,1294720,44608,155360,52330,0.03411045,0.96588955,0
Turkey,77193000,28,16,5,0,5,4200000,96754,383156,5890,21800000,3449970,4784544,80960,600300,101311,257191,994,102260,235,1354916,264.21,82163731,7557349,3641326,148191.79,769630,236300,0.02602624,0.97397376,0
Turkmenistan,5307000,25,22,8,-1,5,17000,0,1,160,1300000,0,184704,6500,96048,0,199,550,0,0,0,0,2403666,52378,177218,12790,469930,200660.11,0,1,0
Tuvalu,11323,25,25,9,0,5,#N/A,#N/A,#N/A,#N/A,#N/A,#N/A,#N/A,#N/A,#N/A,#N/A,#N/A,#N/A,#N/A,#N/A,#N/A,#N/A,#N/A,#N/A,#N/A,#N/A,30,29.01,0,1,0
Uganda,38845000,16,43,9,-1,25,2551000,92256,21645,10630,23000,48528,434531,130,155411,38185,92324,900,213300,1579,166,1570,25330647,329472,483173,77770,199810,157250.47,0.0250989,0.9749011,0
Ukraine,42900000,39,11,15,1,5,22837900,7873710,50854,35437,22323600,4531872,75845,66573,113323,3091,62712,296,2264400,1100935,2810,11103,82819047,7601208,2506056,220541,579320,520808.68,0.00809462,0.99190538,0
United Arab Emirates,9446000,28,15,1,22,5,5500,9107,329928,2.9,30,155474,1120456,0.05,0,426664,1324925,0,0,934,2007,0,919323,1743553,6968977,882.05,83600,20565.6,0.01084746,0.98915254,0
United Kingdom of Great Britain and Northern Ireland,64704000,40,12,9,3,5,0,39363,1146015,0,15257000,3001372,2005545,19690,0,186922,669648,0,0,1818,778774,0,30503633,4428204,18998317,41380,241930,217011.21,0.10427378,0.89572622,0
United Republic of Tanzania,50757000,17,40,9,-1,5,4340823,18419,29650,32878.5,112658,102959,1134162,1082.87,1499629,36077,52185,11193.24,2500,550,374,28.79,24578521,584285,609996,101816.6,885800,697124.6,0.00782313,0.99217687,0
United States of America,321471000,37,13,8,3,5,313948608,46455931,837360,339895.1,54413312,34368823,3945395,184963.6,5595316,3481936,879370,10590.7,84191928,34318497,389097,298564.1,187621837,32298785,44924659,731263.5,9147420,6576994.98,0.01245147,0.520538538,0.467009992
Uruguay,3419000,34,14,9,-2,5,286200,43035,21330,809,2016300,1133490,40546,5934,1095881,560095,2223,1960,1830000,1813400,23034,8621,1731203,551829,915181,746,175020,162943.62,0.07728279,0.03727172,0.88544549
Uzbekistan,30739000,24,22,5,-1,8,256100,0,5166,264.71,6526700,137036,1984120,13641.43,79840,0,1491,229.41,0,0,3766,0,15690622,953845,851994,32164.45,425400,181645.8,0.00004536,0.99995464,0
Vanuatu,271000,21,29,5,0,6,783,0,29,14.02,0,0,11823,0,0,0,11237,0,0,0,21,0,467923,86608,20255,1435.98,12190,11787.73,0.01517241,0.98482759,0
Venezuela,30206000,26,20,5,0,NA,1653447,1,1182209,6102.76,237,92,1658683,7.45,544441,0,254101,1706.62,39000,0,137880,422.15,14901218,33414,2460589,25761.02,882050,821188.55,0.00001765,0.99998235,0
Viet Nam,90655000,29,17,7,0,NA,4835717,762,877847,11212.5538,0,67046,2486729,0,28279693,7354580,2491,76554.3968,266538,34300,909042,1813.8959,49651937,9698447,2534993,11932.1535,310070,297357.13,0.00230512,0.99769488,0
Yemen,25956000,18,36,8,-1,26,67367,13606,451879,444.91,232339,115617,2806805,1244.63,0,2059,327800,0,0,0,2,0,2689408,405953,1480685,12830.46,527970,129880.62,0,1,0
Zambia,15111000,16,45,11,-1,50,3020380,521409,3748,11017.85,237332,67191,24561,376.31,32956,32,6309,274.9,116539,1242,2430,599.88,6275520,348374,180468,24091.06,743390,585047.93,0.00201045,0.99798955,0
Zimbabwe,14707000,19,33,9,6,33,1452000,1021,531292,16000,23000,1451,547609,120,424,190,124661,3.04,80000,0,3271,560,2929443,-418253,1498958,26316.96,386850,304450.95,0.0001093,0.9998907,0
