country,continent,population,averageAge,birthRate,mortality,migration,undernourish,cornProduction,cornExports,cornImports,cornLand,wheatProduction,wheatExports,wheatImports,wheatLand,riceProduction,riceExports,riceImports,riceLand,soyProduction,soyExports,soyImports,soyLand,otherProduction,otherExports,otherImports,otherLand,landArea,arableOpen,organic,conventional,gmo,2015,2016,2017,2018,2019,2020,2021,2022,2023,2024,2025,2026,2027,2028,2029,2030,2031,2032,2033,2034,2035,2036,2037,2038,2039,2040,2041,2042,2043,2044,2045,2046,2047,2048,2049,2050
String,String,int,int,int,int,int,int,double,double,double,double,double,double,double,double,double,double,double,double,double,double,double,double,double,double,double,double,double,double,double,double,double,int,int,int,int,int,int,int,int,int,int,int,int,int,int,int,int,int,int,int,int,int,int,int,int,int,int,int,int,int,int,int,int,int,int,int,int
Afghanistan,Middle East,31281000,16,35,8,-3,24,300120,45,2885,1830,3388000,0,1758691,22320,448224,0,73110,2100,0,0,0,0,2602689,273980,980216,52850,652860,278771.22,0.00000759,0.99999241,0,32007,32730,33453,34181,34917,35667,36431,37207,37992,38781,39571,40360,41148,41934,42718,43500,44278,45051,45817,46574,47319,48051,48771,49475,50163,50834,51486,52119,52734,53331,53911,54473,55018,55545,56056,56551
Albania,Europe,2981000,32,12,7,-6,5,366400,210,51809,612,292800,3953,388748,692.19,0,37,20766,0,600,0,37,3.24,1764969,52335,337960,5652.57,27400,26084.8,0.00833333,0.99166667,0,3197,3207,3217,3226,3234,3243,3251,3260,3268,3276,3283,3290,3297,3303,3307,3311,3312,3312,3311,3308,3303,3296,3288,3278,3267,3255,3241,3227,3212,3196,3180,3163,3146,3128,3111,3094
Algeria,Africa,39106000,26,25,6,-1,5,575,0,3177667,2.46,2554926,4505,7486774,16724.31,183,5,85812,1.79,0,0,81,0,15175188,483266,4007848,67481.44,2381740,242937.48,0.00008194,0.99991806,0,40633,41316,41977,42615,43232,43830,44407,44961,45491,45998,46480,46939,47373,47787,48182,48561,48926,49276,49614,49944,50267,50584,50896,51204,51508,51810,52109,52406,52698,52985,53266,53538,53802,54056,54297,54522
Andorra,Europe,76000,42,8,3,-7,5,Err:520,Err:520,Err:520,Err:520,Err:520,Err:520,Err:520,Err:520,Err:520,Err:520,Err:520,Err:520,Err:520,Err:520,Err:520,Err:520,Err:520,Err:520,Err:520,Err:520,470,447.44,0,1,0,81,82,82,83,83,84,84,85,85,86,86,87,87,88,88,89,89,90,90,91,91,92,92,92,93,93,93,94,94,94,94,95,95,95,95,95
Angola,Africa,22364000,16,46,14,1,19,1262222,6,231903,17111.42,4000,106,813310,36.5,15480,0,217042,260.38,0,0,132,146.25,22245241,14069,871905,32345.45,1246700,1092109.2,0.000501,0.999499,0,22820,23521,24238,24971,25717,26475,27244,28023,28816,29623,30446,31286,32140,33008,33890,34783,35688,36603,37529,38465,39409,40362,41322,42290,43265,44245,45232,46223,47220,48221,49228,50239,51254,52273,53297,54324
Antigua and Barbuda,North America,89000,30,14,5,5,NA,90,0,203,0.45,0,21,10227,0,0,0,1741,0,0,0,9,0,13041,130,22860,49.55,440,394.68,0,1,0,92,93,94,95,96,96,97,98,99,100,101,102,103,103,104,105,106,106,107,108,108,109,110,110,111,111,112,112,113,113,113,114,114,114,115,115
Argentina,South America,42669000,30,19,7,0,5,23799830,16345221,6283,37478.38,14500520,9642591,7442,44960.78,1165966,734851,18398,2574.45,48878768,10820035,13019,187648.5,67001070,15738365,866416,117817.89,2736690,2547858.39,0.09721369,0.2804753082,0.6223110018,42155,42501,42840,43175,43507,43835,44162,44485,44803,45116,45423,45723,46017,46304,46584,46859,47128,47391,47648,47898,48143,48382,48614,48841,49061,49275,49481,49682,49875,50061,50241,50412,50577,50734,50883,51024
Armenia,Europe,3013000,32,14,9,-8,7,19120,0,52157,35.24,224082,345,383297,778.06,0,0,9369,0,0,0,6,0,2215254,32683,274699,4212.7,28470,7003.62,0.00149224,0.99850776,0,2989,2992,2993,2992,2991,2991,2991,2991,2991,2991,2989,2987,2984,2979,2975,2970,2965,2959,2953,2947,2940,2933,2926,2918,2910,2901,2892,2882,2871,2860,2849,2836,2824,2810,2796,2782
Australia,Oceania,23520000,37,13,6,10,5,356943,51424,29494,621.96,27410080,17815223,211609,135017.81,482430,295648,173343,757.83,29750,10233,9119,173.61,53435583,11927551,2849150,344208.79,7682300,6407038.2,0.23295478,0.756645453,0.010399767,23923,24223,24526,24832,25137,25440,25740,26038,26334,26628,26920,27208,27494,27777,28057,28336,28612,28886,29158,29429,29700,29969,30238,30507,30776,31045,31314,31583,31852,32122,32393,32664,32935,33205,33472,33735
Austria,Europe,8531000,42,9,9,6,5,2453133,366999,857197,2171,1781837,1021178,997643,3043.34,0,4690,40548,0,109378,53988,88325,381.23,9394839,2632933,4039814,8684.43,82409,77546.869,0.37997199,0.62002801,0,8558,8589,8621,8653,8684,8716,8748,8779,8810,8841,8871,8899,8928,8955,8981,9005,9029,9051,9073,9093,9113,9132,9150,9168,9185,9202,9219,9235,9251,9266,9282,9297,9313,9327,9341,9354
Azerbaijan,Europe,9538000,29,18,6,0,5,152306,0,74255,335.03,1594394,5704,1463704,6540.78,2465,18,18836,17.64,6,0,9220,0.1,4551810,693278,865165,14235.45,82658,21129,0.0103933,0.9896067,0,9613,9706,9795,9879,9957,10030,10097,10158,10213,10264,10309,10350,10387,10419,10448,10474,10498,10519,10538,10555,10570,10583,10594,10603,10610,10614,10615,10613,10608,10601,10590,10576,10559,10539,10517,10492
Bahamas,North America,373000,31,16,5,2,5,687,0,1217,0.94,0,16,18612,0,0,0,10584,0,0,0,31,0,137051,1418,117024,119.06,10010,8978.97,0,1,0,388,392,397,401,405,410,414,418,422,426,430,434,437,441,444,447,451,454,457,459,462,465,467,470,472,475,477,479,481,483,485,487,489,491,493,494
Bahrain,Middle East,1319000,30,15,2,20,5,Err:520,Err:520,Err:520,Err:520,Err:520,Err:520,Err:520,Err:520,Err:520,Err:520,Err:520,Err:520,Err:520,Err:520,Err:520,Err:520,Err:520,Err:520,Err:520,Err:520,760,186.96,0,1,0,1360,1381,1405,1431,1457,1480,1501,1520,1538,1555,1571,1586,1601,1615,1629,1642,1655,1668,1681,1693,1705,1717,1728,1739,1750,1760,1770,1779,1788,1796,1804,1811,1818,1824,1830,1835
Bangladesh,Asia,158513000,24,20,6,-3,17,1018287,0,552700,1655.42,972085,10956,3118232,3737.08,33768209,1124,1308032,115280,65883,0,129150,414.4,23016985,225972,4650352,-35806.9,130170,130000,0.00079855,0.9933384106,0.0058630394,160411,162285,164142,165977,167786,169566,171312,173019,174684,176307,177885,179417,180901,182336,183724,185064,186355,187598,188792,189940,191042,192098,193108,194072,194990,195861,196687,197467,198199,198882,199514,200095,200626,201109,201549,201948
Barbados,North America,284000,36,12,8,1,5,310,621,36534,0.9,0,6936,32488,0,0,59,5280,0,0,0,25590,0,308029,32279,94421,119.1,430,385.71,0,1,0,287,289,290,292,293,294,296,297,298,299,301,302,303,304,305,306,307,307,308,309,309,310,310,311,311,312,312,312,313,313,313,313,314,314,314,314
Belarus,Europe,9470000,39,13,13,1,5,1213124,51,84273,1839.47,2132369,47871,73808,6444.63,0,362,28059,0,0,21,9234,0,20028268,942620,1378696,48225.9,202910,182416.09,0,1,0,9260,9213,9167,9121,9075,9027,8979,8929,8878,8826,8773,8718,8662,8605,8547,8488,8429,8370,8310,8251,8192,8133,8075,8018,7962,7905,7850,7794,7740,7685,7630,7576,7522,7468,7414,7359
Belgium,Europe,11200000,41,11,10,4,5,859692,485180,1363134,720.25,1687749,2343848,4446731,2008.129,0,265646,415862,0,0,265015,575285,0,14676966,17365790,19761709,5741.621,30280,28493.48,0.06989374,0.93010626,0,11183,11222,11259,11295,11330,11364,11397,11431,11463,11495,11526,11555,11584,11611,11638,11664,11689,11714,11738,11761,11784,11806,11828,11849,11870,11890,11909,11928,11946,11964,11981,11997,12013,12028,12042,12055
Belize,North America,358000,22,23,4,6,6,62705,9456,937,194.52,0,1,18825,0,12727,421,139,44.55,666,0,41,3.41,1307286,364830,19189,827.52,22810,20825.53,0.01121495,0.98878505,0,348,355,363,371,379,386,394,402,409,417,424,432,439,447,454,461,469,476,483,490,497,504,511,517,524,530,537,543,550,556,562,568,574,579,585,590
Benin,Africa,10279000,18,37,10,0,12,1165957,4499,1325,8201.62,0,5775,91934,0,146491,397,365981,557.97,10000,347,2,170,8075693,424493,466574,20870.41,112760,64611.48,0.00057047,0.99942953,0,10880,11165,11454,11747,12044,12344,12647,12954,13263,13576,13891,14210,14531,14854,15179,15507,15836,16166,16498,16831,17165,17499,17834,18168,18503,18838,19172,19505,19839,20171,20502,20832,21160,21487,21813,22137
Bhutan,Asia,746000,24,22,6,0,5,Err:520,Err:520,Err:520,Err:520,Err:520,Err:520,Err:520,Err:520,Err:520,Err:520,Err:520,Err:520,Err:520,Err:520,Err:520,Err:520,Err:520,Err:520,Err:520,Err:520,38117,24928.518,0.05442478,0.94557522,0,776,787,796,805,814,822,831,839,847,855,863,871,878,885,891,898,904,910,916,921,927,932,936,941,945,950,954,957,961,964,967,970,973,976,978,980
Bolivia,South America,10305000,22,26,7,0,NA,1000746,1702,91278,3707.0961,182927,5907,370536,1879.85,285481,1945,5281,1782.73,1861038,27286,11489,11775.41,11290811,633544,288375,22454.9139,1083300,1008552.3,0.00786058,0.7517548046,0.2403846154,11025,11202,11379,11557,11735,11913,12092,12270,12448,12625,12801,12977,13151,13324,13496,13665,13833,13999,14163,14326,14486,14644,14801,14955,15107,15257,15404,15549,15692,15833,15971,16106,16238,16368,16496,16621
Bosnia and Herzegovina,Europe,3828000,39,8,9,0,NA,764119,3178,169293,1959.7,210004,20871,466532,584,0,72,7379,0,6748,269,22457,38.84,1726862,209219,682317,8487.46,51000,48552,0.00030714,0.99969286,0,3820,3814,3808,3802,3796,3789,3782,3775,3767,3759,3751,3742,3733,3723,3712,3700,3688,3674,3660,3645,3628,3611,3594,3575,3556,3537,3517,3496,3476,3455,3435,3414,3393,3373,3352,3332
Botswana,Africa,2039000,22,24,17,2,29,29070,23870,90214,1014.25,0,1836,97067,0,0,1000,23160,0,0,0,3182,0,208539,20262,327499,2245.75,566730,442616.13,0,1,0,2056,2075,2093,2112,2131,2150,2169,2188,2207,2226,2245,2265,2286,2306,2327,2348,2369,2390,2411,2433,2454,2476,2498,2520,2542,2564,2586,2608,2630,2652,2674,2695,2717,2738,2759,2780
Brazil,South America,202769000,29,15,6,0,5,55660240,9618518,682370,132188.92,5690043,2424018,6789920,21389.16,8989152,1282166,564729,27528.91,74815448,32985895,41079,239686.63,876679579,36723331,4439551,372936.38,8358140,7781428.34,0.00865584,0.4596772204,0.5316669396,203657,205231,206760,208247,209694,211102,212471,213800,215085,216326,217519,218664,219760,220806,221803,222748,223643,224486,225278,226019,226709,227348,227937,228476,228964,229403,229792,230132,230424,230666,230860,231006,231104,231155,231160,231120
Brunei Darussalam,Asia,419000,29,16,3,1,5,0,0,5772,0,0,20,16268,0,987,4805,34059,16.04,0,2,721,0,22075,37,85885,83.96,5270,5053.93,0,1,0,429,434,439,444,449,454,459,464,469,473,478,482,487,491,495,499,503,507,511,514,518,521,524,527,529,532,534,536,538,539,541,542,543,544,545,546
Bulgaria,Europe,7226000,42,9,14,0,5,2209200,984311,91438,3994,4458492,2398075,91569,11376.42,39766,31035,25150,117.91,680,3141,7712,5.88,4300630,2642432,1160820,18605.79,108560,97595.44,0.00733724,0.99266276,0,7113,7057,7000,6943,6885,6827,6768,6709,6649,6588,6527,6465,6402,6339,6276,6213,6150,6088,6025,5964,5903,5843,5784,5725,5668,5611,5556,5501,5447,5393,5340,5286,5234,5181,5129,5077
Burkina Faso,Africa,17886000,17,43,11,-2,5,1076753,16310,3628,7011.96,0,6,141530,0,160658,0,334889,1362.68,23056,0,0,259.84,4650954,325082,218586,49065.52,273600,156772.8,0.00341421,0.9099306773,0.0866551127,17915,18420,18935,19460,19996,20542,21099,21666,22243,22830,23428,24036,24653,25281,25918,26564,27220,27885,28558,29239,29928,30624,31326,32036,32751,33472,34199,34931,35667,36408,37154,37902,38655,39411,40170,40932
Burundi,Africa,10483000,18,45,13,0,5,Err:520,Err:520,Err:520,Err:520,Err:520,Err:520,Err:520,Err:520,Err:520,Err:520,Err:520,Err:520,Err:520,Err:520,Err:520,Err:520,Err:520,Err:520,Err:520,Err:520,25680,20210.16,0.00039286,0.99960714,0,10813,11153,11501,11857,12217,12579,12943,13310,13679,14052,14429,14809,15195,15586,15984,16392,16810,17238,17677,18127,18590,19065,19552,20051,20561,21082,21613,22153,22702,23258,23820,24387,24959,25534,26112,26691
Cabo Verde,Africa,508000,24,22,5,-7,5,5569,0,18223,313.18,0,111,26484,0,0,0,32902,0,0,0,6,0,95477,20,81432,186.82,4030,2309.19,0,1,0,508,513,517,522,527,531,536,541,546,550,555,559,564,568,573,577,581,585,589,592,596,600,603,606,610,613,616,618,621,624,626,628,630,632,634,636
Cambodia,Asia,14804000,23,24,6,-2,17,717000,29945,10652,1742.57,0,884,35628,0,5855593,181031,12604,29685.29,114603,7334,102,705.84,9833242,143199,155500,9416.3,176520,169282.68,0.00199278,0.99800722,0,15677,15940,16197,16450,16700,16947,17191,17432,17667,17897,18120,18335,18544,18747,18946,19144,19339,19533,19725,19915,20104,20292,20478,20662,20844,21023,21199,21371,21539,21703,21861,22014,22161,22302,22438,22569
Cameroon,Africa,22789000,18,39,12,-1,12,1572067,986,27983,7521.27,950,3790,458639,6.8,116117,1502,495454,1550.52,13077,0,10,158.02,18867583,283150,286105,68263.39,472710,414093.96,0.00010323,0.99989677,0,23393,23977,24571,25174,25785,26405,27033,27669,28313,28966,29628,30299,30980,31669,32367,33074,33790,34515,35249,35990,36739,37495,38258,39027,39803,40584,41370,42161,42956,43755,44556,45361,46167,46976,47787,48599
Canada,North America,35549000,40,11,7,8,5,10688700,1205117,1234656,12017,25261400,17339202,926130,85436,0,4216,358032,0,4246300,2651153,296323,15424,41703637,24850147,11183728,366063,9093510,6538233.69,0.01756379,0.7402346816,0.2422015284,35871,36222,36575,36927,37274,37612,37941,38262,38575,38882,39185,39483,39776,40063,40344,40617,40883,41142,41395,41642,41885,42123,42358,42588,42816,43042,43265,43486,43705,43924,44144,44363,44583,44802,45017,45228
Central African Republic,Africa,4779000,19,47,15,0,5,160000,0,13751,952.13,0,0,43527,0,26680,0,876,250,0,0,0,0,2111911,0,27231,17597.87,622980,545730.48,0,1,0,4803,4898,4993,5090,5188,5286,5386,5488,5589,5692,5795,5899,6003,6108,6213,6318,6425,6531,6639,6746,6854,6963,7071,7180,7290,7399,7509,7619,7729,7839,7948,8058,8167,8276,8384,8491
Chad,Africa,13285000,16,48,15,-2,40,195000,0,14669,2000,1722,0,104632,8.7,115102,0,1007,1300,0,0,0,0,3181235,512,165760,46011.3,1259200,1103059.2,0,1,0,13606,14009,14422,14846,15283,15733,16199,16678,17170,17673,18185,18706,19235,19773,20321,20878,21443,22017,22600,23190,23788,24394,25008,25628,26255,26888,27527,28172,28822,29478,30140,30807,31478,32154,32834,33516
Chile,South America,17711000,32,14,6,0,5,1437561,49451,713156,1198.19,1575822,215266,780314,2714.15,86960,355,109832,251.21,0,10759,139031,0,13601733,4854179,2691203,13280.45,743532,692228.292,0.0165673,0.9547695493,0.0286631507,17924,18073,18220,18365,18506,18645,18781,18913,19041,19165,19285,19400,19511,19617,19718,19815,19907,19994,20076,20154,20228,20297,20362,20423,20480,20532,20580,20624,20665,20701,20734,20763,20788,20810,20827,20839
China,Asia,1395325666,35,12,7,0,12,192904224,542546,6020582,335598.54,117414034,821874,3280208,242722.45,135179001,556262,1078284,303112.95,14485105,281866,54845656,78890.55,1089764533,27119030,48847885,265000.51,9424700.9,6201453.192,0.0155469,0.9526248095,0.0318282905,1432912,1440347,1447286,1453674,1459461,1464616,1469104,1472927,1476135,1478806,1481002,1482739,1484017,1484864,1485313,1485388,1485108,1484482,1483511,1482190,1480517,1478500,1476145,1473450,1470409,1467019,1463287,1459219,1454816,1450076,1445004,1439606,1433899,1427904,1421646,1415149
Colombia,South America,47662000,27,19,6,-2,15,1681257,30376,3234579,6015.165,11821,35343,1603702,79.89,1356593,160,41996,5077.09,75436,378,276105,346.57,61732972,3264905,2210393,22571.285,1109500,1032944.5,0.01202699,0.9586388944,0.0293341156,49529,50119,50700,51270,51830,52379,52917,53444,53960,54464,54955,55433,55899,56352,56792,57219,57634,58036,58424,58799,59160,59507,59840,60159,60465,60757,61036,61302,61554,61793,62018,62228,62425,62609,62781,62942
Comoros,Africa,748000,19,34,9,-3,NA,Err:520,Err:520,Err:520,Err:520,Err:520,Err:520,Err:520,Err:520,Err:520,Err:520,Err:520,Err:520,Err:520,Err:520,Err:520,Err:520,Err:520,Err:520,Err:520,Err:520,1861,1464.607,0.01830986,0.98169014,0,770,788,806,823,842,860,878,897,916,935,954,974,995,1015,1036,1057,1079,1101,1123,1145,1167,1190,1213,1235,1258,1281,1304,1327,1349,1372,1395,1417,1440,1462,1485,1508
Congo,Africa,4559000,19,38,10,-2,33,12000,0,7253,132,0,1070,227845,0,1134,0,167059,31.42,0,0,6,0,2428791,10729,121379,5796.58,341500,299154,0,1,0,4671,4785,4901,5019,5141,5268,5400,5536,5678,5822,5970,6121,6274,6430,6590,6754,6921,7091,7265,7442,7621,7803,7988,8175,8365,8556,8750,8945,9143,9342,9544,9747,9952,10159,10367,10577
Costa Rica,North America,4773000,28,15,4,2,NA,18501,12455,612351,82.08,0,79695,285330,0,186076,5742,58772,811.16,0,54,212561,0,10404515,5407725,713393,5006.76,51060,46617.78,0.01627119,0.8989830473,0.0847457627,5002,5064,5124,5183,5240,5295,5349,5402,5453,5502,5549,5594,5638,5680,5721,5760,5797,5832,5866,5898,5928,5957,5984,6009,6033,6055,6076,6095,6112,6128,6142,6155,6166,6175,6183,6189
Cote d'Ivoire,Africa,20805000,19,37,14,1,5,621790,5368,16114,3278,0,127798,472924,0,468523,36014,1075686,3796.94,887,0,1,9.34,14643281,1250263,1380719,66915.72,318000,182214,0.0027973,0.9972027,0,21295,21784,22274,22765,23263,23770,24285,24807,25336,25872,26414,26963,27519,28081,28650,29227,29811,30403,31002,31609,32225,32849,33481,34122,34770,35426,36090,36761,37439,38123,38813,39509,40209,40915,41625,42339
Croatia,Europe,4238000,42,10,13,-1,5,1733664,165970,53401,3051.3,782499,158070,105583,1497.97,0,165,10816,0,147271,54701,3907,588.96,2919040,660501,1297385,4658.77,55960,53273.92,0.03266306,0.96733694,0,4255,4240,4225,4211,4197,4183,4167,4151,4135,4119,4102,4085,4068,4051,4033,4015,3997,3979,3960,3941,3922,3902,3882,3862,3842,3821,3800,3779,3758,3736,3715,3693,3671,3649,3628,3606
Cuba,North America,11150000,38,11,8,-4,5,354000,0,713044,1433.18,0,1057,828088,0,377789,0,552331,2080.46,0,0,132134,0,22882247,702509,687515,36226.36,106440,95476.68,0.00055611,0.9868621084,0.0125817816,11249,11236,11221,11204,11184,11162,11137,11110,11080,11050,11019,10988,10956,10923,10887,10847,10804,10757,10707,10653,10597,10537,10474,10408,10339,10267,10193,10115,10034,9950,9864,9774,9682,9588,9491,9392
Cyprus,Europe,1157000,34,13,7,-2,5,0,53,189545,0,24898,9642,142308,111.2,0,94,6198,0,0,0,68,0,460137,245604,420400,1092.8,9240,2273.04,0.02965116,0.97034884,0,1165,1176,1187,1198,1209,1219,1229,1239,1248,1257,1266,1274,1283,1291,1299,1306,1313,1319,1325,1330,1334,1339,1342,1346,1349,1351,1354,1355,1357,1358,1359,1359,1359,1358,1357,1356
Czech Republic,Europe,10511000,40,10,10,0,5,761000,335953,46373,1100,4913048,1650532,363744,8631.32,0,13217,64411,0,17934,2614,30392,75.84,9807978,2155557,2897210,22592.84,77240,69438.76,0.14907407,0.8354938312,0.0154320988,10777,10812,10844,10873,10900,10924,10948,10969,10988,11005,11019,11030,11038,11044,11049,11053,11056,11059,11061,11064,11067,11072,11078,11084,11092,11101,11111,11121,11133,11145,11158,11171,11184,11196,11208,11218
Democratic People's Republic of Korea,Asia,24851627,33,15,9,0,5,1857000,0,148415,5030,127000,0,299242,630,1653493,0,101805,5710,350000,0,26400,3000,7853914,13547,158675,11430,120410,79229.78,0,1,0,25155,25282,25406,25529,25649,25766,25881,25994,26102,26206,26306,26400,26489,26572,26648,26719,26782,26839,26890,26934,26972,27005,27032,27054,27072,27086,27097,27106,27111,27114,27114,27111,27106,27098,27088,27076
Democratic Republic of the Congo,Africa,71167000,17,46,16,0,5,Err:520,Err:520,Err:520,Err:520,Err:520,Err:520,Err:520,Err:520,Err:520,Err:520,Err:520,Err:520,Err:520,Err:520,Err:520,Err:520,Err:520,Err:520,Err:520,Err:520,2267050,1985935.8,0.00526316,0.99473684,0,71246,73173,75137,77140,79178,81252,83359,85499,87673,89879,92117,94385,96684,99010,101364,103743,106146,108573,111023,113495,115989,118505,121041,123595,126167,128755,131357,133973,136602,139244,141899,144565,147240,149923,152607,155291
Denmark,Europe,5639000,41,10,9,5,5,0,21799,81773,106,4831000,1057988,786505,7470,0,9274,45632,0,0,123,81643,0,9998330,2737079,2966040,17454,42430,38059.71,0.06480224,0.93519776,0,5768,5791,5813,5836,5859,5882,5906,5930,5953,5977,6001,6025,6048,6072,6094,6116,6137,6158,6178,6197,6217,6235,6252,6269,6286,6303,6318,6334,6350,6366,6381,6398,6415,6430,6447,6464
Djibouti,Africa,886000,22,28,9,-4,22,14,0,973,0.07,0,24,605164,0,0,0,47638,0,0,0,0,0,41174,111765,487245,19.93,23180,18242.66,0,1,0,900,913,926,939,952,965,977,989,1001,1012,1023,1034,1045,1055,1065,1075,1085,1094,1104,1113,1123,1132,1141,1150,1159,1168,1177,1185,1194,1202,1210,1217,1225,1232,1238,1244
Dominica,North America,70625,32,13,8,-6,NA,140,0,1013,1,0,32,3646,0,0,0,524,0,0,0,4,0,106756,7756,8234,239,750,672.75,0.01,0.99,0,73,73,73,74,74,74,75,75,75,76,76,76,76,77,77,77,77,77,77,77,77,77,77,77,77,77,77,77,77,77,77,77,76,76,76,76
Dominican Republic,North America,10378000,25,21,6,-3,NA,35431,618,1043403,218.32,0,8365,632010,0,583418,12254,20394,1747.38,0,0,8500,0,9452807,732906,456792,10934.3,48320,43343.04,0.14496124,0.85503876,0,10652,10773,10892,11009,11123,11235,11345,11452,11557,11659,11759,11856,11951,12043,12132,12219,12302,12383,12461,12536,12608,12678,12744,12807,12867,12924,12978,13029,13076,13120,13161,13199,13234,13265,13294,13320
Ecuador,South America,16027000,25,23,5,0,13,963262,4178,551297,5777.84,5938,3036,622645,64.2,985787,44255,239,3299.57,71000,115,385,480,18841758,7210356,711058,15730.39,248360,231223.16,0.02059009,0.97940991,0,16226,16467,16707,16945,17181,17416,17649,17881,18110,18338,18563,18785,19005,19222,19437,19649,19857,20063,20265,20464,20658,20849,21036,21218,21397,21571,21741,21906,22066,22222,22374,22520,22662,22800,22932,23061
Egypt,Africa,87900000,24,32,6,-1,5,6876473,9120,7121043,8883.29,8407126,180725,9836277,12849.46,3785243,43819,101195,5931.85,29785,85,1712450,95.48,61808518,4400993,3921802,8439.92,995450,101535.9,0.02265193,0.97734807,0,84706,86010,87298,88569,89824,91062,92282,93484,94668,95836,96989,98127,99249,100360,101460,102553,103638,104716,105786,106847,107900,108944,109977,111000,112008,113001,113977,114936,115876,116794,117689,118559,119405,120227,121024,121798
El Salvador,North America,6384000,23,20,7,-7,5,756352,88876,613297,2683.92,0,138197,318795,0,17068,8262,65348,46.71,4611,18,279,25.82,7374546,613289,945264,6353.55,20720,18917.36,0.00738749,0.99261251,0,6426,6467,6506,6544,6580,6614,6647,6677,6705,6732,6759,6784,6809,6833,6855,6875,6892,6908,6921,6932,6943,6951,6958,6964,6968,6971,6972,6972,6970,6966,6961,6954,6945,6935,6924,6912
Equatorial Guinea,Africa,778000,20,36,13,5,5,Err:520,Err:520,Err:520,Err:520,Err:520,Err:520,Err:520,Err:520,Err:520,Err:520,Err:520,Err:520,Err:520,Err:520,Err:520,Err:520,Err:520,Err:520,Err:520,Err:520,28050,24571.8,0,1,0,799,821,843,865,887,909,932,954,977,1000,1023,1046,1069,1092,1115,1139,1162,1186,1210,1233,1257,1281,1305,1329,1354,1378,1402,1427,1451,1476,1500,1525,1550,1574,1599,1623
Eritrea,Africa,6536000,18,33,7,2,5,Err:520,Err:520,Err:520,Err:520,Err:520,Err:520,Err:520,Err:520,Err:520,Err:520,Err:520,Err:520,Err:520,Err:520,Err:520,Err:520,Err:520,Err:520,Err:520,Err:520,101000,79487,0,1,0,6738,6937,7135,7331,7529,7727,7927,8128,8330,8533,8737,8943,9149,9358,9569,9782,9999,10217,10438,10662,10888,11115,11345,11576,11807,12040,12272,12504,12736,12967,13196,13424,13649,13873,14095,14314
Estonia,Europe,1308000,40,11,12,-5,5,0,1400,23395,0,360400,133128,102300,1289,0,510,3756,0,0,372,2021,0,852349,387522,410337,5091,42390,38023.83,0.21003135,0.78996865,0,1280,1277,1273,1269,1265,1261,1256,1252,1248,1243,1238,1233,1228,1223,1217,1212,1207,1202,1196,1191,1186,1181,1176,1172,1167,1163,1159,1154,1150,1146,1142,1138,1133,1129,1125,1121
Ethiopia,Africa,95933000,17,28,8,0,37,6069413,60180,31015,20547.24,2916334,3449,1734330,14374.85,59109,8,72389,306.49,35880,1004,1467,193.97,24701545,680269,760438,127829.45,1000000,787000,0.00858795,0.99141205,0,98942,101407,103901,106419,108961,111521,114100,116694,119300,121916,124537,127162,129789,132416,135043,137670,140293,142912,145525,148132,150731,153322,155902,158468,161019,163553,166066,168559,171029,173475,175896,178290,180656,182992,185298,187573
Fiji,Oceania,864000,26,21,8,-6,5,1011,29,1211,4.85,0,47338,108369,0,5279,617,31309,28.13,0,2,230,0,2680797,160811,132368,2467.02,18270,17667.09,0.008,0.992,0,893,898,903,908,912,916,920,923,926,929,931,933,935,937,938,939,940,941,942,942,942,942,942,942,941,940,939,937,936,934,932,929,927,924,921,918
Finland,Europe,5463000,42,11,9,3,5,0,9,5603,0,974800,240388,181811,2546,0,882,25840,0,0,2,6504,0,4684878,1198992,1364736,20000,303890,272589.33,0.08338508,0.91661492,0,5461,5478,5494,5511,5527,5542,5556,5570,5583,5596,5607,5618,5627,5636,5643,5650,5655,5660,5663,5666,5669,5670,5671,5672,5673,5673,5674,5675,5676,5677,5679,5681,5684,5687,5690,5693
France,Europe,66726666,40,12,9,1,5,15913300,6657943,828083,15956,35994000,22129947,2063412,58254,85576,98070,489348,218,122524,34236,675239,415.71,90182089,20437955,18316308,117986.29,547557,515251.137,0.05056786,0.94943214,0,67815,68179,68534,68882,69222,69554,69877,70190,70498,70800,71100,71398,71695,71987,72278,72561,72839,73111,73377,73637,73889,74135,74372,74604,74825,75041,75250,75453,75648,75839,76028,76209,76391,76566,76742,76911
Gabon,Africa,1711000,21,32,9,1,5,43500,0,6678,260,0,0,108478,0,1125,8,64122,6.11,3500,0,1749,40,1209192,1053,104284,4643.89,257670,225718.92,0,1,0,1751,1791,1832,1872,1913,1955,1996,2038,2080,2122,2165,2208,2251,2294,2338,2382,2427,2472,2517,2562,2608,2654,2700,2746,2793,2840,2887,2933,2980,3027,3073,3119,3165,3211,3257,3302
Gambia,Africa,1909000,17,41,10,-2,7,23613,0,984,252.56,0,1493,71343,0,34108,353,74570,420.26,0,0,19,0,224048,46485,237757,3877.18,10120,5798.76,0,1,0,1970,2033,2097,2162,2229,2297,2367,2438,2511,2585,2660,2737,2815,2894,2975,3056,3139,3224,3309,3395,3483,3571,3660,3750,3841,3933,4025,4117,4210,4304,4397,4491,4585,4678,4772,4866
Georgia,Europe,4785000,37,13,11,-1,10,269600,2079,26213,1179,96800,20212,675468,468,0,188,11139,0,1500,0,12,6,971127,100886,441438,3621,69490,17094.54,0.00379219,0.99620781,0,4305,4286,4266,4246,4224,4202,4179,4155,4130,4105,4080,4054,4029,4003,3978,3953,3929,3905,3882,3860,3838,3817,3796,3776,3757,3738,3719,3701,3683,3665,3647,3630,3613,3596,3579,3563
Germany,Europe,80900000,44,8,11,5,5,5184000,908635,2196818,4879,22800000,8613483,5965843,32482,0,121344,415955,0,2000,46862,3192775,10,74663270,16247003,30454152,83379,348560,327994.96,0.08410766,0.91589234,0,82562,82453,82331,82194,82044,81881,81706,81517,81314,81098,80869,80627,80373,80109,79834,79552,79261,78962,78657,78345,78027,77704,77375,77040,76700,76354,76001,75643,75279,74909,74533,74152,73764,73371,72972,72566
Ghana,Africa,27045000,20,34,9,-1,5,1683984,701,13226,10231.77,0,5780,475212,0,309471,68,557902,1974.8,0,18,282,0,29071815,693626,1358446,61993.43,227540,130380.42,0.00268194,0.99731806,0,26984,27532,28083,28638,29192,29746,30299,30852,31405,31957,32509,33060,33612,34162,34713,35264,35815,36366,36916,37466,38014,38560,39104,39645,40182,40715,41241,41762,42277,42785,43285,43778,44264,44741,45209,45670
Greece,Europe,10972000,42,9,11,-4,5,2165790,37205,456924,1818,1702020,483915,1057814,5440,170085,128667,57694,324,4000,110,266354,20,11663170,2748172,2025764,29288,128900,122712.8,0.05565194,0.94434806,0,11126,11120,11111,11100,11089,11079,11070,11061,11053,11045,11035,11024,11013,11000,10988,10976,10964,10952,10940,10928,10917,10906,10894,10883,10870,10858,10844,10830,10814,10798,10780,10761,10740,10718,10693,10668
Grenada,North America,111582,25,16,7,-2,5,354,0,11000,3.43,0,1289,25451,0,0,0,1024,0,0,0,1,0,36979,744,13760,96.57,340,304.98,0.009,0.991,0,107,107,107,108,108,108,108,109,109,109,109,108,108,108,108,107,107,107,106,106,105,105,104,104,103,103,102,101,101,100,99,98,98,97,96,95
Guatemala,North America,15860000,19,31,5,-1,15,1672241,18911,775518,8410.94,9000,131931,655970,7,20264,2100,61356,98.05,37000,62,13796,140,29846188,4409406,690778,16024.01,107160,97837.08,0.00542139,0.99457861,0,16255,16653,17055,17460,17869,18281,18698,19118,19541,19966,20394,20825,21257,21692,22128,22566,23006,23447,23888,24331,24775,25220,25665,26110,26556,27002,27448,27895,28340,28785,29229,29672,30113,30553,30991,31426
Guinea,Africa,11579000,18,38,12,0,18,611000,0,2022,4850,0,10000,120016,0,1113890,44,149802,8800,0,0,0,0,4681474,24536,281685,22350,245720,140797.56,0,1,0,12348,12656,12968,13284,13604,13927,14253,14583,14915,15251,15590,15932,16276,16623,16972,17322,17674,18027,18382,18738,19095,19454,19814,20175,20537,20898,21259,21619,21979,22338,22697,23054,23409,23763,24116,24466
Guinea-Bissau,Africa,1746000,19,38,13,-1,22,8000,0,153,110,0,0,12154,0,116867,0,64953,1063,0,0,0,0,529206,139865,31573,4327,28120,16112.76,0,1,0,1788,1830,1873,1916,1960,2004,2049,2094,2140,2186,2233,2280,2327,2375,2424,2473,2522,2572,2622,2672,2723,2774,2825,2877,2929,2981,3033,3085,3138,3190,3243,3295,3347,3400,3452,3504
Guyana,South America,745000,22,20,7,-15,12,4900,5,34656,34,0,4121,47232,0,268070,72858,95,1404,0,1,306,0,3611330,281635,84982,3042,196850,183267.35,0.009375,0.990625,0,808,811,815,819,822,825,829,832,835,838,841,844,846,849,851,853,854,855,856,856,856,856,855,854,853,851,849,846,843,840,837,833,829,824,820,815
Haiti,North America,10753000,21,28,9,-3,50,360000,0,10292,4200,0,0,124269,0,96090,0,395763,605,0,0,1,0,3631788,11181,363623,8595,27560,24721.32,0.0006791,0.9993209,0,10604,10744,10882,11019,11154,11288,11421,11552,11681,11809,11935,12059,12181,12302,12420,12537,12651,12764,12874,12983,13089,13192,13293,13392,13488,13581,13671,13759,13844,13926,14004,14080,14152,14222,14289,14353
Honduras,North America,8200000,21,24,5,-1,15,583020,2119,484988,3284.24,1089,45921,325960,27.17,32618,4182,107862,85.22,2000,9,5508,8.8,11017585,1363306,316605,11294.57,111890,102155.57,0.01619048,0.9497959146,0.0340136054,8424,8587,8749,8911,9073,9235,9397,9558,9718,9877,10035,10193,10349,10505,10658,10811,10962,11112,11260,11406,11551,11694,11835,11975,12112,12248,12382,12514,12644,12771,12896,13019,13139,13256,13371,13484
Hungary,Europe,9893000,40,9,13,1,5,7992000,3708498,124502,12300,4107000,1532196,294526,9780,6053,7905,37794,28,94955,42364,26763,410.09,8322032,3918306,1737503,23261.91,90530,81386.47,0.02717344,0.97282656,0,9911,9890,9868,9845,9823,9799,9775,9751,9725,9699,9672,9644,9616,9586,9556,9525,9494,9462,9430,9398,9366,9334,9303,9272,9242,9213,9184,9156,9129,9102,9076,9051,9027,9003,8979,8954
Iceland,Europe,328000,35,13,7,5,5,0,0,21778,0,0,132,54009,0,0,0,1278,0,0,0,41,0,20388,258,109510,1222,100250,89924.25,0.06710311,0.93289689,0,337,340,344,347,351,354,358,361,364,367,370,373,376,378,381,384,386,388,390,393,395,397,398,400,402,404,405,407,408,409,410,412,413,413,414,415
India,Asia,1296245000,25,22,7,0,15,21760000,4128740,16658,87800,86874000,784406,16770,290686,105319299,5044574,12224,439700,12214000,45939,778,101800,700461074,10100874,13378166,773754,2973190,1944466.26,0.00640181,0.9251107008,0.0684874892,1282390,1297075,1311476,1325620,1339553,1353305,1366878,1380244,1393372,1406216,1418744,1430941,1442807,1454336,1465527,1476378,1486882,1497034,1506832,1516277,1525369,1534107,1542491,1550519,1558192,1565509,1572471,1579082,1585347,1591276,1596877,1602152,1607104,1611736,1616051,1620051
Indonesia,Asia,251452000,27,20,6,-1,11,17629030,78608,3350603,38646.92,0,188484,6589987,0,43849207,15855,2826435,132036.43,843838,2844,2092134,6222.54,134582531,23703565,7544854,278094.11,1811570,1737295.63,0.00162637,0.99837363,0,255709,258553,261341,264077,266766,269413,272018,274580,277098,279576,282011,284405,286755,289055,291299,293482,295602,297656,299640,301550,303382,305135,306806,308396,309905,311334,312682,313949,315138,316247,317280,318236,319119,319934,320685,321377
Iran,Middle East,77356000,27,19,5,0,NA,2746562,6058,3646989,5740.88,12339360,361518,75428,63755.94,1831957,5270,1194261,5740.88,170000,1502,838033,700,56749998,3124151,4823252,118392.3,1628550,400623.3,0.00222817,0.99777183,0,79476,80460,81423,82360,83269,84149,84995,85808,86588,87339,88064,88764,89437,90088,90720,91336,91938,92525,93098,93659,94209,94746,95272,95786,96286,96772,97242,97696,98133,98552,98950,99327,99682,100013,100319,100598
Iraq,Middle East,35111000,19,31,5,1,25,335710,0,2017,1287.36,2808900,2398,4087013,14366.14,156824,46,851574,657.45,51,0,8287,0.4,6597953,139920,2698228,22488.65,434320,106842.72,0,1,0,35767,36752,37729,38706,39694,40699,41725,42764,43811,44856,45892,46916,47931,48941,49951,50967,51988,53014,54044,55074,56105,57135,58164,59193,60222,61249,62275,63299,64321,65338,66352,67360,68363,69360,70351,71336
Ireland,Europe,4607000,34,15,7,-7,5,0,58505,331555,0,929000,237431,643337,942,0,548,18525,0,0,1130,15252,0,2319755,557407,2183615,9688,68890,61794.33,0.05079962,0.94920038,0,4727,4776,4824,4872,4919,4963,5007,5049,5089,5129,5167,5204,5241,5277,5312,5347,5381,5416,5450,5484,5519,5553,5587,5621,5655,5688,5721,5754,5787,5818,5850,5880,5910,5939,5967,5994
Israel,Middle East,12608000,30,21,5,3,5,96375,42753,1316602,28.5,122024,27452,1660636,606.2,0,87,91553,0,0,6,423798,0,3892990,1515593,1871553,3135.3,21640,5323.44,0,1,0,12469,12691,12924,13164,13406,13647,13886,14124,14362,14600,14840,15079,15320,15560,15801,16042,16284,16526,16769,17011,17253,17495,17737,17978,18218,18457,18696,18933,19168,19401,19632,19860,20087,20310,20532,20749
Italy,Europe,61339000,43,9,10,3,5,9752592,460356,2834429,9948.31,6641806,3686846,7732329,17325.8,993930,744560,133895,2465,564638,90257,1241563,1659.55,44622361,12306099,13483340,61007.34,294140,280021.28,0.11871523,0.88128477,0,61142,61211,61272,61325,61363,61386,61393,61388,61375,61356,61335,61313,61290,61266,61240,61212,61181,61149,61115,61079,61041,61001,60958,60913,60864,60812,60755,60694,60629,60559,60484,60403,60318,60225,60125,60015
Jamaica,North America,2721000,27,18,7,-5,8,2723,288,268504,21.44,0,11726,207227,0,157,2,72219,0.545,0,31,554,0,2766045,167845,286841,2178.015,10830,9714.51,0.00245455,0.99754545,0,2813,2827,2840,2853,2866,2877,2889,2899,2909,2918,2926,2933,2939,2943,2947,2950,2951,2952,2951,2950,2947,2944,2940,2935,2929,2922,2914,2905,2896,2886,2875,2863,2850,2837,2823,2808
Japan,Asia,127060000,45,8,10,1,5,165,798,15287070,0.64,746300,282470,6562481,2115,5713522,20397,592408,15760,218800,3704,2830842,1367,26370068,124942,18396555,26367.36,364555,239877.19,0.00206095,0.99793905,0,126818,126598,126342,126052,125731,125382,125006,124604,124177,123728,123256,122765,122254,121726,121183,120625,120054,119471,118878,118275,117663,117043,116417,115786,115153,114517,113881,113246,112612,111983,111359,110740,110128,109523,108923,108329
Jordan,Middle East,7558000,22,28,4,-8,5,16460,8811,572476,7.96,19801,42293,1142728,143.3,0,1146,140549,0,0,8287,75,0,2497718,1016201,1472032,2454.74,88780,21839.88,0.00997698,0.99002302,0,7690,7820,7902,7956,8011,8087,8191,8318,8460,8604,8742,8871,8995,9116,9235,9355,9476,9596,9715,9834,9952,10070,10186,10302,10416,10528,10638,10746,10852,10955,11056,11153,11247,11338,11426,11510
Kazakhstan,Middle East,17285000,29,23,8,0,5,482000,12790,5705,967,22732000,5362721,164324,136864,231316,64605,15679,933,133100,6449,836,701,12479211,895893,2469438,101635,2699700,1152771.9,0.0081377,0.9918623,0,16770,16931,17086,17237,17381,17519,17652,17777,17896,18009,18116,18216,18310,18400,18487,18573,18658,18742,18826,18911,18997,19085,19173,19263,19352,19441,19529,19615,19700,19782,19859,19933,20003,20069,20129,20186
Kenya,Africa,43210000,19,34,9,0,24,3376862,14923,313653,21318.87,268482,5036,1560993,1315.09,74190,7366,373246,280.31,4335,89,5694,17.34,15982098,464352,956289,38368.39,569140,447913.18,0.00081077,0.99918923,0,46749,47959,49179,50409,51651,52906,54173,55453,56747,58057,59386,60733,62099,63483,64885,66306,67745,69202,70675,72164,73666,75182,76710,78250,79798,81354,82916,84484,86057,87636,89219,90807,92398,93991,95583,97173
Kiribati,Oceania,111000,23,30,9,-1,5,0,0,4,0,0,0,6045,0,0,0,10568,0,0,0,56,0,192376,24182,8004,340,810,783.27,0,1,0,106,107,109,111,112,114,116,117,119,121,123,124,126,128,129,131,132,134,135,137,138,139,141,142,143,144,146,147,148,149,150,152,153,154,155,156
Kuwait,Middle East,3656000,28,18,2,35,5,17991,6,153550,8.92,1705,56380,387565,7.35,0,4,293419,0,0,0,124,0,389268,127791,876124,148.73,17820,4383.72,0,1,0,3583,3680,3769,3852,3933,4015,4098,4182,4266,4350,4432,4513,4594,4674,4754,4833,4912,4990,5068,5146,5224,5302,5379,5457,5534,5610,5687,5763,5838,5913,5987,6060,6132,6204,6274,6342
Kyrgyzstan,Middle East,5834000,24,28,7,-1,7,446411,599,7608,742.25,799841,2923,489056,3729.67,12961,729,14918,62.89,70,0,3597,0.68,3215994,400394,229868,8970.51,191800,81898.6,0.01118022,0.98881978,0,5708,5795,5887,5980,6073,6162,6248,6331,6409,6485,6557,6625,6691,6753,6813,6871,6927,6982,7037,7091,7145,7201,7257,7313,7371,7429,7487,7546,7605,7663,7720,7775,7828,7880,7929,7976
Lao People's Democratic Republic,Asia,6843000,20,26,6,-2,NA,1096235,202947,856,2121.05,0,0,12519,0,2044862,0,18977,8172.5,13820,215,0,91.45,3644796,21996,160543,5580,230800,221337.2,0.00375196,0.99624804,0,7020,7146,7273,7400,7526,7651,7774,7897,8018,8136,8253,8368,8480,8591,8699,8806,8912,9016,9118,9219,9319,9416,9512,9607,9700,9791,9880,9967,10052,10134,10214,10292,10368,10440,10511,10579
Latvia,Europe,1990000,41,10,14,-12,5,0,1016,12418,0,937000,530452,201936,3076,0,1069,8943,0,0,18593,31058,0,1448800,590543,838663,8574,62200,55793.4,0.15802575,0.84197425,0,2031,2021,2009,1997,1985,1973,1961,1949,1936,1924,1912,1901,1889,1878,1867,1856,1844,1833,1821,1810,1799,1788,1778,1768,1758,1749,1741,1732,1724,1717,1709,1702,1695,1688,1681,1674
Lebanon,Middle East,4966000,29,13,4,20,5,3000,924,416711,8.5,125000,22354,514670,350,0,737,53428,0,0,7,155,0,2340502,602988,946990,2121.5,10230,2516.58,0.01330645,0.98669355,0,5054,5075,5041,4975,4912,4877,4877,4905,4951,5001,5043,5077,5105,5129,5151,5172,5192,5211,5228,5243,5257,5269,5280,5289,5297,5304,5310,5314,5318,5321,5323,5323,5323,5322,5319,5316
Lesotho,Africa,1917000,20,30,21,-6,11,73390,242,294445,1156.88,20065,63,85558,201.36,0,0,12000,0,0,0,0,0,177118,171,129758,1761.76,30360,23711.16,0.00057692,0.99942308,0,2120,2142,2163,2184,2205,2226,2246,2266,2286,2306,2325,2344,2363,2382,2401,2419,2438,2456,2475,2494,2513,2532,2552,2572,2592,2612,2632,2653,2673,2694,2715,2736,2757,2777,2798,2818
Liberia,Africa,4397000,18,35,9,-1,30,0,0,15027,0,0,183,46693,0,198766,0,126991,2520,3100,0,20,73.48,1229380,2394,63661,4456.52,96320,55191.36,0,1,0,4503,4615,4729,4846,4965,5086,5208,5332,5458,5586,5716,5848,5982,6118,6256,6395,6536,6679,6823,6968,7115,7262,7411,7560,7710,7861,8012,8164,8317,8469,8622,8776,8929,9083,9237,9392
Libya,Africa,6253000,26,21,4,-7,NA,2860,11,334278,14.63,166000,24,1308553,1500,0,0,193539,0,0,0,81,0,2047870,1221,1201520,18995.37,1759540,179473.08,0,1,0,6317,6395,6484,6580,6676,6767,6851,6930,7005,7076,7145,7213,7278,7340,7401,7459,7517,7572,7627,7680,7732,7784,7834,7883,7931,7978,8024,8068,8111,8152,8190,8227,8262,8294,8323,8350
Liechtenstein,Europe,37000,42,10,6,4,5,Err:520,Err:520,Err:520,Err:520,Err:520,Err:520,Err:520,Err:520,Err:520,Err:520,Err:520,Err:520,Err:520,Err:520,Err:520,Err:520,Err:520,Err:520,Err:520,Err:520,160,150.56,0.36333333,0.63666667,0,37,38,38,38,39,39,39,39,40,40,40,40,41,41,41,41,42,42,42,42,42,42,43,43,43,43,43,43,43,44,44,44,44,44,44,44
Lithuania,Europe,2930000,39,10,14,-6,5,71900,19276,91851,96,1869000,1058344,150647,5511,0,4434,14532,0,0,9,1160,0,3941044,1352257,1296090,16559,62674,56218.578,0.06870883,0.93129117,0,2999,2988,2977,2964,2952,2940,2929,2917,2906,2894,2882,2870,2857,2844,2830,2817,2803,2789,2775,2761,2746,2732,2718,2704,2690,2677,2663,2651,2638,2626,2614,2602,2591,2579,2568,2557
Luxembourg,Europe,556000,39,11,7,19,5,2334,1220,9308,3,76839,96065,128062,138.9738,0,72,2659,0,0,0,200,0,128972,95389,300420,494.3262,2590,2437.19,0.05374823,0.94625177,0,543,550,557,563,570,577,583,589,596,602,608,614,620,626,631,637,642,647,652,657,662,666,671,675,678,682,685,689,692,694,697,699,701,703,705,706
Madagascar,Africa,22445000,18,34,7,0,31,428390,3007,15279,3015.89,10000,104,176007,45.53,2868223,31,202923,14640,42,0,177,0.74,10109271,110110,261762,23297.84,581795,457872.665,0.00736585,0.99263415,0,24235,24915,25612,26325,27054,27798,28558,29333,30122,30925,31741,32570,33411,34263,35126,36000,36884,37778,38682,39596,40521,41455,42399,43353,44316,45289,46271,47262,48262,49271,50289,51316,52351,53394,54443,55498
Malawi,Africa,16829000,17,40,12,0,22,3699147,365619,6396,16753.77,1850,17718,164660,12.16,78528,959,313,615.59,75665,5041,94,758.39,12572339,428843,95979,19210.09,94280,74198.36,0.00004552,0.99995448,0,17309,17802,18307,18825,19354,19895,20447,21011,21587,22175,22776,23389,24014,24651,25300,25960,26630,27311,28002,28704,29415,30136,30866,31606,32355,33115,33883,34662,35449,36246,37051,37865,38688,39519,40357,41203
Malaysia,Asia,30098000,26,17,5,3,5,59842,14879,3192532,97.59,0,301720,1526358,0,1718184,33536,1201832,6875.16,0,31676,638311,0,30097306,22862679,8995127,66450.25,328550,315079.45,0.00021792,0.99978208,0,30651,31106,31552,31991,32426,32858,33288,33714,34136,34550,34956,35353,35741,36120,36488,36846,37192,37528,37852,38167,38471,38765,39049,39324,39591,39850,40103,40348,40588,40821,41050,41274,41492,41705,41912,42113
Maldives,Asia,369900,24,23,3,0,8,120,0,125,0.24,0,0,34880,0,0,0,23731,0,0,0,53,0,21956,0,89315,59.76,300,196.2,0,1,0,358,364,370,376,382,388,393,399,404,409,414,419,423,427,432,436,440,444,448,452,455,459,463,466,470,473,477,480,483,487,490,493,496,498,501,504
Mali,Africa,15932000,17,42,13,-2,5,1298234,2667,7957,9248.5,33842,75,155339,98.44,1161562,0,114441,8304.08,1900,0,41,28,5946486,43947,226934,52430.98,1220190,699168.87,0.00210954,0.99789046,0,16259,16775,17315,17878,18461,19060,19676,20310,20961,21631,22319,23025,23750,24493,25254,26034,26833,27651,28487,29341,30214,31104,32013,32938,33880,34838,35812,36800,37802,38818,39847,40888,41941,43005,44081,45168
Malta,Europe,427000,40,10,8,7,5,0,746,49810,0,13700,3018,61747,29,0,30,2118,0,0,0,52,0,115556,7259,165071,74.3,320,304.64,0.00290416,0.99709584,0,431,432,433,434,435,436,436,437,437,438,438,438,438,438,437,437,436,436,435,434,433,432,431,430,429,428,427,426,425,424,422,421,420,419,418,417
Marshall Islands,Oceania,55000,23,30,4,-17,5,Err:520,Err:520,Err:520,Err:520,Err:520,Err:520,Err:520,Err:520,Err:520,Err:520,Err:520,Err:520,Err:520,Err:520,Err:520,Err:520,Err:520,Err:520,Err:520,Err:520,180,174.06,0,1,0,53,53,54,54,55,55,55,56,56,56,56,57,57,57,58,58,59,59,60,60,61,61,62,63,63,64,64,65,65,66,66,66,67,67,67,67
Mauritania,Africa,3984000,20,34,9,-1,7,11609,0,3888,175.59,2888,0,325002,18.03,107438,0,122030,310.63,0,0,7,0,118255,0,457677,3605.75,1030700,590591.1,0,1,0,4080,4177,4276,4375,4475,4577,4679,4782,4886,4991,5097,5204,5312,5420,5530,5640,5751,5863,5976,6089,6202,6317,6431,6546,6661,6776,6891,7007,7122,7237,7351,7466,7580,7694,7808,7921
Mauritius,Africa,1261000,33,11,8,0,5,320,698,93806,0.43,0,26921,148763,0,211,1050,57734,1.2,0,93,289,0,4789239,446121,205370,818.37,2030,1597.61,0.00036585,0.99963415,0,1254,1258,1261,1265,1268,1271,1274,1277,1279,1281,1283,1285,1286,1287,1288,1288,1288,1287,1286,1285,1284,1282,1280,1277,1274,1271,1268,1265,1261,1257,1253,1249,1244,1240,1236,1231
Mexico,North America,119713000,26,19,6,-2,5,17635420,345666,9604443,60690.92,3627511,1534809,4297454,6622.21,115698,1818,675170,340.37,205234,91,3342361,1555.13,96341752,11471834,11238349,187371.37,1943950,1397700.05,0.01429963,0.9779055302,0.0077948398,125236,126635,128000,129336,130652,131955,133246,134520,135774,137000,138195,139357,140485,141579,142638,143663,144651,145601,146514,147389,148226,149023,149782,150501,151180,151821,152422,152984,153507,153992,154437,154844,155213,155545,155841,156102
Micronesia,Oceania,103000,26,24,5,-19,5,0,0,4,0.74,0,0,6045,0,0,0,10568,0.88,0,0,56,0,192376,24182,8004,782.38,3170,3065.39,0,1,0,623,629,637,643,651,657,665,671,678,684,691,698,705,711,718,724,730,733,739,745,750,753,759,763,768,770,776,779,781,785,788,791,796,798,799,801
Monaco,Europe,37000,51,6,7,23,5,Err:520,Err:520,Err:520,Err:520,Err:520,Err:520,Err:520,Err:520,Err:520,Err:520,Err:520,Err:520,Err:520,Err:520,Err:520,Err:520,Err:520,Err:520,Err:520,Err:520,2,0,0,1,0,38,39,39,39,40,40,40,41,41,41,42,42,43,43,43,44,44,45,45,46,46,46,47,47,48,48,49,49,49,50,50,51,51,52,52,53
Mongolia,Asia,2857000,26,28,6,0,25,0,0,206,0,435889,0,118009,2913.5,0,0,14181,0,0,0,118,0,325308,13128,246273,3226.5,1553560,1022242.48,0,1,0,2923,2964,3003,3042,3079,3114,3148,3181,3212,3242,3270,3296,3320,3344,3366,3388,3408,3429,3449,3468,3488,3508,3528,3548,3568,3587,3607,3626,3645,3663,3681,3697,3713,3727,3741,3753
Montenegro,Europe,619000,36,12,10,-3,5,11688,129,19665,27.98,2446,4633,109843,7.56,0,3,1350,0,0,0,542,0,409722,17449,160735,1854.46,13450,12804.4,0.01624339,0.98375661,0,622,621,621,621,620,620,619,618,617,616,615,614,612,611,609,608,606,604,602,600,598,596,593,591,588,586,583,580,577,575,572,569,566,563,560,557
Morocco,Africa,33889509,26,22,6,-3,5,221298,1738,1552274,1918.8,6017821,16994,3682681,30880,11899,1741,10889,25.4,1000,1,32836,10,19798941,1631640,2012170,58203.8,446300,91038,0.00186735,0.99813265,0,34559,35011,35438,35844,36240,36630,37017,37394,37763,38118,38460,38786,39098,39397,39685,39961,40228,40484,40730,40967,41196,41417,41629,41835,42032,42223,42408,42585,42756,42919,43073,43220,43359,43489,43613,43728
Mozambique,Africa,25059000,17,43,13,0,30,2178842,11827,159915,18127.17,20350,50935,410290,119.41,181025,78,358622,2387.78,0,0,2129,0,17911799,388255,325349,38865.64,786380,618881.06,0.0007563,0.9992437,0,27122,27781,28450,29134,29834,30553,31293,32053,32834,33636,34459,35302,36167,37051,37955,38876,39815,40770,41741,42725,43720,44727,45745,46773,47812,48861,49921,50990,52070,53160,54262,55375,56498,57632,58776,59929
Myanmar,Asia,53719000,28,17,9,-1,18,1484962,128767,1217,4114.71,172571,351,210552,954.06,19349597,918097,3257,75667.8,236912,5000,0,1574.98,29548729,1897749,571711,40188.45,653290,626505.11,0.00001633,0.9754938741,0.0244897959,54164,54591,54999,55390,55765,56125,56467,56791,57096,57383,57650,57898,58128,58337,58527,58698,58849,58981,59094,59190,59267,59328,59372,59399,59412,59410,59393,59364,59320,59263,59192,59108,59011,58901,58779,58645
Namibia,Africa,2348000,20,30,7,0,39,53800,213,14307,350,16300,269,58757,22,0,196,10409,0,0,0,9,0,527648,27697,222131,7718,823290,642989.49,0.01742892,0.98257108,0,2392,2436,2479,2522,2565,2609,2653,2697,2742,2786,2830,2873,2916,2959,3001,3042,3083,3123,3162,3201,3239,3277,3313,3350,3385,3420,3455,3489,3523,3556,3588,3620,3652,3683,3714,3744
Nauru,Oceania,10560,25,36,8,-9,NA,Err:520,Err:520,Err:520,Err:520,Err:520,Err:520,Err:520,Err:520,Err:520,Err:520,Err:520,Err:520,Err:520,Err:520,Err:520,Err:520,Err:520,Err:520,Err:520,Err:520,20,19.34,0,1,0,10,10,10,10,10,10,11,11,11,11,11,11,11,11,11,11,11,11,11,11,11,11,11,11,11,11,11,11,11,11,11,11,11,11,11,11
Nepal,Asia,27140000,21,22,7,-3,12,2067522,8,196194,9062.53,1745811,12466,28635,7674.99,2975005,555,168781,14964.76,28318,0,71572,293.17,11705259,155228,811386,-8682.45,143350,93750.9,0.00424227,0.99575773,0,28441,28757,29071,29383,29693,30001,30306,30609,30908,31203,31493,31778,32057,32329,32595,32853,33103,33345,33580,33808,34031,34249,34461,34666,34864,35053,35233,35405,35568,35722,35868,36006,36135,36256,36371,36479
Netherlands,Europe,17006714,41,10,8,1,5,204400,382362,3627149,165.7,1175275,1263984,5144923,1510.41,0,155242,249910,0,0,1473553,3099661,0,22360468,26982559,26119049,8747.89,33720,31730.52,0.04556792,0.95443208,0,17179,17224,17266,17306,17344,17382,17417,17451,17483,17513,17539,17564,17586,17604,17622,17636,17646,17652,17656,17657,17653,17647,17636,17623,17606,17586,17564,17538,17511,17481,17451,17420,17387,17354,17318,17285
New Zealand,Oceania,4292000,37,13,7,5,5,210175,11465,8858,185,383262,25663,369178,526.04,0,1811,32502,0,0,23,1296,0,3194252,1269176,807382,4708.96,263310,219600.54,0.24575646,0.75424354,0,4619,4664,4708,4751,4795,4837,4880,4922,4965,5005,5045,5085,5123,5160,5197,5232,5267,5300,5334,5366,5398,5428,5459,5488,5517,5546,5574,5601,5629,5655,5681,5707,5732,5757,5781,5804
Nicaragua,North America,6226000,22,23,5,-6,19,523000,23869,142698,3574.878,0,36666,208666,0,325496,6126,95595,1003.7721,5000,207,31,24.5503,7512063,655981,421127,13386.7996,120340,109870.42,0.01867704,0.98132296,0,6257,6342,6425,6507,6587,6665,6743,6818,6892,6965,7038,7111,7182,7253,7323,7391,7457,7521,7584,7645,7704,7761,7817,7870,7922,7972,8019,8065,8109,8150,8190,8227,8262,8295,8326,8355
Niger,Africa,18156000,15,50,11,0,11,6366,1544,16437,83.08,3114,5421,63677,16.51,8887,6064,193508,87.29,0,0,1,0,7522349,112974,269461,156813.12,1266700,725819.1,0.0000051,0.9999949,0,19268,20033,20829,21659,22523,23422,24358,25331,26341,27390,28477,29604,30770,31977,33224,34513,35843,37215,38630,40087,41589,43134,44723,46356,48034,49756,51524,53335,55192,57093,59038,61027,63059,65135,67252,69410
Nigeria,Africa,177542000,18,39,13,0,6,9180270,101,45999,54565.4,165000,3340,4054295,990,3046402,167,2194587,22694.1,563810,11000,25,5993.5,139087734,218414,3237828,322757,910770,521871.21,0.00023268,0.99976732,0,183523,188630,193842,199162,204599,210159,215843,221651,227588,233661,239874,246230,252730,259376,266173,273120,280220,287472,294875,302427,310125,317969,325955,334079,342335,350720,359229,367859,376600,385443,394381,403407,412518,421714,430993,440355
Norway,Europe,5138000,39,12,8,8,5,0,36,93922,0,284558,11214,571795,738.9,0,169,24254,0,0,2,420571,0,1317260,101957,1871575,7485.1,365268,327645.396,0.06850681,0.93149319,0,5143,5196,5250,5304,5356,5407,5454,5499,5542,5584,5627,5669,5712,5755,5797,5838,5878,5917,5956,5994,6031,6068,6104,6139,6174,6210,6244,6279,6314,6348,6383,6418,6453,6487,6522,6556
Oman,Middle East,4071000,25,20,2,39,5,Err:520,Err:520,Err:520,Err:520,Err:520,Err:520,Err:520,Err:520,Err:520,Err:520,Err:520,Err:520,Err:520,Err:520,Err:520,Err:520,Err:520,Err:520,Err:520,Err:520,309500,76137,0.00052632,0.99947368,0,4158,4312,4403,4447,4477,4514,4563,4617,4673,4725,4770,4808,4842,4871,4897,4920,4940,4958,4972,4984,4992,4998,5001,5003,5004,5007,5011,5016,5023,5030,5036,5043,5049,5056,5061,5065
Pakistan,Middle East,193979000,22,28,8,-3,22,4270900,284101,15472,10874,25213800,3576912,63099,89007,6132398,3395817,24599,25712,89,20,216,1.28,83702606,2009057,4895218,95405.72,770880,504155.52,0.0011267,0.8676515805,0.1312217195,188144,191177,194223,197274,200320,203351,206364,209356,212319,215244,218124,220953,223729,226452,229124,231744,234311,236823,239277,241674,244012,246290,248507,250661,252749,254769,256721,258602,260414,262154,263823,265420,266944,268395,269775,271082
Palau,Oceania,18000,33,14,9,0,NA,Err:520,Err:520,Err:520,Err:520,Err:520,Err:520,Err:520,Err:520,Err:520,Err:520,Err:520,Err:520,Err:520,Err:520,Err:520,Err:520,Err:520,Err:520,Err:520,Err:520,460,444.82,0,1,0,21,22,22,22,22,22,23,23,23,23,24,24,24,24,25,25,25,25,25,26,26,26,26,26,27,27,27,27,27,27,27,28,28,28,28,28
Panama,North America,3915000,27,20,5,2,13,77306,0,371406,476.57,0,1372,189860,0,179997,0,41758,1052.5,92,2,5604,2.79,3282495,460678,374076,5758.14,74340,67872.42,0.01371742,0.98628258,0,3988,4050,4111,4173,4235,4296,4357,4418,4478,4538,4597,4655,4713,4770,4827,4882,4937,4990,5043,5095,5145,5195,5244,5291,5337,5383,5427,5470,5512,5553,5593,5631,5669,5705,5740,5774
Papua New Guinea,Oceania,7571000,20,33,10,0,NA,Err:520,Err:520,Err:520,Err:520,Err:520,Err:520,Err:520,Err:520,Err:520,Err:520,Err:520,Err:520,Err:520,Err:520,Err:520,Err:520,Err:520,Err:520,Err:520,Err:520,452860,437915.62,0.0113,0.9887,0,7632,7788,7946,8104,8263,8422,8583,8743,8905,9067,9229,9392,9555,9719,9882,10044,10207,10369,10531,10691,10851,11010,11168,11324,11480,11634,11787,11938,12088,12236,12383,12528,12672,12813,12954,13092
Paraguay,South America,6902000,23,23,6,-1,9,3345877,1307072,19785,8535.92,1463881,751496,36027,5844.08,272300,224191,827,786.06,8309793,5029412,20736,28054.67,9964896,655003,255029,679.27,397300,369886.3,0.01166287,0.0999544421,0.8883826879,7033,7148,7264,7379,7493,7607,7721,7833,7945,8056,8165,8273,8380,8486,8590,8693,8795,8895,8993,9091,9186,9281,9374,9465,9555,9644,9731,9817,9901,9984,10065,10144,10222,10298,10372,10445
Peru,South America,30814000,26,20,5,-3,11,1514416,11762,1918096,4756.71,214140,151206,1741089,1454.84,1750227,542,174763,3596.12,2994,274,79848,16.55,25494952,1489515,1335482,44075.78,1280000,1191680,0.03450835,0.96549165,0,31161,31550,31937,32321,32702,33079,33450,33816,34176,34530,34877,35219,35553,35880,36201,36514,36820,37118,37409,37691,37966,38233,38492,38743,38986,39220,39447,39664,39874,40074,40265,40447,40619,40782,40937,41084
Philippines,Oceania,100096000,22,24,6,-1,13,6971221,334,128757,25446.12,0,57599,3014443,0,11128268,479,750470,45366.42,684,2298,52162,5.17,74973978,5495623,2754671,36482.29,298170,285945.03,0.00897484,0.9164678441,0.0745573159,101803,103509,105218,106934,108662,110404,112160,113926,115696,117462,119219,120964,122695,124412,126113,127797,129462,131107,132732,134336,135919,137482,139022,140541,142039,143516,144973,146410,147825,149218,150591,151941,153269,154575,155858,157118
Poland,Europe,38479000,38,10,10,0,5,2392100,334011,541828,3333,9339200,1248656,1124873,22587,0,126342,156818,0,331,3200,26206,2.08,49215198,5399863,5990224,88957.92,306230,275300.77,0.05266365,0.94733635,0,38222,38219,38212,38200,38182,38158,38127,38089,38043,37988,37924,37849,37765,37670,37565,37448,37319,37180,37032,36875,36713,36546,36373,36197,36019,35840,35660,35480,35301,35123,34946,34770,34595,34422,34250,34079
Portugal,Europe,10396000,41,8,10,-4,5,810300,49855,1662579,1060,58631,179992,1520647,428.94,121694,37781,97299,312.13,0,14344,642522,0,5749900,2051531,3753644,16238.93,91590,87193.68,0.11945676,0.8528270537,0.0277161863,10610,10607,10603,10596,10588,10579,10568,10556,10543,10529,10514,10499,10483,10467,10450,10433,10415,10397,10378,10358,10337,10315,10292,10267,10241,10213,10184,10153,10120,10085,10049,10011,9972,9931,9888,9843
Qatar,Middle East,2268000,32,11,1,2,5,Err:520,Err:520,Err:520,Err:520,Err:520,Err:520,Err:520,Err:520,Err:520,Err:520,Err:520,Err:520,Err:520,Err:520,Err:520,Err:520,Err:520,Err:520,Err:520,Err:520,11610,2856.06,0,1,0,2351,2415,2461,2493,2519,2543,2567,2592,2617,2640,2662,2683,2703,2723,2742,2760,2778,2795,2811,2827,2842,2857,2872,2886,2899,2912,2923,2935,2945,2954,2962,2970,2976,2980,2983,2985
Republic of Korea,Asia,50424000,38,9,5,0,5,73612,86151,7811372,158.23,43677,94050,4890167,130.44,4024878,9302,529220,8538.23,129394,2363,1148474,778.49,16054346,924441,8217915,7374.61,97230,63977.34,0.01136631,0.98863369,0,49750,49976,50188,50389,50582,50769,50951,51125,51293,51452,51602,51742,51872,51992,52098,52190,52268,52331,52378,52410,52426,52425,52408,52376,52330,52270,52196,52110,52011,51901,51780,51650,51510,51361,51202,51034
Republic of Macedonia,Europe,2066000,37,11,9,1,NA,129322,273,71670,302.83,256103,28640,144196,765.45,17985,9913,263,45,840,0,332,5.28,1597123,441835,280125,3371.44,25220,24009.44,0.01469933,0.98530067,0,2109,2110,2110,2109,2108,2107,2105,2103,2101,2098,2094,2090,2085,2080,2075,2069,2062,2055,2048,2040,2032,2023,2014,2005,1996,1986,1977,1967,1956,1946,1936,1925,1914,1903,1892,1881
Republic of Moldova,Europe,4110000,35,11,11,0,5,1468263,131068,4764,4511.09,794783,93564,130259,3013.32,0,0,9975,0,78721,53096,105,576.62,3278166,898387,211581,12998.97,32850,29532.15,0.01042654,0.98957346,0,3437,3413,3390,3368,3346,3323,3301,3278,3255,3231,3206,3180,3152,3124,3095,3066,3037,3007,2978,2948,2918,2889,2860,2831,2802,2773,2745,2716,2688,2659,2630,2600,2569,2539,2510,2484
Romania,Europe,20015000,38,10,12,0,5,11717590,2369278,393230,25871.02,7131590,1621330,852268,19458.49,43529,45960,96068,126.71,142636,72716,34464,718.61,16585236,3252119,2724108,48215.17,230170,206922.83,0.02436699,0.9703358387,0.0052971713,21579,21516,21449,21379,21305,21226,21143,21056,20965,20869,20771,20668,20563,20455,20344,20232,20118,20003,19887,19770,19652,19534,19415,19296,19176,19056,18935,18814,18692,18569,18445,18321,18195,18067,17939,17809
Russian Federation,Asia,143747000,38,13,13,2,5,6962440,724677,169423,16026,56239992,16209044,449698,248355,704065,136383,195952,2072,1756010,4757,896149,11874,149439532,4380388,18470712,938173,16376870,14722806.13,0.00104233,0.99895767,0,142098,141729,141348,140943,140501,140011,139471,138887,138268,137625,136967,136298,135618,134932,134243,133556,132873,132196,131525,130860,130200,129548,128902,128263,127631,127005,126385,125770,125160,124552,123943,123334,122724,122115,121505,120896
Rwanda,Africa,11080000,18,31,8,-1,35,525679,3574,83321,2234.14,90684,14076,90643,442.8415,53721,328,41132,145.92,37426,7,474,479.81,10505717,29188,181015,10797.2885,24670,19415.29,0.00262411,0.99737589,0,12428,12760,13095,13433,13776,14123,14474,14829,15188,15550,15914,16281,16651,17022,17396,17771,18148,18527,18907,19288,19671,20056,20442,20828,21215,21601,21987,22372,22756,23138,23518,23896,24271,24643,25012,25378
Saint Kitts and Nevis,North America,54744,34,13,7,7,NA,0,0,117,0,0,0,10399,0,0,0,1259,0,0,0,3,0,5652,298,9744,51,260,233.22,0,1,0,55,56,57,57,58,58,59,59,60,60,61,61,61,62,62,63,63,63,64,64,64,65,65,65,65,66,66,66,66,66,67,67,67,67,67,67
Saint Lucia,North America,173000,29,13,8,0,NA,0,0,434,0,0,22,6141,0,0,0,1208,0,0,0,3,0,57859,9256,37408,100,610,547.17,0,1,0,185,186,188,189,190,192,193,194,195,196,197,198,199,200,201,202,203,203,204,204,205,205,206,206,207,207,207,207,207,207,208,208,207,207,207,207
Saint Vincent and the Grenadines,North America,106000,28,17,8,-9,NA,691,0,3248,0.25,0,6641,19265,0,0,1501,5810,0,0,0,1204,0,118147,21518,16194,79.75,390,349.83,0,1,0,109,109,109,109,109,110,110,110,110,110,110,110,110,110,110,110,110,110,110,110,111,111,111,111,111,111,112,112,112,112,112,112,112,112,111,111
Samoa,Oceania,192000,21,29,5,-24,5,0,0,27,0,0,1,11555,0,0,0,689,0,0,0,66,0,256537,12649,15864,350,2830,2736.61,0.95714286,0.04285714,0,193,195,196,197,198,199,201,202,203,204,205,206,207,208,210,211,213,214,216,218,220,222,223,225,227,229,230,232,233,235,236,237,238,239,240,242
San Marino,Europe,33000,44,10,7,5,5,Err:520,Err:520,Err:520,Err:520,Err:520,Err:520,Err:520,Err:520,Err:520,Err:520,Err:520,Err:520,Err:520,Err:520,Err:520,Err:520,Err:520,Err:520,Err:520,Err:520,60,57.12,0,1,0,32,32,32,32,32,32,32,33,33,33,33,33,33,33,33,33,33,33,33,33,33,33,33,33,33,33,33,33,33,33,33,33,33,33,33,33
Sao Tome and Principe,Africa,190000,19,36,7,-2,5,3900,0,451,13,0,0,9790,0,0,0,5998,0,0,0,0,0,134391,1987,11671,464,960,840.96,0.09371069,0.90628931,0,203,208,213,217,222,227,232,237,242,247,252,257,262,267,273,278,284,289,295,301,306,312,318,323,329,335,340,346,351,357,362,368,373,378,383,388
Saudi Arabia,Middle East,30814000,26,22,4,2,5,91747,15946,1662598,153.02,1184454,250519,2379739,1928.18,0,13090,1070647,0,0,59,614806,0,4675628,2935278,12584738,31798.8,2149690,528823.74,0.00546045,0.99453955,0,29898,30414,30923,31418,31892,32341,32762,33157,33528,33876,34207,34519,34814,35095,35368,35634,35897,36156,36413,36669,36924,37179,37434,37689,37942,38193,38442,38688,38930,39166,39394,39614,39826,40027,40214,40388
Senegal,Africa,13933000,18,40,8,-1,14,124092,2369,111815,1095.17,0,23032,470120,0,270685,109138,805246,1091.77,0,0,5503,0,3333681,153244,677151,31963.06,192530,110319.69,0.00380673,0.99619327,0,14967,15390,15816,16246,16682,17123,17571,18023,18482,18946,19415,19891,20373,20861,21355,21856,22363,22877,23397,23924,24458,24997,25543,26094,26650,27209,27773,28340,28910,29482,30055,30629,31204,31780,32356,32933
Serbia,Europe,8970000,38,9,14,0,5,6479564,1680592,4135,12584.37,2076237,540722,24281,4930.06,0,373,14294,0,440847,71201,5063,1652.53,8617785,1677291,614229,16783.04,87460,83261.92,0.00173574,0.99826426,0,9424,9377,9327,9275,9222,9169,9115,9061,9006,8949,8891,8832,8772,8710,8647,8582,8516,8449,8380,8309,8238,8165,8091,8015,7939,7863,7785,7707,7629,7550,7471,7391,7312,7232,7153,7074
Seychelles,Africa,90000,32,19,7,2,5,Err:520,Err:520,Err:520,Err:520,Err:520,Err:520,Err:520,Err:520,Err:520,Err:520,Err:520,Err:520,Err:520,Err:520,Err:520,Err:520,Err:520,Err:520,Err:520,Err:520,460,362.02,0,1,0,94,94,95,95,95,96,96,96,97,97,97,98,98,98,98,98,99,99,99,99,99,99,100,100,100,100,100,100,100,100,100,100,100,100,100,100
Sierra Leone,Africa,6344000,19,38,17,-1,5,41553,0,1677,344.84,0,0,66196,0,719029,0,176158,6039.24,0,0,0,0,4644029,85,68232,12162.82,72180,41359.14,0,1,0,6319,6432,6547,6663,6779,6894,7009,7124,7239,7354,7470,7587,7704,7822,7940,8058,8175,8293,8411,8528,8645,8761,8877,8991,9105,9218,9330,9441,9551,9660,9769,9876,9982,10087,10192,10296
Singapore,Asia,5487400,37,9,5,12,5,Err:520,Err:520,Err:520,Err:520,Err:520,Err:520,Err:520,Err:520,Err:520,Err:520,Err:520,Err:520,Err:520,Err:520,Err:520,Err:520,Err:520,Err:520,Err:520,Err:520,700,671.3,0,1,0,5619,5717,5811,5901,5983,6057,6123,6181,6234,6284,6334,6384,6434,6484,6532,6578,6621,6661,6700,6736,6769,6800,6829,6856,6881,6904,6926,6945,6964,6981,6998,7013,7028,7041,7054,7065
Slovakia,Europe,5421000,37,10,10,0,5,1365700,347108,218504,2020.38,1639300,481007,351723,3628.45,0,14291,29417,0,36921,10257,13102,196.67,3439133,1546950,1455143,8269.5,48088,43231.112,0.12107687,0.8434998215,0.0354233085,5458,5461,5464,5467,5468,5469,5468,5466,5462,5458,5451,5443,5433,5422,5410,5396,5380,5364,5346,5327,5308,5288,5267,5246,5225,5204,5182,5161,5140,5118,5097,5076,5054,5033,5011,4990
Slovenia,Europe,2061000,42,10,9,0,5,349030,189471,299023,401.85,153575,53194,246403,296.65,0,2799,11442,0,292,334084,339038,1.07,606021,430886,872029,1255.43,20140,19173.28,0.16419437,0.83580563,0,2079,2083,2086,2089,2091,2093,2094,2095,2095,2095,2094,2093,2092,2090,2088,2086,2084,2081,2079,2076,2074,2071,2068,2065,2062,2060,2056,2053,2050,2047,2043,2039,2035,2031,2027,2023
Solomon Islands,Oceania,626000,19,31,5,0,5,0,0,62,0,0,10,18715,0,2168,29,30745,11,0,0,25,0,666774,122973,12675,979,27990,27066.33,0.01313131,0.98686869,0,584,596,608,619,631,643,654,666,678,690,702,714,727,739,752,764,777,789,802,815,828,840,853,866,878,891,903,916,928,940,952,964,976,987,999,1010
Somalia,Africa,10806000,16,44,12,-3,5,65126,0,56413,363.82,1046,0,256068,26.62,2848,0,229846,12,0,0,0,0,851287,418,282849,10887.56,627340,493716.58,0,1,0,11123,11446,11777,12116,12463,12820,13187,13562,13947,14341,14743,15154,15573,16001,16437,16880,17331,17789,18254,18726,19205,19690,20181,20678,21182,21691,22206,22726,23251,23782,24319,24861,25407,25959,26515,27076
South Africa,Africa,53699000,25,20,11,3,5,10360000,2764901,91041,23723,2005000,143363,1909260,6047,1686,44681,932059,10.12,710000,42528,1930,4180,31961541,3714562,2335202,90499.88,1213090,947423.29,0.00336654,0.7796962914,0.2169371686,53491,53835,54170,54496,54816,55131,55443,55755,56063,56368,56666,56958,57245,57528,57812,58096,58381,58667,58954,59241,59527,59813,60098,60381,60661,60938,61210,61477,61739,61995,62247,62493,62732,62965,63189,63405
South Sudan,Africa,11739000,18,36,12,16,5,Err:520,Err:520,Err:520,Err:520,Err:520,Err:520,Err:520,Err:520,Err:520,Err:520,Err:520,Err:520,Err:520,Err:520,Err:520,Err:520,Err:520,Err:520,Err:520,Err:520,619745,27600,0,1,0,12152,12531,12878,13205,13526,13853,14190,14532,14879,15226,15571,15914,16257,16601,16948,17297,17650,18006,18364,18726,19090,19455,19823,20193,20565,20940,21316,21694,22074,22455,22838,23221,23606,23990,24375,24760
Spain,Europe,46453000,40,9,8,-4,5,4199927,342519,5014106,3692.64,6876657,1307927,4795987,19946.53,618679,342789,200890,1223.68,1700,2985,3177896,7,58133308,18211110,10807394,145050.15,498800,474857.6,0.09563324,0.8984816376,0.0058851224,47199,47333,47462,47586,47696,47789,47866,47933,47990,48039,48082,48119,48151,48180,48208,48235,48263,48291,48320,48349,48378,48407,48436,48462,48486,48504,48518,48524,48524,48514,48495,48465,48424,48371,48305,48224
Sri Lanka,Asia,20684000,31,18,6,-3,5,137797,3,19505,505.45,0,432037,1382537,0,2597892,6158,36855,10910.5,3840,51,17,24.5,5025774,390416,1579147,11459.55,62710,41012.34,0.00850218,0.99149782,0,21612,21771,21923,22069,22207,22338,22461,22576,22684,22784,22879,22968,23051,23129,23202,23271,23336,23398,23455,23509,23560,23607,23650,23690,23727,23759,23787,23812,23831,23846,23856,23861,23861,23856,23846,23834
Sudan,Africa,38764000,19,34,8,-4,5,42000,5280,27454,310.8,292000,16,1661555,1827,16675,0,30570,67.2,0,0,158,0,20726317,174165,1325064,170045,1886068,172250,0,0.9941944848,0.0058055152,39613,40519,41474,42468,43481,44499,45520,46546,47579,48622,49676,50741,51814,52895,53984,55078,56178,57282,58391,59501,60613,61725,62837,63949,65059,66169,67277,68383,69486,70588,71687,72784,73878,74969,76056,77138
Suriname,South America,564000,28,20,7,-2,8,32,0,21048,0.14,0,1155,33309,0,156944,42010,386,569.3,11,0,174,0.13,273330,88902,90055,100.43,156000,145236,0,1,0,548,553,557,561,566,570,573,577,581,585,588,592,595,598,601,604,606,609,611,613,615,616,618,619,620,621,622,622,623,623,623,623,622,622,621,621
Swaziland,Africa,1268000,19,30,14,-1,24,85000,19,110127,680,628,231,59393,3.28,61,657,23556,0.32,0,190,523,0,5867967,380920,112064,1216.4,17200,13433.2,0.00005263,0.99994737,0,1286,1303,1320,1336,1352,1368,1383,1399,1414,1429,1443,1458,1472,1487,1501,1516,1530,1545,1559,1574,1589,1603,1618,1633,1649,1664,1679,1695,1710,1726,1741,1756,1771,1786,1801,1815
Sweden,Europe,9689000,41,12,9,2,5,0,1351,44022,0,2253100,628884,509811,4189,0,1126,61721,0,0,293,20217,0,7067472,1301058,3712062,22001,410340,368074.98,0.18350515,0.81649485,0,9694,9759,9826,9895,9964,10033,10103,10173,10242,10311,10378,10443,10507,10570,10631,10691,10749,10807,10863,10919,10976,11033,11090,11148,11207,11267,11329,11392,11456,11521,11588,11656,11725,11795,11865,11934
Switzerland,Europe,8187000,42,10,8,6,5,151290,673,150143,155.53,553150,99222,713943,878.68,0,1050,121137,0,3300,150,20683,11.23,4093326,249800,2196017,3234.56,39516,37184.556,0.27009346,0.72990654,0,8239,8320,8401,8483,8565,8648,8731,8815,8899,8983,9067,9150,9233,9315,9397,9477,9557,9635,9713,9789,9865,9940,10014,10088,10161,10235,10308,10381,10454,10528,10602,10677,10752,10828,10903,10977
Syrian Arab Republic,Middle East,21987000,22,24,4,-11,5,298368,14614,1497682,591.09,3858331,13778,573248,15210.38,0,1026,138673,0,2225,0,341606,13.1,11177715,733639,2216188,41345.43,183630,57160,0.00349895,0.99650105,0,22265,22775,23470,24271,25055,25736,26287,26738,27120,27484,27865,28270,28685,29107,29525,29934,30334,30728,31116,31498,31875,32245,32609,32967,33318,33662,33998,34328,34650,34966,35274,35575,35868,36154,36434,36706
Tajikistan,Middle East,8266000,21,34,7,-5,37,154881,0,0,127.76,726880,1100,962868,3111.79,51276,3674,11543,132.12,36,0,0,1.354,3351317,209156,413654,6426.976,139960,59762.92,0.00046939,0.99953061,0,8610,8811,9011,9210,9407,9602,9795,9985,10173,10357,10539,10716,10891,11064,11236,11407,11579,11751,11924,12099,12278,12459,12644,12832,13022,13214,13407,13601,13796,13989,14180,14369,14555,14737,14917,15093
Thailand,Asia,66443000,35,12,8,0,9,4816650,394444,214207,11485.76,1173,219192,1806273,11.14,23070436,10778729,37760,116495.06,176152,9825,1997442,897.33,147674644,30599996,3061554,73710.71,510890,489943.51,0.00171767,0.99828233,0,67401,67541,67652,67738,67805,67858,67897,67921,67929,67922,67900,67862,67810,67741,67656,67554,67434,67297,67141,66967,66774,66561,66329,66078,65808,65520,65213,64888,64546,64188,63814,63426,63023,62607,62179,61740
Timor-Leste,Asia,1212000,16,37,10,0,31,49783,0,3822,216.99,0,0,11900,0,65564,0,14429,355.61,1554,0,0,9.62,131891,5176,29005,1647.78,14870,14260.33,0.11098655,0.88901345,0,1173,1194,1216,1238,1262,1286,1311,1337,1364,1390,1418,1445,1473,1500,1528,1555,1583,1610,1637,1663,1690,1716,1742,1768,1794,1820,1846,1873,1899,1925,1952,1978,2005,2032,2059,2087
Togo,Africa,6993000,19,37,11,0,19,650831,78,1075,5226.3,0,3797,86798,0,74859,683,106450,447.13,1100,289,10,27,2533614,44354,181626,20949.57,54390,31165.47,0.0004878,0.9995122,0,7171,7349,7529,7710,7892,8076,8261,8448,8636,8827,9019,9214,9410,9609,9811,10015,10222,10431,10644,10858,11076,11295,11517,11741,11967,12195,12424,12654,12886,13118,13351,13585,13819,14053,14287,14521
Tonga,Oceania,103369,21,27,7,-19,NA,Err:520,Err:520,Err:520,Err:520,Err:520,Err:520,Err:520,Err:520,Err:520,Err:520,Err:520,Err:520,Err:520,Err:520,Err:520,Err:520,Err:520,Err:520,Err:520,Err:520,720,696.24,0.00925926,0.99074074,0,106,107,108,109,110,111,112,113,114,115,116,117,118,119,120,121,122,123,124,125,127,128,129,130,131,132,133,134,135,136,136,137,138,138,139,140
Trinidad and Tobago,North America,1343000,32,13,10,-3,NA,3438,437,82001,14,0,12970,137235,0,1776,2604,27707,23.35,0,9,1189,0,132118,50166,357587,432.65,5130,4601.61,0,1,0,1347,1349,1350,1350,1350,1349,1347,1344,1341,1337,1333,1329,1324,1319,1313,1308,1302,1296,1290,1284,1278,1271,1265,1258,1251,1244,1236,1228,1220,1212,1203,1194,1184,1175,1165,1155
Tunisia,Africa,10998000,29,19,6,-3,5,0,41117,864041,0,1605500,286972,1644596,7722,0,1650,17882,0,0,0,462654,0,6438403,878681,1294720,44608,155360,52330,0.03411045,0.96588955,0,11235,11351,11464,11574,11680,11783,11881,11976,12066,12151,12231,12307,12377,12443,12504,12561,12614,12663,12709,12752,12792,12831,12868,12903,12937,12969,13000,13030,13058,13085,13109,13131,13150,13167,13181,13192
Turkey,Europe,77193000,28,16,5,0,5,4200000,96754,383156,5890,21800000,3449970,4784544,80960,600300,101311,257191,994,102260,235,1354916,264.21,82163731,7557349,3641326,148191.79,769630,236300,0.02602624,0.97397376,0,76691,77485,78228,78933,79621,80309,81000,81690,82375,83051,83713,84362,84998,85622,86231,86825,87404,87965,88509,89035,89543,90031,90499,90946,91373,91778,92161,92523,92862,93179,93473,93744,93992,94219,94423,94606
Turkmenistan,Europe,5307000,25,22,8,-1,5,17000,0,1,160,1300000,0,184704,6500,96048,0,199,550,0,0,0,0,2403666,52378,177218,12790,469930,200660.11,0,1,0,5373,5439,5503,5565,5626,5685,5743,5798,5852,5903,5951,5998,6042,6083,6123,6160,6195,6228,6260,6289,6318,6345,6370,6394,6417,6438,6458,6476,6493,6509,6523,6535,6546,6556,6563,6570
Tuvalu,Oceania,11323,25,25,9,0,5,Err:520,Err:520,Err:520,Err:520,Err:520,Err:520,Err:520,Err:520,Err:520,Err:520,Err:520,Err:520,Err:520,Err:520,Err:520,Err:520,Err:520,Err:520,Err:520,Err:520,30,29.01,0,1,0,10,10,10,10,10,10,10,10,10,10,10,10,11,11,11,11,11,11,11,11,11,11,11,11,11,11,11,11,11,11,11,12,12,12,12,12
Uganda,Africa,38845000,16,43,9,-1,25,2551000,92256,21645,10630,23000,48528,434531,130,155411,38185,92324,900,213300,1579,166,1570,25330647,329472,483173,77770,199810,157250.47,0.0250989,0.9749011,0,40141,41468,42826,44215,45635,47088,48572,50088,51637,53218,54832,56479,58159,59871,61614,63388,65191,67023,68884,70774,72691,74635,76604,78599,80617,82659,84723,86808,88912,91035,93174,95328,97496,99678,101872,104078
Ukraine,Europe,42900000,39,11,15,1,5,22837900,7873710,50854,35437,22323600,4531872,75845,66573,113323,3091,62712,296,2264400,1100935,2810,11103,82819047,7601208,2506056,220541,579320,520808.68,0.00809462,0.99190538,0,44646,44354,44062,43767,43469,43164,42854,42539,42218,41892,41560,41223,40881,40536,40189,39842,39495,39150,38807,38468,38135,37807,37486,37170,36860,36554,36252,35956,35663,35372,35084,34797,34511,34226,33942,33658
United Arab Emirates,Middle East,9446000,28,15,1,22,5,5500,9107,329928,2.9,30,155474,1120456,0.05,0,426664,1324925,0,0,934,2007,0,919323,1743553,6968977,882.05,83600,20565.6,0.01084746,0.98915254,0,9577,9756,9961,10183,10401,10602,10787,10965,11138,11309,11479,11649,11819,11988,12159,12330,12503,12676,12851,13025,13201,13376,13551,13724,13896,14064,14229,14389,14545,14696,14842,14983,15118,15246,15367,15479
United Kingdom of Great Britain and Northern Ireland,Europe,64704000,40,12,9,3,5,0,39363,1146015,0,15257000,3001372,2005545,19690,0,186922,669648,0,0,1818,778774,0,30503633,4428204,18998317,41380,241930,217011.21,0.10427378,0.89572622,0,64339,64699,65055,65413,65763,66109,66446,66780,67103,67422,67730,68034,68330,68617,68894,69165,69426,69677,69923,70163,70400,70634,70864,71094,71320,71545,71769,71991,72211,72429,72646,72860,73070,73278,73479,73673
United Republic of Tanzania,Africa,50757000,17,40,9,-1,5,4340823,18419,29650,32878.5,112658,102959,1134162,1082.87,1499629,36077,52185,11193.24,2500,550,374,28.79,24578521,584285,609996,101816.6,885800,697124.6,0.00782313,0.99217687,0,52291,53851,55439,57056,58704,60385,62100,63849,65634,67460,69329,71244,73203,75208,77258,79354,81496,83683,85914,88189,90507,92866,95266,97704,100178,102686,105225,107795,110396,113028,115690,118382,121102,123849,126621,129417
United States of America,North America,321471000,37,13,8,3,5,313948608,46455931,837360,339895.1,54413312,34368823,3945395,184963.6,5595316,3481936,879370,10590.7,84191928,34318497,389097,298564.1,187621837,32298785,44924659,731263.5,9147420,6576994.98,0.01245147,0.5205385375,0.4670099925,329196,331758,334333,336914,339491,342062,344623,347173,349713,352233,354731,357207,359653,362064,364435,366756,369026,371243,373413,375530,377599,379623,381597,383531,385425,387284,389113,390912,392687,394449,396206,397957,399707,401452,403186,404908
Uruguay,South America,3419000,34,14,9,-2,5,286200,43035,21330,809,2016300,1133490,40546,5934,1095881,560095,2223,1960,1830000,1813400,23034,8621,1731203,551829,915181,746,175020,162943.62,0.07728279,0.0372717202,0.8854454898,3430,3441,3451,3461,3471,3482,3492,3504,3515,3526,3536,3546,3556,3565,3573,3581,3589,3596,3603,3610,3615,3620,3625,3629,3633,3636,3639,3641,3643,3644,3645,3645,3645,3644,3643,3641
Uzbekistan,Middle East,30739000,24,22,5,-1,8,256100,0,5166,264.71,6526700,137036,1984120,13641.43,79840,0,1491,229.41,0,0,3766,0,15690622,953845,851994,32164.45,425400,181645.8,0.00004536,0.99995464,0,29710,30087,30454,30811,31159,31495,31820,32133,32433,32719,32991,33249,33493,33723,33941,34147,34342,34525,34698,34863,35019,35168,35310,35444,35570,35687,35796,35897,35988,36069,36140,36200,36249,36287,36314,36330
Vanuatu,Oceania,271000,21,29,5,0,6,783,0,29,14.02,0,0,11823,0,0,0,11237,0,0,0,21,0,467923,86608,20255,1435.98,12190,11787.73,0.01517241,0.98482759,0,264,270,275,281,287,292,298,304,310,316,322,328,334,340,346,352,358,365,371,377,383,389,395,402,408,414,420,426,432,438,444,450,455,461,467,473
Venezuela,South America,30206000,26,20,5,0,NA,1653447,1,1182209,6102.76,237,92,1658683,7.45,544441,0,254101,1706.62,39000,0,137880,422.15,14901218,33414,2460589,25761.02,882050,821188.55,0.00001765,0.99998235,0,31293,31729,32160,32585,33004,33417,33823,34223,34617,35004,35383,35756,36121,36479,36829,37172,37507,37835,38155,38467,38772,39069,39359,39640,39914,40179,40436,40685,40926,41158,41382,41597,41804,42003,42193,42376
Viet Nam,Asia,90655000,29,17,7,0,NA,4835717,762,877847,11212.5538,0,67046,2486729,0,28279693,7354580,2491,76554.3968,266538,34300,909042,1813.8959,49651937,9698447,2534993,11932.1535,310070,297357.13,0.00230512,0.99769488,0,93387,94191,94962,95697,96395,97057,97680,98264,98812,99326,99811,100267,100695,101096,101474,101830,102166,102481,102775,103046,103293,103516,103715,103889,104036,104155,104245,104307,104339,104340,104310,104248,104155,104031,103878,103697
Yemen,Middle East,25956000,18,36,8,-1,26,67367,13606,451879,444.91,232339,115617,2806805,1244.63,0,2059,327800,0,0,0,2,0,2689408,405953,1480685,12830.46,527970,129880.62,0,1,0,25535,26107,26683,27263,27844,28423,29001,29577,30149,30717,31279,31836,32386,32928,33464,33991,34510,35021,35522,36015,36498,36972,37436,37890,38334,38769,39193,39606,40009,40401,40781,41149,41505,41849,42180,42497
Zambia,Africa,15111000,16,45,11,-1,50,3020380,521409,3748,11017.85,237332,67191,24561,376.31,32956,32,6309,274.9,116539,1242,2430,599.88,6275520,348374,180468,24091.06,743390,585047.93,0.00201045,0.99798955,0,15520,16034,16564,17111,17673,18252,18847,19457,20084,20727,21388,22066,22761,23475,24206,24957,25726,26514,27322,28150,28998,29867,30757,31668,32599,33552,34525,35518,36533,37568,38624,39700,40797,41914,43051,44206
Zimbabwe,Africa,14707000,19,33,9,6,33,1452000,1021,531292,16000,23000,1451,547609,120,424,190,124661,3.04,80000,0,3271,560,2929443,-418253,1498958,26316.96,386850,304450.95,0.0001093,0.9998907,0,15046,15483,15914,16332,16734,17118,17477,17813,18130,18439,18748,19059,19369,19679,19987,20292,20595,20897,21199,21500,21801,22103,22405,22707,23010,23313,23616,23920,24222,24522,24820,25115,25406,25694,25976,26254
