<country>
    <name>Afghanistan</name>
    <area>
        <vertex lat="37.231630" lon="74.891326"/>
        <vertex lat="37.225067" lon="74.840218"/>
        <vertex lat="37.249174" lon="74.767354"/>
        <vertex lat="37.285631" lon="74.738984"/>
        <vertex lat="37.290747" lon="74.726685"/>
        <vertex lat="37.266692" lon="74.668962"/>
        <vertex lat="37.236616" lon="74.558943"/>
        <vertex lat="37.157732" lon="74.372133"/>
        <vertex lat="37.137372" lon="74.376163"/>
        <vertex lat="37.057222" lon="74.497913"/>
        <vertex lat="37.030660" lon="74.526438"/>
        <vertex lat="37.022185" lon="74.541373"/>
        <vertex lat="36.983712" lon="74.431044"/>
        <vertex lat="36.896870" lon="74.194676"/>
        <vertex lat="36.825711" lon="74.038923"/>
        <vertex lat="36.823076" lon="74.001819"/>
        <vertex lat="36.852945" lon="73.907872"/>
        <vertex lat="36.888472" lon="73.769120"/>
        <vertex lat="36.887775" lon="73.731810"/>
        <vertex lat="36.881703" lon="73.411158"/>
        <vertex lat="36.868551" lon="73.116757"/>
        <vertex lat="36.851601" lon="72.993715"/>
        <vertex lat="36.835013" lon="72.766236"/>
        <vertex lat="36.829587" lon="72.622834"/>
        <vertex lat="36.802018" lon="72.531366"/>
        <vertex lat="36.765818" lon="72.431166"/>
        <vertex lat="36.742409" lon="72.326986"/>
        <vertex lat="36.734735" lon="72.249833"/>
        <vertex lat="36.700887" lon="72.156764"/>
        <vertex lat="36.633759" lon="72.095579"/>
        <vertex lat="36.534204" lon="71.920706"/>
        <vertex lat="36.486094" lon="71.822211"/>
        <vertex lat="36.431833" lon="71.772601"/>
        <vertex lat="36.426562" lon="71.716377"/>
        <vertex lat="36.436484" lon="71.620466"/>
        <vertex lat="36.377677" lon="71.545845"/>
        <vertex lat="36.293263" lon="71.463266"/>
        <vertex lat="36.171203" lon="71.312578"/>
        <vertex lat="36.121801" lon="71.232893"/>
        <vertex lat="36.042116" lon="71.185092"/>
        <vertex lat="36.000697" lon="71.220180"/>
        <vertex lat="35.938530" lon="71.342860"/>
        <vertex lat="35.880187" lon="71.397585"/>
        <vertex lat="35.833730" lon="71.427558"/>
        <vertex lat="35.714616" lon="71.483627"/>
        <vertex lat="35.597517" lon="71.519025"/>
        <vertex lat="35.546823" lon="71.571942"/>
        <vertex lat="35.460833" lon="71.587393"/>
        <vertex lat="35.407917" lon="71.600622"/>
        <vertex lat="35.370425" lon="71.571942"/>
        <vertex lat="35.328542" lon="71.545483"/>
        <vertex lat="35.288854" lon="71.545483"/>
        <vertex lat="35.248004" lon="71.577213"/>
        <vertex lat="35.211779" lon="71.605221"/>
        <vertex lat="35.183021" lon="71.620466"/>
        <vertex lat="35.150671" lon="71.601656"/>
        <vertex lat="35.101424" lon="71.545483"/>
        <vertex lat="35.051142" lon="71.517061"/>
        <vertex lat="34.966936" lon="71.455101"/>
        <vertex lat="34.909601" lon="71.358105"/>
        <vertex lat="34.867717" lon="71.294129"/>
        <vertex lat="34.779531" lon="71.225813"/>
        <vertex lat="34.681604" lon="71.113313"/>
        <vertex lat="34.599620" lon="71.065668"/>
        <vertex lat="34.554635" lon="71.016317"/>
        <vertex lat="34.530373" lon="70.965622"/>
        <vertex lat="34.486293" lon="70.978851"/>
        <vertex lat="34.431154" lon="71.022931"/>
        <vertex lat="34.369427" lon="71.095692"/>
        <vertex lat="34.273231" lon="71.092436"/>
        <vertex lat="34.204062" lon="71.089077"/>
        <vertex lat="34.120269" lon="71.091299"/>
        <vertex lat="34.049731" lon="71.051612"/>
        <vertex lat="33.981905" lon="70.848420"/>
        <vertex lat="33.952295" lon="70.654013"/>
        <vertex lat="33.950434" lon="70.415733"/>
        <vertex lat="33.961157" lon="70.325713"/>
        <vertex lat="33.975963" lon="70.253624"/>
        <vertex lat="34.051824" lon="69.994725"/>
        <vertex lat="34.007279" lon="69.889667"/>
        <vertex lat="33.897647" lon="69.868066"/>
        <vertex lat="33.719854" lon="70.056634"/>
        <vertex lat="33.620739" lon="70.134148"/>
        <vertex lat="33.454677" lon="70.219725"/>
        <vertex lat="33.369049" lon="70.284165"/>
        <vertex lat="33.289028" lon="70.261169"/>
        <vertex lat="33.198103" lon="70.090223"/>
        <vertex lat="33.112475" lon="69.920105"/>
        <vertex lat="33.094724" lon="69.703684"/>
        <vertex lat="33.064158" lon="69.567723"/>
        <vertex lat="33.020052" lon="69.501577"/>
        <vertex lat="32.832828" lon="69.453156"/>
        <vertex lat="32.764279" lon="69.404581"/>
        <vertex lat="32.682708" lon="69.405407"/>
        <vertex lat="32.590311" lon="69.359467"/>
        <vertex lat="32.530573" lon="69.289911"/>
        <vertex lat="32.433550" lon="69.241438"/>
        <vertex lat="32.249453" lon="69.256579"/>
        <vertex lat="31.936811" lon="69.279317"/>
        <vertex lat="31.838109" lon="69.186919"/>
        <vertex lat="31.738451" lon="69.083101"/>
        <vertex lat="31.667370" lon="68.973392"/>
        <vertex lat="31.634245" lon="68.869006"/>
        <vertex lat="31.646441" lon="68.782293"/>
        <vertex lat="31.708039" lon="68.713667"/>
        <vertex lat="31.759715" lon="68.673256"/>
        <vertex lat="31.802969" lon="68.597601"/>
        <vertex lat="31.794158" lon="68.520655"/>
        <vertex lat="31.754470" lon="68.443244"/>
        <vertex lat="31.767699" lon="68.319789"/>
        <vertex lat="31.807387" lon="68.213956"/>
        <vertex lat="31.802969" lon="68.161039"/>
        <vertex lat="31.763281" lon="68.130188"/>
        <vertex lat="31.677963" lon="68.017172"/>
        <vertex lat="31.548178" lon="67.739876"/>
        <vertex lat="31.538773" lon="67.626705"/>
        <vertex lat="31.506475" lon="67.578232"/>
        <vertex lat="31.453300" lon="67.597559"/>
        <vertex lat="31.409969" lon="67.647065"/>
        <vertex lat="31.379248" lon="67.733468"/>
        <vertex lat="31.343953" lon="67.737861"/>
        <vertex lat="31.312999" lon="67.661483"/>
        <vertex lat="31.277678" lon="67.596370"/>
        <vertex lat="31.234631" lon="67.452865"/>
        <vertex lat="31.217836" lon="67.287294"/>
        <vertex lat="31.242925" lon="67.115935"/>
        <vertex lat="31.300260" lon="67.027723"/>
        <vertex lat="31.305635" lon="66.924318"/>
        <vertex lat="31.263673" lon="66.829286"/>
        <vertex lat="31.194556" lon="66.731359"/>
        <vertex lat="31.046064" lon="66.624182"/>
        <vertex lat="31.019967" lon="66.595811"/>
        <vertex lat="30.996558" lon="66.566821"/>
        <vertex lat="30.964570" lon="66.497368"/>
        <vertex lat="30.912196" lon="66.397167"/>
        <vertex lat="30.802771" lon="66.346886"/>
        <vertex lat="30.607925" lon="66.286890"/>
        <vertex lat="30.502996" lon="66.300946"/>
        <vertex lat="30.321147" lon="66.305442"/>
        <vertex lat="30.193454" lon="66.281825"/>
        <vertex lat="30.109635" lon="66.238417"/>
        <vertex lat="30.043489" lon="66.247202"/>
        <vertex lat="29.968533" lon="66.313348"/>
        <vertex lat="29.920009" lon="66.286890"/>
        <vertex lat="29.865723" lon="66.231234"/>
        <vertex lat="29.835595" lon="66.177077"/>
        <vertex lat="29.778906" lon="65.961587"/>
        <vertex lat="29.701314" lon="65.666256"/>
        <vertex lat="29.651575" lon="65.470970"/>
        <vertex lat="29.577626" lon="65.180446"/>
        <vertex lat="29.559488" lon="65.095490"/>
        <vertex lat="29.552770" lon="64.918911"/>
        <vertex lat="29.564165" lon="64.827289"/>
        <vertex lat="29.567136" lon="64.703575"/>
        <vertex lat="29.564501" lon="64.521106"/>
        <vertex lat="29.544321" lon="64.393724"/>
        <vertex lat="29.506933" lon="64.266083"/>
        <vertex lat="29.460373" lon="64.172135"/>
        <vertex lat="29.414277" lon="64.117926"/>
        <vertex lat="29.391953" lon="64.098755"/>
        <vertex lat="29.430090" lon="63.971010"/>
        <vertex lat="29.497993" lon="63.567624"/>
        <vertex lat="29.408334" lon="62.476528"/>
        <vertex lat="29.425388" lon="62.373485"/>
        <vertex lat="29.530420" lon="62.001001"/>
        <vertex lat="29.665657" lon="61.521444"/>
        <vertex lat="29.749425" lon="61.224356"/>
        <vertex lat="29.858695" lon="60.843398"/>
        <vertex lat="30.128394" lon="61.104157"/>
        <vertex lat="30.363728" lon="61.331688"/>
        <vertex lat="30.599373" lon="61.559478"/>
        <vertex lat="30.831917" lon="61.784219"/>
        <vertex lat="30.913307" lon="61.810832"/>
        <vertex lat="31.072548" lon="61.814294"/>
        <vertex lat="31.285300" lon="61.755022"/>
        <vertex lat="31.382426" lon="61.660195"/>
        <vertex lat="31.421648" lon="61.346468"/>
        <vertex lat="31.451130" lon="61.110720"/>
        <vertex lat="31.483247" lon="60.854043"/>
        <vertex lat="31.495184" lon="60.820763"/>
        <vertex lat="31.660600" lon="60.791618"/>
        <vertex lat="31.734497" lon="60.804330"/>
        <vertex lat="31.877176" lon="60.787535"/>
        <vertex lat="31.987092" lon="60.789913"/>
        <vertex lat="32.167959" lon="60.827275"/>
        <vertex lat="32.249401" lon="60.829342"/>
        <vertex lat="32.599974" lon="60.710434"/>
        <vertex lat="32.794381" lon="60.644495"/>
        <vertex lat="32.994860" lon="60.576541"/>
        <vertex lat="33.058783" lon="60.561968"/>
        <vertex lat="33.137823" lon="60.560521"/>
        <vertex lat="33.323548" lon="60.718031"/>
        <vertex lat="33.363829" lon="60.766865"/>
        <vertex lat="33.456227" lon="60.859262"/>
        <vertex lat="33.505242" lon="60.917037"/>
        <vertex lat="33.538987" lon="60.906908"/>
        <vertex lat="33.558675" lon="60.806397"/>
        <vertex lat="33.560407" lon="60.654572"/>
        <vertex lat="33.588312" lon="60.573853"/>
        <vertex lat="33.638903" lon="60.510808"/>
        <vertex lat="33.711896" lon="60.485900"/>
        <vertex lat="33.841966" lon="60.527035"/>
        <vertex lat="34.094793" lon="60.485797"/>
        <vertex lat="34.219643" lon="60.570184"/>
        <vertex lat="34.307157" lon="60.642686"/>
        <vertex lat="34.319430" lon="60.889493"/>
        <vertex lat="34.418003" lon="60.803917"/>
        <vertex lat="34.475260" lon="60.762627"/>
        <vertex lat="34.491797" lon="60.736169"/>
        <vertex lat="34.518255" lon="60.726247"/>
        <vertex lat="34.544713" lon="60.739476"/>
        <vertex lat="34.554635" lon="60.802315"/>
        <vertex lat="34.587708" lon="60.845310"/>
        <vertex lat="34.634010" lon="60.914763"/>
        <vertex lat="34.653854" lon="60.951143"/>
        <vertex lat="34.710078" lon="60.957758"/>
        <vertex lat="34.749766" lon="60.990831"/>
        <vertex lat="34.799375" lon="61.040440"/>
        <vertex lat="34.855599" lon="61.080127"/>
        <vertex lat="34.921745" lon="61.070206"/>
        <vertex lat="35.001120" lon="61.106586"/>
        <vertex lat="35.050729" lon="61.123122"/>
        <vertex lat="35.093724" lon="61.149581"/>
        <vertex lat="35.156562" lon="61.126429"/>
        <vertex lat="35.209479" lon="61.106586"/>
        <vertex lat="35.272318" lon="61.099971"/>
        <vertex lat="35.288854" lon="61.139659"/>
        <vertex lat="35.312005" lon="61.189268"/>
        <vertex lat="35.361614" lon="61.199190"/>
        <vertex lat="35.424453" lon="61.225648"/>
        <vertex lat="35.474062" lon="61.245492"/>
        <vertex lat="35.513750" lon="61.278565"/>
        <vertex lat="35.553437" lon="61.281872"/>
        <vertex lat="35.619583" lon="61.262028"/>
        <vertex lat="35.629505" lon="61.344711"/>
        <vertex lat="35.593125" lon="61.377784"/>
        <vertex lat="35.545789" lon="61.421812"/>
        <vertex lat="35.457862" lon="61.542735"/>
        <vertex lat="35.432334" lon="61.620973"/>
        <vertex lat="35.419415" lon="61.719778"/>
        <vertex lat="35.431481" lon="61.841011"/>
        <vertex lat="35.447888" lon="61.938060"/>
        <vertex lat="35.443703" lon="61.983897"/>
        <vertex lat="35.379675" lon="62.089678"/>
        <vertex lat="35.289965" lon="62.213082"/>
        <vertex lat="35.250226" lon="62.252821"/>
        <vertex lat="35.189119" lon="62.271166"/>
        <vertex lat="35.170773" lon="62.307856"/>
        <vertex lat="35.231235" lon="62.386611"/>
        <vertex lat="35.251389" lon="62.462834"/>
        <vertex lat="35.239891" lon="62.533114"/>
        <vertex lat="35.233147" lon="62.610577"/>
        <vertex lat="35.255342" lon="62.688143"/>
        <vertex lat="35.271336" lon="62.722714"/>
        <vertex lat="35.349677" lon="62.858003"/>
        <vertex lat="35.409157" lon="62.980218"/>
        <vertex lat="35.445821" lon="63.056596"/>
        <vertex lat="35.568088" lon="63.084139"/>
        <vertex lat="35.637541" lon="63.119279"/>
        <vertex lat="35.678107" lon="63.169716"/>
        <vertex lat="35.728259" lon="63.150802"/>
        <vertex lat="35.766732" lon="63.129976"/>
        <vertex lat="35.818693" lon="63.108582"/>
        <vertex lat="35.846210" lon="63.129976"/>
        <vertex lat="35.858432" lon="63.178862"/>
        <vertex lat="35.858406" lon="63.301646"/>
        <vertex lat="35.913131" lon="63.516981"/>
        <vertex lat="35.967831" lon="63.696609"/>
        <vertex lat="36.012350" lon="63.862490"/>
        <vertex lat="36.019740" lon="63.938092"/>
        <vertex lat="36.012117" lon="64.009664"/>
        <vertex lat="36.025088" lon="64.042376"/>
        <vertex lat="36.067644" lon="64.051316"/>
        <vertex lat="36.112680" lon="64.092243"/>
        <vertex lat="36.148905" lon="64.184331"/>
        <vertex lat="36.226058" lon="64.358067"/>
        <vertex lat="36.340676" lon="64.511029"/>
        <vertex lat="36.427596" lon="64.565858"/>
        <vertex lat="36.554539" lon="64.602600"/>
        <vertex lat="36.750212" lon="64.674327"/>
        <vertex lat="36.964798" lon="64.753082"/>
        <vertex lat="37.059289" lon="64.782382"/>
        <vertex lat="37.132101" lon="64.816333"/>
        <vertex lat="37.193544" lon="64.951622"/>
        <vertex lat="37.237934" lon="65.089702"/>
        <vertex lat="37.246771" lon="65.303591"/>
        <vertex lat="37.251163" lon="65.554945"/>
        <vertex lat="37.368417" lon="65.608016"/>
        <vertex lat="37.467843" lon="65.641244"/>
        <vertex lat="37.519157" lon="65.682947"/>
        <vertex lat="37.560860" lon="65.743874"/>
        <vertex lat="37.569128" lon="65.765009"/>
        <vertex lat="37.508098" lon="65.900712"/>
        <vertex lat="37.414771" lon="66.108451"/>
        <vertex lat="37.368159" lon="66.350297"/>
        <vertex lat="37.344723" lon="66.471840"/>
        <vertex lat="37.348496" lon="66.522276"/>
        <vertex lat="37.371311" lon="66.827684"/>
        <vertex lat="37.334827" lon="67.068857"/>
        <vertex lat="37.235195" lon="67.195465"/>
        <vertex lat="37.209590" lon="67.319747"/>
        <vertex lat="37.257985" lon="67.441703"/>
        <vertex lat="37.266666" lon="67.517254"/>
        <vertex lat="37.235660" lon="67.546503"/>
        <vertex lat="37.222509" lon="67.607378"/>
        <vertex lat="37.227263" lon="67.699982"/>
        <vertex lat="37.199797" lon="67.752898"/>
        <vertex lat="37.172227" lon="67.758996"/>
        <vertex lat="37.140111" lon="67.766024"/>
        <vertex lat="37.064198" lon="67.834444"/>
        <vertex lat="36.972007" lon="67.957950"/>
        <vertex lat="36.949812" lon="68.067815"/>
        <vertex lat="37.021513" lon="68.212095"/>
        <vertex lat="37.013090" lon="68.260981"/>
        <vertex lat="37.036344" lon="68.284752"/>
        <vertex lat="37.088434" lon="68.299532"/>
        <vertex lat="37.137475" lon="68.386865"/>
        <vertex lat="37.183467" lon="68.546545"/>
        <vertex lat="37.224472" lon="68.636979"/>
        <vertex lat="37.258424" lon="68.669173"/>
        <vertex lat="37.268010" lon="68.723227"/>
        <vertex lat="37.257985" lon="68.782086"/>
        <vertex lat="37.270723" lon="68.823737"/>
        <vertex lat="37.302840" lon="68.838465"/>
        <vertex lat="37.316844" lon="68.855363"/>
        <vertex lat="37.328058" lon="68.885284"/>
        <vertex lat="37.333949" lon="68.911794"/>
        <vertex lat="37.325061" lon="68.960473"/>
        <vertex lat="37.266511" lon="69.049977"/>
        <vertex lat="37.158275" lon="69.180201"/>
        <vertex lat="37.108407" lon="69.264847"/>
        <vertex lat="37.116934" lon="69.303915"/>
        <vertex lat="37.150058" lon="69.353834"/>
        <vertex lat="37.207781" lon="69.414502"/>
        <vertex lat="37.290851" lon="69.429695"/>
        <vertex lat="37.399320" lon="69.399206"/>
        <vertex lat="37.486704" lon="69.420083"/>
        <vertex lat="37.553057" lon="69.492120"/>
        <vertex lat="37.594036" lon="69.625756"/>
        <vertex lat="37.609591" lon="69.820886"/>
        <vertex lat="37.600289" lon="69.940620"/>
        <vertex lat="37.566157" lon="69.984959"/>
        <vertex lat="37.547218" lon="70.044696"/>
        <vertex lat="37.543497" lon="70.119834"/>
        <vertex lat="37.582487" lon="70.188719"/>
        <vertex lat="37.664187" lon="70.251454"/>
        <vertex lat="37.765370" lon="70.254968"/>
        <vertex lat="37.886008" lon="70.199467"/>
        <vertex lat="37.924430" lon="70.214660"/>
        <vertex lat="37.941199" lon="70.238741"/>
        <vertex lat="37.984814" lon="70.313259"/>
        <vertex lat="38.075454" lon="70.417749"/>
        <vertex lat="38.191984" lon="70.518569"/>
        <vertex lat="38.334430" lon="70.615824"/>
        <vertex lat="38.422565" lon="70.735920"/>
        <vertex lat="38.456413" lon="70.878857"/>
        <vertex lat="38.417862" lon="71.052180"/>
        <vertex lat="38.306964" lon="71.255889"/>
        <vertex lat="38.170280" lon="71.332732"/>
        <vertex lat="38.007913" lon="71.282812"/>
        <vertex lat="37.918409" lon="71.278523"/>
        <vertex lat="37.901847" lon="71.319967"/>
        <vertex lat="37.906317" lon="71.389679"/>
        <vertex lat="37.931897" lon="71.487761"/>
        <vertex lat="37.933137" lon="71.551943"/>
        <vertex lat="37.910089" lon="71.582225"/>
        <vertex lat="37.864252" lon="71.580365"/>
        <vertex lat="37.795652" lon="71.546155"/>
        <vertex lat="37.602925" lon="71.505021"/>
        <vertex lat="37.436036" lon="71.479648"/>
        <vertex lat="37.271834" lon="71.454791"/>
        <vertex lat="37.127553" lon="71.432880"/>
        <vertex lat="37.015105" lon="71.471845"/>
        <vertex lat="36.845090" lon="71.530859"/>
        <vertex lat="36.732926" lon="71.597522"/>
        <vertex lat="36.696908" lon="71.665631"/>
        <vertex lat="36.684014" lon="71.733741"/>
        <vertex lat="36.694298" lon="71.802057"/>
        <vertex lat="36.766438" lon="71.941945"/>
        <vertex lat="36.900539" lon="72.153508"/>
        <vertex lat="36.982937" lon="72.358819"/>
        <vertex lat="37.029058" lon="72.657405"/>
        <vertex lat="37.172693" lon="72.757089"/>
        <vertex lat="37.267545" lon="72.895530"/>
        <vertex lat="37.408518" lon="73.211170"/>
        <vertex lat="37.462261" lon="73.382942"/>
        <vertex lat="37.471667" lon="73.481334"/>
        <vertex lat="37.446061" lon="73.604634"/>
        <vertex lat="37.437224" lon="73.632643"/>
        <vertex lat="37.430480" lon="73.657137"/>
        <vertex lat="37.418750" lon="73.720596"/>
        <vertex lat="37.375755" lon="73.733825"/>
        <vertex lat="37.329453" lon="73.717289"/>
        <vertex lat="37.291187" lon="73.648818"/>
        <vertex lat="37.261576" lon="73.627579"/>
        <vertex lat="37.239381" lon="73.653468"/>
        <vertex lat="37.231785" lon="73.749638"/>
        <vertex lat="37.283151" lon="73.948799"/>
        <vertex lat="37.316224" lon="74.077784"/>
        <vertex lat="37.329453" lon="74.167081"/>
        <vertex lat="37.372448" lon="74.203461"/>
        <vertex lat="37.415443" lon="74.259685"/>
        <vertex lat="37.418750" lon="74.348982"/>
        <vertex lat="37.395599" lon="74.444893"/>
        <vertex lat="37.382370" lon="74.524268"/>
        <vertex lat="37.394488" lon="74.659402"/>
        <vertex lat="37.357022" lon="74.730560"/>
        <vertex lat="37.285916" lon="74.830503"/>
        <vertex lat="37.241965" lon="74.875358"/>
        <vertex lat="37.231630" lon="74.891326"/>
    </area>
</country>
