<country>
<name>Andorra</name>
<area>
<vertex lat="42.503297" lon="1.706025"/>
<vertex lat="42.496657" lon="1.678482"/>
<vertex lat="42.455962" lon="1.586394"/>
<vertex lat="42.441699" lon="1.534046"/>
<vertex lat="42.434464" lon="1.486194"/>
<vertex lat="42.437436" lon="1.448832"/>
<vertex lat="42.461310" lon="1.428161"/>
<vertex lat="42.497871" lon="1.430280"/>
<vertex lat="42.530815" lon="1.421960"/>
<vertex lat="42.548411" lon="1.414829"/>
<vertex lat="42.595902" lon="1.428316"/>
<vertex lat="42.621688" lon="1.458857"/>
<vertex lat="42.642720" lon="1.501335"/>
<vertex lat="42.634995" lon="1.568153"/>
<vertex lat="42.604428" lon="1.709901"/>
<vertex lat="42.575929" lon="1.739460"/>
<vertex lat="42.556731" lon="1.740184"/>
<vertex lat="42.525622" lon="1.713932"/>
<vertex lat="42.503297" lon="1.706025"/>
</area>
</country>
