<country>
<name>Antigua and Barbuda</name>
<area>
<vertex lat="17.036997" lon="-61.716072"/>
<vertex lat="16.997154" lon="-61.748163"/>
<vertex lat="17.013329" lon="-61.859655"/>
<vertex lat="17.063145" lon="-61.882057"/>
<vertex lat="17.098130" lon="-61.887121"/>
<vertex lat="17.168927" lon="-61.817255"/>
<vertex lat="17.138489" lon="-61.738577"/>
<vertex lat="17.105054" lon="-61.708218"/>
<vertex lat="17.098440" lon="-61.686048"/>
<vertex lat="17.069811" lon="-61.686488"/>
<vertex lat="17.048934" lon="-61.694988"/>
<vertex lat="17.036997" lon="-61.716072"/>
</area>
<area>
<vertex lat="17.574948" lon="-61.747104"/>
<vertex lat="17.548697" lon="-61.762013"/>
<vertex lat="17.596136" lon="-61.843816"/>
<vertex lat="17.685432" lon="-61.868750"/>
<vertex lat="17.704320" lon="-61.866167"/>
<vertex lat="17.714061" lon="-61.852446"/>
<vertex lat="17.696853" lon="-61.819916"/>
<vertex lat="17.690497" lon="-61.776740"/>
<vertex lat="17.661351" lon="-61.749585"/>
<vertex lat="17.574948" lon="-61.747104"/>
</area>
</country>
