<country>
<name>Bahrain</name>
<area>
<vertex lat="25.883123" lon="50.607278"/>
<vertex lat="25.806797" lon="50.574929"/>
<vertex lat="25.833514" lon="50.544026"/>
<vertex lat="25.965547" lon="50.465892"/>
<vertex lat="26.058461" lon="50.489456"/>
<vertex lat="26.190805" lon="50.452456"/>
<vertex lat="26.228942" lon="50.469922"/>
<vertex lat="26.246434" lon="50.564077"/>
<vertex lat="26.240724" lon="50.585884"/>
<vertex lat="26.198298" lon="50.557772"/>
<vertex lat="26.124452" lon="50.609759"/>
<vertex lat="26.002341" lon="50.617510"/>
<vertex lat="25.883123" lon="50.607278"/>
</area>
</country>
