<country>
<name>Brazil</name>
<area>
<vertex lat="-27.767039" lon="-48.485898"/>
<vertex lat="-27.812204" lon="-48.554602"/>
<vertex lat="-27.574802" lon="-48.542199"/>
<vertex lat="-27.495531" lon="-48.505199"/>
<vertex lat="-27.436361" lon="-48.464762"/>
<vertex lat="-27.399619" lon="-48.414895"/>
<vertex lat="-27.451502" lon="-48.377920"/>
<vertex lat="-27.566327" lon="-48.409598"/>
<vertex lat="-27.706991" lon="-48.496750"/>
<vertex lat="-27.767039" lon="-48.485898"/>
</area>
<area>
<vertex lat="-26.401541" lon="-48.584419"/>
<vertex lat="-26.413736" lon="-48.603074"/>
<vertex lat="-26.289661" lon="-48.665758"/>
<vertex lat="-26.170340" lon="-48.539719"/>
<vertex lat="-26.218709" lon="-48.497603"/>
<vertex lat="-26.313174" lon="-48.531089"/>
<vertex lat="-26.379733" lon="-48.568064"/>
<vertex lat="-26.401541" lon="-48.584419"/>
</area>
<area>
<vertex lat="-23.889136" lon="-45.260281"/>
<vertex lat="-23.941329" lon="-45.260901"/>
<vertex lat="-23.914767" lon="-45.302552"/>
<vertex lat="-23.934921" lon="-45.412830"/>
<vertex lat="-23.895647" lon="-45.451406"/>
<vertex lat="-23.727492" lon="-45.302346"/>
<vertex lat="-23.751987" lon="-45.272296"/>
<vertex lat="-23.782579" lon="-45.249067"/>
<vertex lat="-23.825367" lon="-45.233125"/>
<vertex lat="-23.853066" lon="-45.250307"/>
<vertex lat="-23.889136" lon="-45.260281"/>
</area>
<area>
<vertex lat="-23.141895" lon="-44.129291"/>
<vertex lat="-23.169283" lon="-44.098026"/>
<vertex lat="-23.166596" lon="-44.155749"/>
<vertex lat="-23.190781" lon="-44.220499"/>
<vertex lat="-23.212278" lon="-44.320054"/>
<vertex lat="-23.172074" lon="-44.360129"/>
<vertex lat="-23.116160" lon="-44.274140"/>
<vertex lat="-23.074095" lon="-44.242849"/>
<vertex lat="-23.082932" lon="-44.220422"/>
<vertex lat="-23.113266" lon="-44.191612"/>
<vertex lat="-23.141895" lon="-44.129291"/>
</area>
<area>
<vertex lat="-13.473441" lon="-38.903563"/>
<vertex lat="-13.532352" lon="-38.937902"/>
<vertex lat="-13.523515" lon="-38.977589"/>
<vertex lat="-13.484086" lon="-38.993196"/>
<vertex lat="-13.445587" lon="-39.022186"/>
<vertex lat="-13.415563" lon="-39.006606"/>
<vertex lat="-13.398407" lon="-38.980122"/>
<vertex lat="-13.401094" lon="-38.907129"/>
<vertex lat="-13.473441" lon="-38.903563"/>
</area>
<area>
<vertex lat="-13.097081" lon="-38.743857"/>
<vertex lat="-13.118630" lon="-38.783002"/>
<vertex lat="-13.055068" lon="-38.786955"/>
<vertex lat="-12.974867" lon="-38.684868"/>
<vertex lat="-12.880195" lon="-38.668099"/>
<vertex lat="-12.924017" lon="-38.614537"/>
<vertex lat="-12.972490" lon="-38.600300"/>
<vertex lat="-12.992540" lon="-38.601153"/>
<vertex lat="-13.097081" lon="-38.743857"/>
</area>
<area>
<vertex lat="-2.939614" lon="-44.499294"/>
<vertex lat="-3.037592" lon="-44.597737"/>
<vertex lat="-2.923904" lon="-44.565336"/>
<vertex lat="-2.845562" lon="-44.581873"/>
<vertex lat="-2.784998" lon="-44.569109"/>
<vertex lat="-2.726293" lon="-44.501929"/>
<vertex lat="-2.717612" lon="-44.481465"/>
<vertex lat="-2.789752" lon="-44.487331"/>
<vertex lat="-2.811869" lon="-44.482551"/>
<vertex lat="-2.939614" lon="-44.499294"/>
</area>
<area>
<vertex lat="-1.317904" lon="-44.883120"/>
<vertex lat="-1.366015" lon="-44.947122"/>
<vertex lat="-1.390871" lon="-44.967896"/>
<vertex lat="-1.372371" lon="-45.020864"/>
<vertex lat="-1.344724" lon="-45.011201"/>
<vertex lat="-1.347566" lon="-44.995620"/>
<vertex lat="-1.267261" lon="-44.978644"/>
<vertex lat="-1.276873" lon="-44.888262"/>
<vertex lat="-1.317904" lon="-44.883120"/>
</area>
<area>
<vertex lat="-1.433762" lon="-51.832541"/>
<vertex lat="-1.452676" lon="-51.938400"/>
<vertex lat="-1.202510" lon="-51.802052"/>
<vertex lat="-1.086083" lon="-51.680018"/>
<vertex lat="-0.855090" lon="-51.678287"/>
<vertex lat="-0.649624" lon="-51.546047"/>
<vertex lat="-0.565908" lon="-51.424478"/>
<vertex lat="-0.541362" lon="-51.254024"/>
<vertex lat="-0.666677" lon="-51.160748"/>
<vertex lat="-1.021798" lon="-51.276322"/>
<vertex lat="-1.023865" lon="-51.310093"/>
<vertex lat="-1.211140" lon="-51.465122"/>
<vertex lat="-1.341933" lon="-51.637721"/>
<vertex lat="-1.433762" lon="-51.832541"/>
</area>
<area>
<vertex lat="-0.229185" lon="-49.628645"/>
<vertex lat="-0.233629" lon="-49.535214"/>
<vertex lat="-0.214612" lon="-49.402896"/>
<vertex lat="-0.167896" lon="-49.314271"/>
<vertex lat="-0.158698" lon="-49.215104"/>
<vertex lat="-0.163607" lon="-49.116971"/>
<vertex lat="-0.215490" lon="-48.786577"/>
<vertex lat="-0.231665" lon="-48.588036"/>
<vertex lat="-0.248253" lon="-48.515405"/>
<vertex lat="-0.271869" lon="-48.444479"/>
<vertex lat="-0.297346" lon="-48.392648"/>
<vertex lat="-0.352795" lon="-48.379703"/>
<vertex lat="-0.441471" lon="-48.428046"/>
<vertex lat="-0.534799" lon="-48.463961"/>
<vertex lat="-0.664972" lon="-48.497448"/>
<vertex lat="-0.691379" lon="-48.523338"/>
<vertex lat="-0.684454" lon="-48.566642"/>
<vertex lat="-0.800933" lon="-48.539693"/>
<vertex lat="-0.847545" lon="-48.549486"/>
<vertex lat="-0.892865" lon="-48.570957"/>
<vertex lat="-0.986916" lon="-48.624055"/>
<vertex lat="-1.106650" lon="-48.704593"/>
<vertex lat="-1.131765" lon="-48.728519"/>
<vertex lat="-1.173313" lon="-48.789833"/>
<vertex lat="-1.226540" lon="-48.839701"/>
<vertex lat="-1.276563" lon="-48.829030"/>
<vertex lat="-1.326947" lon="-48.804044"/>
<vertex lat="-1.390044" lon="-48.833603"/>
<vertex lat="-1.482286" lon="-48.928920"/>
<vertex lat="-1.504662" lon="-48.985919"/>
<vertex lat="-1.514067" lon="-49.038500"/>
<vertex lat="-1.505127" lon="-49.086869"/>
<vertex lat="-1.412575" lon="-49.172704"/>
<vertex lat="-1.484974" lon="-49.181695"/>
<vertex lat="-1.558974" lon="-49.204795"/>
<vertex lat="-1.599540" lon="-49.233966"/>
<vertex lat="-1.595251" lon="-49.344838"/>
<vertex lat="-1.555564" lon="-49.406591"/>
<vertex lat="-1.511587" lon="-49.506663"/>
<vertex lat="-1.630494" lon="-49.525654"/>
<vertex lat="-1.712402" lon="-49.587898"/>
<vertex lat="-1.738136" lon="-49.650556"/>
<vertex lat="-1.755396" lon="-49.748792"/>
<vertex lat="-1.790226" lon="-49.805120"/>
<vertex lat="-1.762993" lon="-49.911341"/>
<vertex lat="-1.708474" lon="-50.009991"/>
<vertex lat="-1.703823" lon="-50.065750"/>
<vertex lat="-1.747852" lon="-50.109287"/>
<vertex lat="-1.755965" lon="-50.338421"/>
<vertex lat="-1.800717" lon="-50.443479"/>
<vertex lat="-1.788004" lon="-50.507609"/>
<vertex lat="-1.697777" lon="-50.602048"/>
<vertex lat="-1.637678" lon="-50.617163"/>
<vertex lat="-1.516031" lon="-50.673387"/>
<vertex lat="-1.371441" lon="-50.723849"/>
<vertex lat="-1.240286" lon="-50.759790"/>
<vertex lat="-1.126804" lon="-50.729508"/>
<vertex lat="-1.130525" lon="-50.668323"/>
<vertex lat="-1.147423" lon="-50.595924"/>
<vertex lat="-1.139413" lon="-50.580525"/>
<vertex lat="-1.103085" lon="-50.576959"/>
<vertex lat="-1.072957" lon="-50.592927"/>
<vertex lat="-1.077712" lon="-50.709612"/>
<vertex lat="-1.010377" lon="-50.783303"/>
<vertex lat="-0.906301" lon="-50.796119"/>
<vertex lat="-0.689828" lon="-50.780978"/>
<vertex lat="-0.645387" lon="-50.771366"/>
<vertex lat="-0.583427" lon="-50.719896"/>
<vertex lat="-0.528495" lon="-50.703075"/>
<vertex lat="-0.470255" lon="-50.715814"/>
<vertex lat="-0.364422" lon="-50.693696"/>
<vertex lat="-0.272851" lon="-50.645482"/>
<vertex lat="-0.157406" lon="-50.461566"/>
<vertex lat="-0.116375" lon="-50.248245"/>
<vertex lat="-0.229185" lon="-49.628645"/>
</area>
<area>
<vertex lat="-0.131620" lon="-50.652872"/>
<vertex lat="-0.327370" lon="-50.926343"/>
<vertex lat="-0.263084" lon="-51.018999"/>
<vertex lat="-0.225877" lon="-51.038068"/>
<vertex lat="-0.188360" lon="-51.022358"/>
<vertex lat="-0.172341" lon="-51.025717"/>
<vertex lat="-0.105265" lon="-50.995073"/>
<vertex lat="-0.050178" lon="-50.842214"/>
<vertex lat="-0.040876" lon="-50.765268"/>
<vertex lat="-0.058032" lon="-50.667005"/>
<vertex lat="-0.105885" lon="-50.650572"/>
<vertex lat="-0.131620" lon="-50.652872"/>
</area>
<area>
<vertex lat="-0.112396" lon="-49.443902"/>
<vertex lat="-0.143712" lon="-49.708847"/>
<vertex lat="-0.093896" lon="-49.830080"/>
<vertex lat="-0.051831" lon="-49.802691"/>
<vertex lat="0.015142" lon="-49.712309"/>
<vertex lat="0.062684" lon="-49.602186"/>
<vertex lat="0.083664" lon="-49.503484"/>
<vertex lat="0.057206" lon="-49.400493"/>
<vertex lat="0.001086" lon="-49.372304"/>
<vertex lat="-0.055449" lon="-49.380882"/>
<vertex lat="-0.112396" lon="-49.443902"/>
</area>
<area>
<vertex lat="0.268149" lon="-49.738225"/>
<vertex lat="0.215956" lon="-49.697271"/>
<vertex lat="0.006873" lon="-49.838968"/>
<vertex lat="-0.023202" lon="-49.917077"/>
<vertex lat="-0.029300" lon="-50.002472"/>
<vertex lat="0.033022" lon="-50.113137"/>
<vertex lat="0.028577" lon="-50.285607"/>
<vertex lat="0.043357" lon="-50.339454"/>
<vertex lat="0.134462" lon="-50.345139"/>
<vertex lat="0.231717" lon="-50.272662"/>
<vertex lat="0.226498" lon="-50.127994"/>
<vertex lat="0.304530" lon="-49.879017"/>
<vertex lat="0.268149" lon="-49.738225"/>
</area>
<area>
<vertex lat="0.139268" lon="-50.426141"/>
<vertex lat="-0.007648" lon="-50.443944"/>
<vertex lat="0.054416" lon="-50.623933"/>
<vertex lat="0.204794" lon="-50.610445"/>
<vertex lat="0.246910" lon="-50.526213"/>
<vertex lat="0.326905" lon="-50.451592"/>
<vertex lat="0.424936" lon="-50.426064"/>
<vertex lat="0.558261" lon="-50.424565"/>
<vertex lat="0.581412" lon="-50.396867"/>
<vertex lat="0.590869" lon="-50.372734"/>
<vertex lat="0.581722" lon="-50.350978"/>
<vertex lat="0.381579" lon="-50.342529"/>
<vertex lat="0.259054" lon="-50.332271"/>
<vertex lat="0.139268" lon="-50.426141"/>
</area>
<area>
<vertex lat="0.393000" lon="-50.152902"/>
<vertex lat="0.359203" lon="-50.261319"/>
<vertex lat="0.390829" lon="-50.281551"/>
<vertex lat="0.516506" lon="-50.281706"/>
<vertex lat="0.585443" lon="-50.251191"/>
<vertex lat="0.604718" lon="-50.112801"/>
<vertex lat="0.625027" lon="-50.098616"/>
<vertex lat="0.638049" lon="-50.058825"/>
<vertex lat="0.594848" lon="-50.036811"/>
<vertex lat="0.522811" lon="-50.040041"/>
<vertex lat="0.393000" lon="-50.152902"/>
</area>
<area>
<vertex lat="1.938538" lon="-50.298991"/>
<vertex lat="1.892856" lon="-50.398779"/>
<vertex lat="1.910478" lon="-50.456088"/>
<vertex lat="2.029541" lon="-50.509004"/>
<vertex lat="2.128604" lon="-50.491021"/>
<vertex lat="2.161470" lon="-50.418752"/>
<vertex lat="2.154442" lon="-50.362657"/>
<vertex lat="2.141730" lon="-50.341986"/>
<vertex lat="1.979569" lon="-50.292067"/>
<vertex lat="1.938538" lon="-50.298991"/>
</area>
<area>
<vertex lat="5.257974" lon="-60.241666"/>
<vertex lat="5.238802" lon="-60.181722"/>
<vertex lat="5.238802" lon="-60.142034"/>
<vertex lat="5.194231" lon="-60.105964"/>
<vertex lat="5.144002" lon="-60.078084"/>
<vertex lat="5.082843" lon="-59.990674"/>
<vertex lat="4.989851" lon="-59.999381"/>
<vertex lat="4.907504" lon="-60.015478"/>
<vertex lat="4.812704" lon="-60.026744"/>
<vertex lat="4.740512" lon="-60.031782"/>
<vertex lat="4.666666" lon="-60.068964"/>
<vertex lat="4.597652" lon="-60.124567"/>
<vertex lat="4.569644" lon="-60.140923"/>
<vertex lat="4.533238" lon="-60.148649"/>
<vertex lat="4.511198" lon="-60.111157"/>
<vertex lat="4.504583" lon="-60.045012"/>
<vertex lat="4.501689" lon="-59.962355"/>
<vertex lat="4.480321" lon="-59.906105"/>
<vertex lat="4.475929" lon="-59.833345"/>
<vertex lat="4.416656" lon="-59.745805"/>
<vertex lat="4.381102" lon="-59.703275"/>
<vertex lat="4.353533" lon="-59.699710"/>
<vertex lat="4.287646" lon="-59.727486"/>
<vertex lat="4.226771" lon="-59.738544"/>
<vertex lat="4.188168" lon="-59.716892"/>
<vertex lat="4.160392" lon="-59.691209"/>
<vertex lat="4.023166" lon="-59.620205"/>
<vertex lat="3.975417" lon="-59.586409"/>
<vertex lat="3.959991" lon="-59.557754"/>
<vertex lat="3.933533" lon="-59.551140"/>
<vertex lat="3.883458" lon="-59.575402"/>
<vertex lat="3.819664" lon="-59.604444"/>
<vertex lat="3.752717" lon="-59.670202"/>
<vertex lat="3.699800" lon="-59.679013"/>
<vertex lat="3.666547" lon="-59.731620"/>
<vertex lat="3.587482" lon="-59.854403"/>
<vertex lat="3.462140" lon="-59.833061"/>
<vertex lat="3.398578" lon="-59.828823"/>
<vertex lat="3.349227" lon="-59.831149"/>
<vertex lat="3.283082" lon="-59.873032"/>
<vertex lat="3.087822" lon="-59.945664"/>
<vertex lat="2.990464" lon="-59.972303"/>
<vertex lat="2.765413" lon="-59.995919"/>
<vertex lat="2.689991" lon="-59.994317"/>
<vertex lat="2.588369" lon="-59.960779"/>
<vertex lat="2.362957" lon="-59.889646"/>
<vertex lat="2.327042" lon="-59.849132"/>
<vertex lat="2.274125" lon="-59.755210"/>
<vertex lat="2.121628" lon="-59.743505"/>
<vertex lat="1.962387" lon="-59.751774"/>
<vertex lat="1.900634" lon="-59.756192"/>
<vertex lat="1.874175" lon="-59.740741"/>
<vertex lat="1.861463" lon="-59.698547"/>
<vertex lat="1.842343" lon="-59.668523"/>
<vertex lat="1.795240" lon="-59.663769"/>
<vertex lat="1.746302" lon="-59.666611"/>
<vertex lat="1.718035" lon="-59.596615"/>
<vertex lat="1.700000" lon="-59.535689"/>
<vertex lat="1.632407" lon="-59.479439"/>
<vertex lat="1.527349" lon="-59.377688"/>
<vertex lat="1.508177" lon="-59.337251"/>
<vertex lat="1.464614" lon="-59.316968"/>
<vertex lat="1.376015" lon="-59.231185"/>
<vertex lat="1.343665" lon="-59.100392"/>
<vertex lat="1.304572" lon="-58.968514"/>
<vertex lat="1.248865" lon="-58.916631"/>
<vertex lat="1.203596" lon="-58.862526"/>
<vertex lat="1.201219" lon="-58.821753"/>
<vertex lat="1.208505" lon="-58.787233"/>
<vertex lat="1.247521" lon="-58.730337"/>
<vertex lat="1.281059" lon="-58.684604"/>
<vertex lat="1.279147" lon="-58.605074"/>
<vertex lat="1.284676" lon="-58.511875"/>
<vertex lat="1.312272" lon="-58.495675"/>
<vertex lat="1.347773" lon="-58.486864"/>
<vertex lat="1.438646" lon="-58.506062"/>
<vertex lat="1.466267" lon="-58.472963"/>
<vertex lat="1.481719" lon="-58.395784"/>
<vertex lat="1.530217" lon="-58.380359"/>
<vertex lat="1.556675" lon="-58.362711"/>
<vertex lat="1.587552" lon="-58.340671"/>
<vertex lat="1.591944" lon="-58.314213"/>
<vertex lat="1.574323" lon="-58.281140"/>
<vertex lat="1.563290" lon="-58.230419"/>
<vertex lat="1.547864" lon="-58.173084"/>
<vertex lat="1.516988" lon="-58.142234"/>
<vertex lat="1.514378" lon="-58.091332"/>
<vertex lat="1.520243" lon="-58.034669"/>
<vertex lat="1.539958" lon="-58.011777"/>
<vertex lat="1.574323" lon="-57.995137"/>
<vertex lat="1.648427" lon="-57.982838"/>
<vertex lat="1.650597" lon="-57.946354"/>
<vertex lat="1.667263" lon="-57.873413"/>
<vertex lat="1.700026" lon="-57.795666"/>
<vertex lat="1.704806" lon="-57.691744"/>
<vertex lat="1.704108" lon="-57.594412"/>
<vertex lat="1.726071" lon="-57.545758"/>
<vertex lat="1.773820" lon="-57.500438"/>
<vertex lat="1.908928" lon="-57.412717"/>
<vertex lat="1.940140" lon="-57.366777"/>
<vertex lat="1.963472" lon="-57.317504"/>
<vertex lat="1.959235" lon="-57.275568"/>
<vertex lat="1.981611" lon="-57.189604"/>
<vertex lat="2.013960" lon="-57.118911"/>
<vertex lat="2.005821" lon="-57.092685"/>
<vertex lat="1.936471" lon="-57.037598"/>
<vertex lat="1.921253" lon="-57.010029"/>
<vertex lat="1.916395" lon="-56.969540"/>
<vertex lat="1.881229" lon="-56.836732"/>
<vertex lat="1.892185" lon="-56.766245"/>
<vertex lat="1.914302" lon="-56.689816"/>
<vertex lat="1.922674" lon="-56.616461"/>
<vertex lat="1.907248" lon="-56.563544"/>
<vertex lat="1.927273" lon="-56.525511"/>
<vertex lat="1.942130" lon="-56.482800"/>
<vertex lat="1.932337" lon="-56.452802"/>
<vertex lat="1.923862" lon="-56.385855"/>
<vertex lat="1.885363" lon="-56.227131"/>
<vertex lat="1.842239" lon="-56.019908"/>
<vertex lat="1.857096" lon="-55.963323"/>
<vertex lat="1.887508" lon="-55.929630"/>
<vertex lat="1.976676" lon="-55.921620"/>
<vertex lat="2.039540" lon="-55.915315"/>
<vertex lat="2.095144" lon="-55.961979"/>
<vertex lat="2.158163" lon="-56.020063"/>
<vertex lat="2.236763" lon="-56.073652"/>
<vertex lat="2.259036" lon="-56.137679"/>
<vertex lat="2.299498" lon="-56.129411"/>
<vertex lat="2.341304" lon="-56.087785"/>
<vertex lat="2.364404" lon="-56.045101"/>
<vertex lat="2.392774" lon="-56.020348"/>
<vertex lat="2.497522" lon="-55.993502"/>
<vertex lat="2.515971" lon="-55.975596"/>
<vertex lat="2.520467" lon="-55.957483"/>
<vertex lat="2.516591" lon="-55.935934"/>
<vertex lat="2.489487" lon="-55.893740"/>
<vertex lat="2.406158" lon="-55.730572"/>
<vertex lat="2.418767" lon="-55.658949"/>
<vertex lat="2.440627" lon="-55.385374"/>
<vertex lat="2.488789" lon="-55.343981"/>
<vertex lat="2.499641" lon="-55.286051"/>
<vertex lat="2.547493" lon="-55.187711"/>
<vertex lat="2.550801" lon="-55.148850"/>
<vertex lat="2.539225" lon="-55.114124"/>
<vertex lat="2.548320" lon="-55.070302"/>
<vertex lat="2.592969" lon="-55.005810"/>
<vertex lat="2.597671" lon="-54.978680"/>
<vertex lat="2.548346" lon="-54.968396"/>
<vertex lat="2.497341" lon="-54.926590"/>
<vertex lat="2.450393" lon="-54.876076"/>
<vertex lat="2.439567" lon="-54.851685"/>
<vertex lat="2.454734" lon="-54.766832"/>
<vertex lat="2.441660" lon="-54.722210"/>
<vertex lat="2.397942" lon="-54.702935"/>
<vertex lat="2.359805" lon="-54.697405"/>
<vertex lat="2.327559" lon="-54.661852"/>
<vertex lat="2.326783" lon="-54.616273"/>
<vertex lat="2.313761" lon="-54.591959"/>
<vertex lat="2.293090" lon="-54.550515"/>
<vertex lat="2.245445" lon="-54.515091"/>
<vertex lat="2.207514" lon="-54.433080"/>
<vertex lat="2.154236" lon="-54.293037"/>
<vertex lat="2.153306" lon="-54.227976"/>
<vertex lat="2.137079" lon="-54.167386"/>
<vertex lat="2.121059" lon="-54.130050"/>
<vertex lat="2.150489" lon="-54.089768"/>
<vertex lat="2.232551" lon="-53.946417"/>
<vertex lat="2.278259" lon="-53.876603"/>
<vertex lat="2.312934" lon="-53.829525"/>
<vertex lat="2.346007" lon="-53.794230"/>
<vertex lat="2.354844" lon="-53.767772"/>
<vertex lat="2.335000" lon="-53.750150"/>
<vertex lat="2.308542" lon="-53.734699"/>
<vertex lat="2.292935" lon="-53.683669"/>
<vertex lat="2.261929" lon="-53.563986"/>
<vertex lat="2.253144" lon="-53.509002"/>
<vertex lat="2.279448" lon="-53.431823"/>
<vertex lat="2.324200" lon="-53.365988"/>
<vertex lat="2.339754" lon="-53.334439"/>
<vertex lat="2.295209" lon="-53.285502"/>
<vertex lat="2.232267" lon="-53.252196"/>
<vertex lat="2.204904" lon="-53.229794"/>
<vertex lat="2.211338" lon="-53.180056"/>
<vertex lat="2.201726" lon="-53.082258"/>
<vertex lat="2.181728" lon="-53.009730"/>
<vertex lat="2.183562" lon="-52.964849"/>
<vertex lat="2.211519" lon="-52.903458"/>
<vertex lat="2.266658" lon="-52.870385"/>
<vertex lat="2.317172" lon="-52.783413"/>
<vertex lat="2.363654" lon="-52.700628"/>
<vertex lat="2.425744" lon="-52.653189"/>
<vertex lat="2.528890" lon="-52.583012"/>
<vertex lat="2.573125" lon="-52.559499"/>
<vertex lat="2.647642" lon="-52.554694"/>
<vertex lat="2.864167" lon="-52.455888"/>
<vertex lat="2.903854" lon="-52.418397"/>
<vertex lat="2.972196" lon="-52.396357"/>
<vertex lat="3.051571" lon="-52.356669"/>
<vertex lat="3.117717" lon="-52.356669"/>
<vertex lat="3.181718" lon="-52.327886"/>
<vertex lat="3.237115" lon="-52.271223"/>
<vertex lat="3.271687" lon="-52.229442"/>
<vertex lat="3.364679" lon="-52.162624"/>
<vertex lat="3.452296" lon="-52.116142"/>
<vertex lat="3.646884" lon="-51.999482"/>
<vertex lat="3.702022" lon="-51.990645"/>
<vertex lat="3.735095" lon="-51.944343"/>
<vertex lat="3.776979" lon="-51.928918"/>
<vertex lat="3.828552" lon="-51.879489"/>
<vertex lat="3.869583" lon="-51.827503"/>
<vertex lat="3.929941" lon="-51.805282"/>
<vertex lat="3.992677" lon="-51.767093"/>
<vertex lat="4.039702" lon="-51.683455"/>
<vertex lat="4.061277" lon="-51.652552"/>
<vertex lat="4.233773" lon="-51.557804"/>
<vertex lat="4.310900" lon="-51.547081"/>
<vertex lat="4.313794" lon="-51.461530"/>
<vertex lat="4.224755" lon="-51.327094"/>
<vertex lat="4.093601" lon="-51.219917"/>
<vertex lat="3.671663" lon="-51.076283"/>
<vertex lat="3.281816" lon="-51.052408"/>
<vertex lat="3.077539" lon="-50.994143"/>
<vertex lat="2.651880" lon="-50.827202"/>
<vertex lat="2.573022" lon="-50.816531"/>
<vertex lat="2.477782" lon="-50.789711"/>
<vertex lat="2.376754" lon="-50.736975"/>
<vertex lat="2.210356" lon="-50.678762"/>
<vertex lat="2.179454" lon="-50.676591"/>
<vertex lat="2.134030" lon="-50.714418"/>
<vertex lat="2.130981" lon="-50.658944"/>
<vertex lat="2.104110" lon="-50.608688"/>
<vertex lat="1.998586" lon="-50.575900"/>
<vertex lat="1.927273" lon="-50.534429"/>
<vertex lat="1.829604" lon="-50.458904"/>
<vertex lat="1.797668" lon="-50.304288"/>
<vertex lat="1.785989" lon="-50.187577"/>
<vertex lat="1.730696" lon="-50.054717"/>
<vertex lat="1.659847" lon="-49.957152"/>
<vertex lat="1.419914" lon="-49.881575"/>
<vertex lat="1.269018" lon="-49.906225"/>
<vertex lat="1.162978" lon="-49.898887"/>
<vertex lat="1.121431" lon="-49.937928"/>
<vertex lat="1.051977" lon="-50.047224"/>
<vertex lat="1.015080" lon="-50.070969"/>
<vertex lat="0.835763" lon="-50.294444"/>
<vertex lat="0.751014" lon="-50.343278"/>
<vertex lat="0.637326" lon="-50.462961"/>
<vertex lat="0.420491" lon="-50.581558"/>
<vertex lat="0.222571" lon="-50.755062"/>
<vertex lat="0.172548" lon="-50.816350"/>
<vertex lat="0.160972" lon="-50.910169"/>
<vertex lat="0.130277" lon="-50.967064"/>
<vertex lat="-0.031264" lon="-51.101940"/>
<vertex lat="-0.085214" lon="-51.282911"/>
<vertex lat="-0.178852" lon="-51.299576"/>
<vertex lat="-0.392689" lon="-51.404144"/>
<vertex lat="-0.509478" lon="-51.496283"/>
<vertex lat="-0.549165" lon="-51.555013"/>
<vertex lat="-0.762279" lon="-51.702653"/>
<vertex lat="-0.855503" lon="-51.721540"/>
<vertex lat="-1.018490" lon="-51.720584"/>
<vertex lat="-1.117813" lon="-51.819157"/>
<vertex lat="-1.180858" lon="-51.921631"/>
<vertex lat="-1.320333" lon="-51.934447"/>
<vertex lat="-1.367927" lon="-51.980801"/>
<vertex lat="-1.399036" lon="-52.020463"/>
<vertex lat="-1.362449" lon="-52.229261"/>
<vertex lat="-1.514067" lon="-52.553428"/>
<vertex lat="-1.551791" lon="-52.664170"/>
<vertex lat="-1.559594" lon="-52.310290"/>
<vertex lat="-1.640158" lon="-52.196679"/>
<vertex lat="-1.586725" lon="-51.947547"/>
<vertex lat="-1.394385" lon="-51.646299"/>
<vertex lat="-1.354077" lon="-51.531190"/>
<vertex lat="-1.223543" lon="-51.297354"/>
<vertex lat="-1.136519" lon="-51.202321"/>
<vertex lat="-1.032133" lon="-51.028973"/>
<vertex lat="-0.986348" lon="-50.992050"/>
<vertex lat="-0.937565" lon="-50.894950"/>
<vertex lat="-0.999577" lon="-50.842266"/>
<vertex lat="-1.038851" lon="-50.838158"/>
<vertex lat="-1.115280" lon="-50.917843"/>
<vertex lat="-1.164476" lon="-50.897198"/>
<vertex lat="-1.226230" lon="-50.844591"/>
<vertex lat="-1.311444" lon="-50.825548"/>
<vertex lat="-1.376298" lon="-50.818676"/>
<vertex lat="-1.489986" lon="-50.786145"/>
<vertex lat="-1.643879" lon="-50.678968"/>
<vertex lat="-1.694728" lon="-50.675299"/>
<vertex lat="-1.761753" lon="-50.690053"/>
<vertex lat="-1.817046" lon="-50.638790"/>
<vertex lat="-1.849861" lon="-50.585589"/>
<vertex lat="-2.015484" lon="-50.403223"/>
<vertex lat="-1.922931" lon="-50.260467"/>
<vertex lat="-1.896163" lon="-50.172720"/>
<vertex lat="-1.857509" lon="-50.116574"/>
<vertex lat="-1.831878" lon="-49.999216"/>
<vertex lat="-1.870635" lon="-49.902995"/>
<vertex lat="-1.926394" lon="-49.719544"/>
<vertex lat="-1.867224" lon="-49.585340"/>
<vertex lat="-1.731729" lon="-49.313651"/>
<vertex lat="-1.971559" lon="-49.398633"/>
<vertex lat="-2.191546" lon="-49.460154"/>
<vertex lat="-2.280222" lon="-49.506973"/>
<vertex lat="-2.519898" lon="-49.553378"/>
<vertex lat="-2.583873" lon="-49.599293"/>
<vertex lat="-2.656892" lon="-49.636500"/>
<vertex lat="-2.631415" lon="-49.575883"/>
<vertex lat="-2.596895" lon="-49.523948"/>
<vertex lat="-2.504601" lon="-49.457492"/>
<vertex lat="-2.344301" lon="-49.407651"/>
<vertex lat="-1.916524" lon="-49.211022"/>
<vertex lat="-1.878490" lon="-49.154772"/>
<vertex lat="-1.829810" lon="-48.991319"/>
<vertex lat="-1.487713" lon="-48.709993"/>
<vertex lat="-1.488746" lon="-48.599974"/>
<vertex lat="-1.567501" lon="-48.529590"/>
<vertex lat="-1.614010" lon="-48.462928"/>
<vertex lat="-1.520372" lon="-48.445849"/>
<vertex lat="-1.482131" lon="-48.349808"/>
<vertex lat="-1.435829" lon="-48.451456"/>
<vertex lat="-1.393816" lon="-48.468044"/>
<vertex lat="-1.323847" lon="-48.477759"/>
<vertex lat="-1.229227" lon="-48.408564"/>
<vertex lat="-1.145459" lon="-48.449776"/>
<vertex lat="-1.039833" lon="-48.306503"/>
<vertex lat="-0.960510" lon="-48.317588"/>
<vertex lat="-0.895087" lon="-48.266454"/>
<vertex lat="-0.827959" lon="-48.201755"/>
<vertex lat="-0.795248" lon="-48.128478"/>
<vertex lat="-0.737526" lon="-48.115094"/>
<vertex lat="-0.713651" lon="-48.068818"/>
<vertex lat="-0.705125" lon="-48.032566"/>
<vertex lat="-0.769617" lon="-47.960917"/>
<vertex lat="-0.693342" lon="-47.883428"/>
<vertex lat="-0.663473" lon="-47.807671"/>
<vertex lat="-0.676806" lon="-47.773745"/>
<vertex lat="-0.710447" lon="-47.731500"/>
<vertex lat="-0.724762" lon="-47.687135"/>
<vertex lat="-0.718767" lon="-47.651091"/>
<vertex lat="-0.669933" lon="-47.557298"/>
<vertex lat="-0.748533" lon="-47.470714"/>
<vertex lat="-0.765948" lon="-47.418650"/>
<vertex lat="-0.721868" lon="-47.432913"/>
<vertex lat="-0.680940" lon="-47.460328"/>
<vertex lat="-0.647609" lon="-47.439063"/>
<vertex lat="-0.626628" lon="-47.398083"/>
<vertex lat="-0.645387" lon="-47.268608"/>
<vertex lat="-0.680423" lon="-47.200524"/>
<vertex lat="-0.745381" lon="-47.126911"/>
<vertex lat="-0.750238" lon="-47.024618"/>
<vertex lat="-0.743365" lon="-46.944313"/>
<vertex lat="-0.779849" lon="-46.893644"/>
<vertex lat="-0.779642" lon="-46.811220"/>
<vertex lat="-0.836486" lon="-46.769930"/>
<vertex lat="-0.916430" lon="-46.644408"/>
<vertex lat="-0.970638" lon="-46.617252"/>
<vertex lat="-0.996838" lon="-46.516328"/>
<vertex lat="-1.030066" lon="-46.421735"/>
<vertex lat="-1.039161" lon="-46.320836"/>
<vertex lat="-1.031203" lon="-46.219111"/>
<vertex lat="-1.099778" lon="-46.214977"/>
<vertex lat="-1.118381" lon="-46.140382"/>
<vertex lat="-1.103033" lon="-46.044600"/>
<vertex lat="-1.187421" lon="-45.972279"/>
<vertex lat="-1.250828" lon="-45.778828"/>
<vertex lat="-1.347824" lon="-45.644779"/>
<vertex lat="-1.330616" lon="-45.556904"/>
<vertex lat="-1.356248" lon="-45.458615"/>
<vertex lat="-1.567398" lon="-45.353014"/>
<vertex lat="-1.717311" lon="-45.329166"/>
<vertex lat="-1.696589" lon="-45.282114"/>
<vertex lat="-1.629513" lon="-45.238577"/>
<vertex lat="-1.507039" lon="-45.182069"/>
<vertex lat="-1.466422" lon="-45.076365"/>
<vertex lat="-1.513447" lon="-45.025799"/>
<vertex lat="-1.588895" lon="-44.919759"/>
<vertex lat="-1.671681" lon="-44.828369"/>
<vertex lat="-1.724804" lon="-44.789870"/>
<vertex lat="-1.733537" lon="-44.721141"/>
<vertex lat="-1.798856" lon="-44.778527"/>
<vertex lat="-1.792242" lon="-44.720934"/>
<vertex lat="-1.745785" lon="-44.651300"/>
<vertex lat="-1.841748" lon="-44.591665"/>
<vertex lat="-1.946289" lon="-44.546784"/>
<vertex lat="-2.052691" lon="-44.537767"/>
<vertex lat="-2.113876" lon="-44.580012"/>
<vertex lat="-2.152168" lon="-44.617271"/>
<vertex lat="-2.227512" lon="-44.658638"/>
<vertex lat="-2.241155" lon="-44.707550"/>
<vertex lat="-2.265494" lon="-44.756358"/>
<vertex lat="-2.320375" lon="-44.700651"/>
<vertex lat="-2.373240" lon="-44.662410"/>
<vertex lat="-2.230510" lon="-44.579005"/>
<vertex lat="-2.190357" lon="-44.520378"/>
<vertex lat="-2.168033" lon="-44.435473"/>
<vertex lat="-2.269629" lon="-44.391290"/>
<vertex lat="-2.365488" lon="-44.381859"/>
<vertex lat="-2.405486" lon="-44.520119"/>
<vertex lat="-2.481244" lon="-44.520636"/>
<vertex lat="-2.524238" lon="-44.562003"/>
<vertex lat="-2.573486" lon="-44.589004"/>
<vertex lat="-2.676839" lon="-44.610786"/>
<vertex lat="-2.762467" lon="-44.638975"/>
<vertex lat="-3.142289" lon="-44.721399"/>
<vertex lat="-3.204817" lon="-44.723053"/>
<vertex lat="-3.137844" lon="-44.622671"/>
<vertex lat="-2.944471" lon="-44.437540"/>
<vertex lat="-2.738334" lon="-44.381161"/>
<vertex lat="-2.535142" lon="-44.308169"/>
<vertex lat="-2.471322" lon="-44.228638"/>
<vertex lat="-2.471167" lon="-44.179365"/>
<vertex lat="-2.493491" lon="-44.105545"/>
<vertex lat="-2.560050" lon="-44.101359"/>
<vertex lat="-2.598549" lon="-44.112651"/>
<vertex lat="-2.699628" lon="-44.191586"/>
<vertex lat="-2.754974" lon="-44.225176"/>
<vertex lat="-2.809596" lon="-44.192672"/>
<vertex lat="-2.642164" lon="-44.013225"/>
<vertex lat="-2.583460" lon="-43.932894"/>
<vertex lat="-2.595449" lon="-43.864475"/>
<vertex lat="-2.518141" lon="-43.728643"/>
<vertex lat="-2.502018" lon="-43.455120"/>
<vertex lat="-2.413651" lon="-43.434630"/>
<vertex lat="-2.376030" lon="-43.380086"/>
<vertex lat="-2.386056" lon="-43.229681"/>
<vertex lat="-2.465017" lon="-42.936702"/>
<vertex lat="-2.529613" lon="-42.832290"/>
<vertex lat="-2.589661" lon="-42.675865"/>
<vertex lat="-2.661078" lon="-42.593570"/>
<vertex lat="-2.792026" lon="-42.249612"/>
<vertex lat="-2.806030" lon="-41.999860"/>
<vertex lat="-2.746550" lon="-41.876198"/>
<vertex lat="-2.808872" lon="-41.721892"/>
<vertex lat="-2.878635" lon="-41.640166"/>
<vertex lat="-2.916463" lon="-41.479943"/>
<vertex lat="-2.936203" lon="-41.318222"/>
<vertex lat="-2.886180" lon="-41.194560"/>
<vertex lat="-2.869644" lon="-40.875587"/>
<vertex lat="-2.795643" lon="-40.474578"/>
<vertex lat="-2.813213" lon="-40.235368"/>
<vertex lat="-2.861479" lon="-39.964687"/>
<vertex lat="-2.985812" lon="-39.771830"/>
<vertex lat="-3.056299" lon="-39.609437"/>
<vertex lat="-3.125545" lon="-39.511174"/>
<vertex lat="-3.197376" lon="-39.352683"/>
<vertex lat="-3.390232" lon="-39.014357"/>
<vertex lat="-3.501750" lon="-38.895967"/>
<vertex lat="-3.653678" lon="-38.686212"/>
<vertex lat="-3.717447" lon="-38.475760"/>
<vertex lat="-3.876507" lon="-38.361942"/>
<vertex lat="-3.948027" lon="-38.271870"/>
<vertex lat="-4.216435" lon="-38.048835"/>
<vertex lat="-4.404330" lon="-37.795672"/>
<vertex lat="-4.592122" lon="-37.626328"/>
<vertex lat="-4.713045" lon="-37.301490"/>
<vertex lat="-4.912413" lon="-37.174650"/>
<vertex lat="-4.936701" lon="-36.954871"/>
<vertex lat="-4.966570" lon="-36.861155"/>
<vertex lat="-5.050699" lon="-36.747338"/>
<vertex lat="-5.097518" lon="-36.590707"/>
<vertex lat="-5.084289" lon="-36.386714"/>
<vertex lat="-5.093797" lon="-36.161767"/>
<vertex lat="-5.054420" lon="-35.979891"/>
<vertex lat="-5.129351" lon="-35.549401"/>
<vertex lat="-5.166041" lon="-35.481679"/>
<vertex lat="-5.250894" lon="-35.392563"/>
<vertex lat="-5.566740" lon="-35.235466"/>
<vertex lat="-5.917210" lon="-35.141751"/>
<vertex lat="-6.185307" lon="-35.095449"/>
<vertex lat="-6.393770" lon="-34.988169"/>
<vertex lat="-6.785064" lon="-34.929594"/>
<vertex lat="-6.908157" lon="-34.879855"/>
<vertex lat="-7.002931" lon="-34.876005"/>
<vertex lat="-7.024429" lon="-34.833863"/>
<vertex lat="-7.288392" lon="-34.805467"/>
<vertex lat="-7.394794" lon="-34.816577"/>
<vertex lat="-7.533338" lon="-34.857763"/>
<vertex lat="-7.594988" lon="-34.860812"/>
<vertex lat="-7.634314" lon="-34.854766"/>
<vertex lat="-7.692088" lon="-34.872982"/>
<vertex lat="-7.747485" lon="-34.878589"/>
<vertex lat="-7.871819" lon="-34.836938"/>
<vertex lat="-7.971451" lon="-34.834664"/>
<vertex lat="-8.092167" lon="-34.890552"/>
<vertex lat="-8.407600" lon="-34.966646"/>
<vertex lat="-8.930566" lon="-35.157771"/>
<vertex lat="-9.230702" lon="-35.340861"/>
<vertex lat="-9.540658" lon="-35.597098"/>
<vertex lat="-9.702508" lon="-35.763987"/>
<vertex lat="-9.719045" lon="-35.830133"/>
<vertex lat="-9.687057" lon="-35.890801"/>
<vertex lat="-9.772478" lon="-35.847755"/>
<vertex lat="-9.847616" lon="-35.885427"/>
<vertex lat="-10.075819" lon="-36.054951"/>
<vertex lat="-10.225060" lon="-36.223520"/>
<vertex lat="-10.484063" lon="-36.398341"/>
<vertex lat="-10.489954" lon="-36.411596"/>
<vertex lat="-10.589896" lon="-36.635743"/>
<vertex lat="-10.671648" lon="-36.768293"/>
<vertex lat="-10.820373" lon="-36.937766"/>
<vertex lat="-11.054777" lon="-37.093389"/>
<vertex lat="-11.084956" lon="-37.125506"/>
<vertex lat="-11.068420" lon="-37.182841"/>
<vertex lat="-11.187482" lon="-37.181188"/>
<vertex lat="-11.375998" lon="-37.315133"/>
<vertex lat="-11.403903" lon="-37.356009"/>
<vertex lat="-11.350470" lon="-37.354898"/>
<vertex lat="-11.309852" lon="-37.331643"/>
<vertex lat="-11.266599" lon="-37.320791"/>
<vertex lat="-11.215129" lon="-37.321799"/>
<vertex lat="-11.252491" lon="-37.359213"/>
<vertex lat="-11.393775" lon="-37.438484"/>
<vertex lat="-11.497231" lon="-37.411819"/>
<vertex lat="-11.653604" lon="-37.469335"/>
<vertex lat="-12.099985" lon="-37.688728"/>
<vertex lat="-12.475466" lon="-37.957342"/>
<vertex lat="-12.591324" lon="-38.019250"/>
<vertex lat="-12.844229" lon="-38.239753"/>
<vertex lat="-12.966185" lon="-38.401733"/>
<vertex lat="-12.967063" lon="-38.447312"/>
<vertex lat="-12.956625" lon="-38.498911"/>
<vertex lat="-12.762270" lon="-38.524930"/>
<vertex lat="-12.644603" lon="-38.653992"/>
<vertex lat="-12.623932" lon="-38.690966"/>
<vertex lat="-12.748524" lon="-38.743883"/>
<vertex lat="-12.782682" lon="-38.787963"/>
<vertex lat="-12.790175" lon="-38.851783"/>
<vertex lat="-12.844435" lon="-38.783570"/>
<vertex lat="-12.907274" lon="-38.763727"/>
<vertex lat="-13.032951" lon="-38.833154"/>
<vertex lat="-13.147156" lon="-38.835298"/>
<vertex lat="-13.273040" lon="-38.959167"/>
<vertex lat="-13.365179" lon="-39.030894"/>
<vertex lat="-13.480469" lon="-39.067377"/>
<vertex lat="-13.588163" lon="-39.089340"/>
<vertex lat="-13.558810" lon="-39.034924"/>
<vertex lat="-13.581496" lon="-39.009086"/>
<vertex lat="-13.615034" lon="-38.988622"/>
<vertex lat="-13.664592" lon="-39.001231"/>
<vertex lat="-13.758126" lon="-39.041126"/>
<vertex lat="-13.990980" lon="-39.034924"/>
<vertex lat="-14.043897" lon="-39.048154"/>
<vertex lat="-14.101206" lon="-39.008466"/>
<vertex lat="-14.003383" lon="-38.966505"/>
<vertex lat="-14.030668" lon="-38.942320"/>
<vertex lat="-14.654764" lon="-39.059574"/>
<vertex lat="-14.935677" lon="-39.013375"/>
<vertex lat="-15.253797" lon="-38.996193"/>
<vertex lat="-15.564373" lon="-38.943225"/>
<vertex lat="-15.841978" lon="-38.885270"/>
<vertex lat="-15.864303" lon="-38.880619"/>
<vertex lat="-16.186557" lon="-38.960795"/>
<vertex lat="-16.504367" lon="-39.063243"/>
<vertex lat="-16.763576" lon="-39.125048"/>
<vertex lat="-17.043559" lon="-39.163986"/>
<vertex lat="-17.178124" lon="-39.202873"/>
<vertex lat="-17.315790" lon="-39.215224"/>
<vertex lat="-17.642075" lon="-39.170601"/>
<vertex lat="-17.703932" lon="-39.153987"/>
<vertex lat="-17.849453" lon="-39.278372"/>
<vertex lat="-17.919991" lon="-39.412602"/>
<vertex lat="-17.990168" lon="-39.486783"/>
<vertex lat="-18.252374" lon="-39.650778"/>
<vertex lat="-18.639844" lon="-39.739791"/>
<vertex lat="-18.846033" lon="-39.741961"/>
<vertex lat="-19.277841" lon="-39.699871"/>
<vertex lat="-19.453954" lon="-39.731471"/>
<vertex lat="-19.571777" lon="-39.783328"/>
<vertex lat="-19.649085" lon="-39.844720"/>
<vertex lat="-19.741999" lon="-40.001351"/>
<vertex lat="-19.968238" lon="-40.141679"/>
<vertex lat="-20.206053" lon="-40.202760"/>
<vertex lat="-20.292715" lon="-40.298878"/>
<vertex lat="-20.425781" lon="-40.318567"/>
<vertex lat="-20.569442" lon="-40.395953"/>
<vertex lat="-20.783796" lon="-40.596560"/>
<vertex lat="-20.846221" lon="-40.727069"/>
<vertex lat="-20.906062" lon="-40.789288"/>
<vertex lat="-21.031326" lon="-40.828743"/>
<vertex lat="-21.237928" lon="-40.954523"/>
<vertex lat="-21.505715" lon="-41.047256"/>
<vertex lat="-21.596873" lon="-41.023124"/>
<vertex lat="-21.610825" lon="-41.021599"/>
<vertex lat="-21.920264" lon="-40.987829"/>
<vertex lat="-21.999019" lon="-41.000308"/>
<vertex lat="-22.084388" lon="-41.122497"/>
<vertex lat="-22.243655" lon="-41.582908"/>
<vertex lat="-22.309697" lon="-41.705511"/>
<vertex lat="-22.580689" lon="-41.980429"/>
<vertex lat="-22.644664" lon="-41.997534"/>
<vertex lat="-22.735821" lon="-41.986114"/>
<vertex lat="-22.788324" lon="-41.940923"/>
<vertex lat="-22.845169" lon="-41.987509"/>
<vertex lat="-22.947074" lon="-42.042364"/>
<vertex lat="-22.940873" lon="-42.122462"/>
<vertex lat="-22.940977" lon="-42.581039"/>
<vertex lat="-22.973326" lon="-42.829267"/>
<vertex lat="-22.967125" lon="-42.958328"/>
<vertex lat="-22.942630" lon="-43.016232"/>
<vertex lat="-22.902529" lon="-43.081137"/>
<vertex lat="-22.850078" lon="-43.100697"/>
<vertex lat="-22.770703" lon="-43.065402"/>
<vertex lat="-22.723316" lon="-43.086279"/>
<vertex lat="-22.725176" lon="-43.154285"/>
<vertex lat="-22.747707" lon="-43.228984"/>
<vertex lat="-22.795094" lon="-43.241929"/>
<vertex lat="-22.828839" lon="-43.236632"/>
<vertex lat="-22.878138" lon="-43.208830"/>
<vertex lat="-22.938600" lon="-43.193585"/>
<vertex lat="-22.991206" lon="-43.224152"/>
<vertex lat="-22.998079" lon="-43.369466"/>
<vertex lat="-23.046397" lon="-43.532789"/>
<vertex lat="-23.066602" lon="-43.736550"/>
<vertex lat="-23.101432" lon="-43.898839"/>
<vertex lat="-23.057352" lon="-43.973822"/>
<vertex lat="-23.035286" lon="-43.898839"/>
<vertex lat="-23.046035" lon="-43.791378"/>
<vertex lat="-23.009448" lon="-43.675959"/>
<vertex lat="-22.966298" lon="-43.702960"/>
<vertex lat="-22.910591" lon="-43.866154"/>
<vertex lat="-22.944697" lon="-44.047461"/>
<vertex lat="-23.011050" lon="-44.147997"/>
<vertex lat="-23.004952" lon="-44.367932"/>
<vertex lat="-23.055492" lon="-44.637270"/>
<vertex lat="-23.106961" lon="-44.681143"/>
<vertex lat="-23.206594" lon="-44.673831"/>
<vertex lat="-23.228504" lon="-44.621121"/>
<vertex lat="-23.273980" lon="-44.569677"/>
<vertex lat="-23.316354" lon="-44.619080"/>
<vertex lat="-23.335164" lon="-44.667216"/>
<vertex lat="-23.381467" lon="-44.951643"/>
<vertex lat="-23.575563" lon="-45.215426"/>
<vertex lat="-23.599748" lon="-45.325393"/>
<vertex lat="-23.685324" lon="-45.423294"/>
<vertex lat="-23.758498" lon="-45.433423"/>
<vertex lat="-23.802578" lon="-45.464299"/>
<vertex lat="-23.804800" lon="-45.527112"/>
<vertex lat="-23.764802" lon="-45.664649"/>
<vertex lat="-23.763665" lon="-45.843139"/>
<vertex lat="-23.795498" lon="-45.972098"/>
<vertex lat="-24.110311" lon="-46.630792"/>
<vertex lat="-24.236298" lon="-46.867289"/>
<vertex lat="-24.493130" lon="-47.137221"/>
<vertex lat="-24.781071" lon="-47.592206"/>
<vertex lat="-24.952947" lon="-47.831132"/>
<vertex lat="-24.997492" lon="-47.876581"/>
<vertex lat="-24.999869" lon="-47.914305"/>
<vertex lat="-25.035784" lon="-47.989184"/>
<vertex lat="-25.065395" lon="-47.959393"/>
<vertex lat="-25.068185" lon="-47.908362"/>
<vertex lat="-25.168231" lon="-47.929369"/>
<vertex lat="-25.236754" lon="-48.024350"/>
<vertex lat="-25.416536" lon="-48.202737"/>
<vertex lat="-25.403307" lon="-48.242424"/>
<vertex lat="-25.309824" lon="-48.185968"/>
<vertex lat="-25.306310" lon="-48.273482"/>
<vertex lat="-25.272049" lon="-48.402492"/>
<vertex lat="-25.310703" lon="-48.458509"/>
<vertex lat="-25.403307" lon="-48.427633"/>
<vertex lat="-25.442994" lon="-48.476131"/>
<vertex lat="-25.447439" lon="-48.564136"/>
<vertex lat="-25.436535" lon="-48.644002"/>
<vertex lat="-25.368735" lon="-48.731749"/>
<vertex lat="-25.491519" lon="-48.692216"/>
<vertex lat="-25.521284" lon="-48.507008"/>
<vertex lat="-25.550171" lon="-48.429855"/>
<vertex lat="-25.597352" lon="-48.401174"/>
<vertex lat="-25.815943" lon="-48.545171"/>
<vertex lat="-25.844314" lon="-48.665758"/>
<vertex lat="-25.875164" lon="-48.678987"/>
<vertex lat="-25.874958" lon="-48.612841"/>
<vertex lat="-25.935419" lon="-48.576332"/>
<vertex lat="-26.179435" lon="-48.619456"/>
<vertex lat="-26.225737" lon="-48.678987"/>
<vertex lat="-26.226978" lon="-48.713765"/>
<vertex lat="-26.268681" lon="-48.748285"/>
<vertex lat="-26.348314" lon="-48.700691"/>
<vertex lat="-26.406450" lon="-48.651598"/>
<vertex lat="-26.519105" lon="-48.658161"/>
<vertex lat="-26.612380" lon="-48.676507"/>
<vertex lat="-26.702918" lon="-48.677721"/>
<vertex lat="-26.878101" lon="-48.615658"/>
<vertex lat="-27.058038" lon="-48.593411"/>
<vertex lat="-27.123409" lon="-48.568374"/>
<vertex lat="-27.195962" lon="-48.554163"/>
<vertex lat="-27.263814" lon="-48.595478"/>
<vertex lat="-27.372747" lon="-48.571991"/>
<vertex lat="-27.557904" lon="-48.642607"/>
<vertex lat="-27.825175" lon="-48.605684"/>
<vertex lat="-28.075547" lon="-48.620773"/>
<vertex lat="-28.207219" lon="-48.648446"/>
<vertex lat="-28.310158" lon="-48.693224"/>
<vertex lat="-28.442708" lon="-48.797274"/>
<vertex lat="-28.575258" lon="-48.799651"/>
<vertex lat="-28.698661" lon="-49.023591"/>
<vertex lat="-28.871157" lon="-49.271302"/>
<vertex lat="-29.075383" lon="-49.499893"/>
<vertex lat="-29.363220" lon="-49.746002"/>
<vertex lat="-29.801023" lon="-50.033349"/>
<vertex lat="-30.425791" lon="-50.299508"/>
<vertex lat="-30.897700" lon="-50.619980"/>
<vertex lat="-31.068026" lon="-50.748137"/>
<vertex lat="-31.258402" lon="-50.921382"/>
<vertex lat="-31.480404" lon="-51.151782"/>
<vertex lat="-31.702406" lon="-51.460393"/>
<vertex lat="-31.900326" lon="-51.798125"/>
<vertex lat="-31.989520" lon="-51.920185"/>
<vertex lat="-32.114887" lon="-52.039195"/>
<vertex lat="-32.063107" lon="-52.068935"/>
<vertex lat="-31.977531" lon="-52.043174"/>
<vertex lat="-31.913504" lon="-52.059582"/>
<vertex lat="-31.830408" lon="-52.063225"/>
<vertex lat="-31.815060" lon="-51.995089"/>
<vertex lat="-31.867822" lon="-51.893158"/>
<vertex lat="-31.832062" lon="-51.841223"/>
<vertex lat="-31.796664" lon="-51.803447"/>
<vertex lat="-31.774649" lon="-51.680638"/>
<vertex lat="-31.557298" lon="-51.446208"/>
<vertex lat="-31.476993" lon="-51.272162"/>
<vertex lat="-31.339740" lon="-51.174339"/>
<vertex lat="-31.266773" lon="-51.157544"/>
<vertex lat="-31.118875" lon="-51.161419"/>
<vertex lat="-31.081358" lon="-51.105971"/>
<vertex lat="-31.094277" lon="-50.980087"/>
<vertex lat="-31.052161" lon="-50.954404"/>
<vertex lat="-31.005497" lon="-50.965307"/>
<vertex lat="-30.903695" lon="-50.940813"/>
<vertex lat="-30.813364" lon="-50.770151"/>
<vertex lat="-30.704224" lon="-50.689304"/>
<vertex lat="-30.425998" lon="-50.716279"/>
<vertex lat="-30.413492" lon="-50.685040"/>
<vertex lat="-30.456849" lon="-50.614864"/>
<vertex lat="-30.438814" lon="-50.581920"/>
<vertex lat="-30.316857" lon="-50.546522"/>
<vertex lat="-30.253605" lon="-50.563523"/>
<vertex lat="-30.236810" lon="-50.646205"/>
<vertex lat="-30.374321" lon="-50.931873"/>
<vertex lat="-30.368637" lon="-51.024968"/>
<vertex lat="-30.260633" lon="-51.040393"/>
<vertex lat="-30.211024" lon="-51.179299"/>
<vertex lat="-30.121365" lon="-51.233611"/>
<vertex lat="-30.059974" lon="-51.249864"/>
<vertex lat="-30.034859" lon="-51.298052"/>
<vertex lat="-30.141054" lon="-51.295003"/>
<vertex lat="-30.244097" lon="-51.281800"/>
<vertex lat="-30.364244" lon="-51.157259"/>
<vertex lat="-30.411942" lon="-51.187542"/>
<vertex lat="-30.467597" lon="-51.246556"/>
<vertex lat="-30.591259" lon="-51.287717"/>
<vertex lat="-30.751559" lon="-51.283066"/>
<vertex lat="-30.702725" lon="-51.316397"/>
<vertex lat="-30.674510" lon="-51.359108"/>
<vertex lat="-30.846851" lon="-51.376471"/>
<vertex lat="-30.912790" lon="-51.459127"/>
<vertex lat="-30.977592" lon="-51.485276"/>
<vertex lat="-31.052626" lon="-51.463675"/>
<vertex lat="-31.104509" lon="-51.506282"/>
<vertex lat="-31.243726" lon="-51.716889"/>
<vertex lat="-31.338914" lon="-51.926799"/>
<vertex lat="-31.383769" lon="-51.972481"/>
<vertex lat="-31.489964" lon="-51.994857"/>
<vertex lat="-31.599001" lon="-52.026948"/>
<vertex lat="-31.694964" lon="-52.119836"/>
<vertex lat="-31.885547" lon="-52.193527"/>
<vertex lat="-31.967609" lon="-52.191563"/>
<vertex lat="-32.088429" lon="-52.167069"/>
<vertex lat="-32.167804" lon="-52.127381"/>
<vertex lat="-32.220824" lon="-52.190194"/>
<vertex lat="-32.323763" lon="-52.274581"/>
<vertex lat="-32.439725" lon="-52.341657"/>
<vertex lat="-32.875254" lon="-52.508521"/>
<vertex lat="-33.137770" lon="-52.652233"/>
<vertex lat="-33.266445" lon="-52.762872"/>
<vertex lat="-33.401940" lon="-52.920847"/>
<vertex lat="-33.742178" lon="-53.370613"/>
<vertex lat="-33.737320" lon="-53.397536"/>
<vertex lat="-33.709880" lon="-53.463553"/>
<vertex lat="-33.677221" lon="-53.518847"/>
<vertex lat="-33.655465" lon="-53.531326"/>
<vertex lat="-33.622857" lon="-53.537631"/>
<vertex lat="-33.500332" lon="-53.530396"/>
<vertex lat="-33.170947" lon="-53.531352"/>
<vertex lat="-33.108728" lon="-53.511870"/>
<vertex lat="-33.068524" lon="-53.482854"/>
<vertex lat="-33.010388" lon="-53.395237"/>
<vertex lat="-32.927034" lon="-53.310100"/>
<vertex lat="-32.821045" lon="-53.214085"/>
<vertex lat="-32.736709" lon="-53.125563"/>
<vertex lat="-32.680124" lon="-53.157292"/>
<vertex lat="-32.625398" lon="-53.231241"/>
<vertex lat="-32.581112" lon="-53.362758"/>
<vertex lat="-32.503184" lon="-53.489417"/>
<vertex lat="-32.403035" lon="-53.601710"/>
<vertex lat="-32.298700" lon="-53.653593"/>
<vertex lat="-32.186304" lon="-53.701135"/>
<vertex lat="-32.097420" lon="-53.746585"/>
<vertex lat="-32.056803" lon="-53.761700"/>
<vertex lat="-32.039904" lon="-53.806090"/>
<vertex lat="-31.994584" lon="-53.876525"/>
<vertex lat="-31.952313" lon="-53.920605"/>
<vertex lat="-31.928128" lon="-53.985149"/>
<vertex lat="-31.901515" lon="-54.100439"/>
<vertex lat="-31.855161" lon="-54.220561"/>
<vertex lat="-31.745039" lon="-54.369932"/>
<vertex lat="-31.622772" lon="-54.477703"/>
<vertex lat="-31.542002" lon="-54.530904"/>
<vertex lat="-31.485158" lon="-54.587644"/>
<vertex lat="-31.391210" lon="-54.895998"/>
<vertex lat="-31.278969" lon="-55.036041"/>
<vertex lat="-31.314006" lon="-55.091154"/>
<vertex lat="-31.279589" lon="-55.173552"/>
<vertex lat="-31.225639" lon="-55.254632"/>
<vertex lat="-31.184143" lon="-55.278972"/>
<vertex lat="-31.141665" lon="-55.313285"/>
<vertex lat="-31.092986" lon="-55.345531"/>
<vertex lat="-31.046218" lon="-55.366072"/>
<vertex lat="-30.964415" lon="-55.449556"/>
<vertex lat="-30.875945" lon="-55.557353"/>
<vertex lat="-30.850778" lon="-55.603009"/>
<vertex lat="-30.858116" lon="-55.627142"/>
<vertex lat="-30.892068" lon="-55.650474"/>
<vertex lat="-30.924882" lon="-55.665227"/>
<vertex lat="-30.946586" lon="-55.705948"/>
<vertex lat="-30.987101" lon="-55.756359"/>
<vertex lat="-31.036710" lon="-55.807777"/>
<vertex lat="-31.069628" lon="-55.873664"/>
<vertex lat="-31.080842" lon="-55.952006"/>
<vertex lat="-31.079240" lon="-56.004716"/>
<vertex lat="-31.059654" lon="-56.015516"/>
<vertex lat="-30.991855" lon="-56.018436"/>
<vertex lat="-30.837187" lon="-55.998979"/>
<vertex lat="-30.777604" lon="-56.044816"/>
<vertex lat="-30.713732" lon="-56.105846"/>
<vertex lat="-30.628414" lon="-56.176178"/>
<vertex lat="-30.447495" lon="-56.407249"/>
<vertex lat="-30.186943" lon="-56.721700"/>
<vertex lat="-30.107206" lon="-56.832727"/>
<vertex lat="-30.101056" lon="-56.937243"/>
<vertex lat="-30.109945" lon="-57.032715"/>
<vertex lat="-30.144465" lon="-57.120513"/>
<vertex lat="-30.264871" lon="-57.186943"/>
<vertex lat="-30.283371" lon="-57.214461"/>
<vertex lat="-30.280684" lon="-57.383856"/>
<vertex lat="-30.261202" lon="-57.552296"/>
<vertex lat="-30.187821" lon="-57.608907"/>
<vertex lat="-30.139969" lon="-57.563871"/>
<vertex lat="-30.033929" lon="-57.405224"/>
<vertex lat="-29.939413" lon="-57.317504"/>
<vertex lat="-29.856524" lon="-57.300709"/>
<vertex lat="-29.782109" lon="-57.224641"/>
<vertex lat="-29.716170" lon="-57.089352"/>
<vertex lat="-29.594834" lon="-56.938612"/>
<vertex lat="-29.417894" lon="-56.772446"/>
<vertex lat="-29.287359" lon="-56.671522"/>
<vertex lat="-29.203023" lon="-56.635840"/>
<vertex lat="-29.138066" lon="-56.570676"/>
<vertex lat="-29.092487" lon="-56.476005"/>
<vertex lat="-28.997248" lon="-56.393245"/>
<vertex lat="-28.852450" lon="-56.322345"/>
<vertex lat="-28.737212" lon="-56.225555"/>
<vertex lat="-28.651739" lon="-56.102875"/>
<vertex lat="-28.580839" lon="-56.034223"/>
<vertex lat="-28.524615" lon="-56.019624"/>
<vertex lat="-28.488597" lon="-55.984923"/>
<vertex lat="-28.472887" lon="-55.930146"/>
<vertex lat="-28.443276" lon="-55.903662"/>
<vertex lat="-28.399662" lon="-55.905419"/>
<vertex lat="-28.369999" lon="-55.890511"/>
<vertex lat="-28.354186" lon="-55.858885"/>
<vertex lat="-28.359767" lon="-55.806046"/>
<vertex lat="-28.386639" lon="-55.731967"/>
<vertex lat="-28.381678" lon="-55.687267"/>
<vertex lat="-28.344885" lon="-55.671971"/>
<vertex lat="-28.302820" lon="-55.691531"/>
<vertex lat="-28.255484" lon="-55.745997"/>
<vertex lat="-28.204118" lon="-55.725508"/>
<vertex lat="-28.120971" lon="-55.582390"/>
<vertex lat="-28.089345" lon="-55.476686"/>
<vertex lat="-28.037823" lon="-55.409816"/>
<vertex lat="-27.955916" lon="-55.346513"/>
<vertex lat="-27.898865" lon="-55.243728"/>
<vertex lat="-27.866774" lon="-55.101515"/>
<vertex lat="-27.835923" lon="-55.063869"/>
<vertex lat="-27.796288" lon="-55.069010"/>
<vertex lat="-27.767814" lon="-55.039917"/>
<vertex lat="-27.747143" lon="-54.955891"/>
<vertex lat="-27.708541" lon="-54.910209"/>
<vertex lat="-27.651904" lon="-54.902767"/>
<vertex lat="-27.599245" lon="-54.875741"/>
<vertex lat="-27.550618" lon="-54.829077"/>
<vertex lat="-27.532531" lon="-54.777090"/>
<vertex lat="-27.544933" lon="-54.719729"/>
<vertex lat="-27.526537" lon="-54.665857"/>
<vertex lat="-27.477186" lon="-54.615421"/>
<vertex lat="-27.454138" lon="-54.554933"/>
<vertex lat="-27.457290" lon="-54.484343"/>
<vertex lat="-27.446438" lon="-54.448118"/>
<vertex lat="-27.423494" lon="-54.327014"/>
<vertex lat="-27.382049" lon="-54.260145"/>
<vertex lat="-27.289600" lon="-54.205239"/>
<vertex lat="-27.253788" lon="-54.156456"/>
<vertex lat="-27.274666" lon="-54.113823"/>
<vertex lat="-27.243763" lon="-54.040133"/>
<vertex lat="-27.161184" lon="-53.935333"/>
<vertex lat="-27.159582" lon="-53.915618"/>
<vertex lat="-27.121135" lon="-53.838155"/>
<vertex lat="-26.978353" lon="-53.758522"/>
<vertex lat="-26.882855" lon="-53.717310"/>
<vertex lat="-26.804720" lon="-53.727128"/>
<vertex lat="-26.748600" lon="-53.753328"/>
<vertex lat="-26.666486" lon="-53.744569"/>
<vertex lat="-26.443192" lon="-53.718137"/>
<vertex lat="-26.351828" lon="-53.710928"/>
<vertex lat="-26.288214" lon="-53.668527"/>
<vertex lat="-26.225117" lon="-53.671266"/>
<vertex lat="-26.083731" lon="-53.746921"/>
<vertex lat="-25.959552" lon="-53.823247"/>
<vertex lat="-25.748867" lon="-53.864200"/>
<vertex lat="-25.668872" lon="-53.891149"/>
<vertex lat="-25.647685" lon="-53.954763"/>
<vertex lat="-25.577973" lon="-54.012305"/>
<vertex lat="-25.571927" lon="-54.085014"/>
<vertex lat="-25.545210" lon="-54.119223"/>
<vertex lat="-25.523093" lon="-54.154570"/>
<vertex lat="-25.529553" lon="-54.206169"/>
<vertex lat="-25.570429" lon="-54.250094"/>
<vertex lat="-25.571927" lon="-54.331872"/>
<vertex lat="-25.588619" lon="-54.383367"/>
<vertex lat="-25.624947" lon="-54.443932"/>
<vertex lat="-25.608307" lon="-54.501500"/>
<vertex lat="-25.576475" lon="-54.537828"/>
<vertex lat="-25.576061" lon="-54.615886"/>
<vertex lat="-25.432711" lon="-54.610563"/>
<vertex lat="-25.220217" lon="-54.473155"/>
<vertex lat="-25.121309" lon="-54.436258"/>
<vertex lat="-25.065240" lon="-54.454087"/>
<vertex lat="-24.867474" lon="-54.412978"/>
<vertex lat="-24.528167" lon="-54.312933"/>
<vertex lat="-24.306061" lon="-54.280996"/>
<vertex lat="-24.201261" lon="-54.317273"/>
<vertex lat="-24.128088" lon="-54.318255"/>
<vertex lat="-24.065869" lon="-54.266915"/>
<vertex lat="-24.047266" lon="-54.241826"/>
<vertex lat="-23.971198" lon="-54.370810"/>
<vertex lat="-23.901745" lon="-54.440263"/>
<vertex lat="-23.852136" lon="-54.529560"/>
<vertex lat="-23.812448" lon="-54.625472"/>
<vertex lat="-23.828984" lon="-54.671774"/>
<vertex lat="-23.852136" lon="-54.721383"/>
<vertex lat="-23.888516" lon="-54.817294"/>
<vertex lat="-23.951354" lon="-54.926435"/>
<vertex lat="-23.974505" lon="-54.982659"/>
<vertex lat="-23.997656" lon="-55.081878"/>
<vertex lat="-24.017500" lon="-55.194326"/>
<vertex lat="-24.004271" lon="-55.286930"/>
<vertex lat="-23.991042" lon="-55.366305"/>
<vertex lat="-23.951354" lon="-55.415914"/>
<vertex lat="-23.865365" lon="-55.442373"/>
<vertex lat="-23.792604" lon="-55.442373"/>
<vertex lat="-23.686771" lon="-55.458909"/>
<vertex lat="-23.627240" lon="-55.518440"/>
<vertex lat="-23.580938" lon="-55.538284"/>
<vertex lat="-23.524714" lon="-55.541591"/>
<vertex lat="-23.461875" lon="-55.534977"/>
<vertex lat="-23.415573" lon="-55.518440"/>
<vertex lat="-23.359349" lon="-55.528362"/>
<vertex lat="-23.319662" lon="-55.554821"/>
<vertex lat="-23.250208" lon="-55.548206"/>
<vertex lat="-23.154297" lon="-55.561435"/>
<vertex lat="-23.094766" lon="-55.601123"/>
<vertex lat="-23.025313" lon="-55.620966"/>
<vertex lat="-22.955859" lon="-55.620966"/>
<vertex lat="-22.886406" lon="-55.650732"/>
<vertex lat="-22.810339" lon="-55.654039"/>
<vertex lat="-22.740886" lon="-55.627581"/>
<vertex lat="-22.671432" lon="-55.617659"/>
<vertex lat="-22.621823" lon="-55.647425"/>
<vertex lat="-22.592057" lon="-55.703649"/>
<vertex lat="-22.512682" lon="-55.746643"/>
<vertex lat="-22.410156" lon="-55.753258"/>
<vertex lat="-22.353932" lon="-55.799560"/>
<vertex lat="-22.307630" lon="-55.849169"/>
<vertex lat="-22.307630" lon="-55.905393"/>
<vertex lat="-22.281172" lon="-55.991383"/>
<vertex lat="-22.284479" lon="-56.067451"/>
<vertex lat="-22.281172" lon="-56.189821"/>
<vertex lat="-22.264636" lon="-56.246044"/>
<vertex lat="-22.228255" lon="-56.275810"/>
<vertex lat="-22.178646" lon="-56.351878"/>
<vertex lat="-22.092656" lon="-56.394873"/>
<vertex lat="-22.076120" lon="-56.447789"/>
<vertex lat="-22.102578" lon="-56.523857"/>
<vertex lat="-22.135651" lon="-56.550315"/>
<vertex lat="-22.181953" lon="-56.580081"/>
<vertex lat="-22.234870" lon="-56.632998"/>
<vertex lat="-22.231563" lon="-56.702451"/>
<vertex lat="-22.261328" lon="-56.775211"/>
<vertex lat="-22.264636" lon="-56.844664"/>
<vertex lat="-22.271250" lon="-56.937268"/>
<vertex lat="-22.244792" lon="-57.029873"/>
<vertex lat="-22.215026" lon="-57.142321"/>
<vertex lat="-22.195182" lon="-57.238232"/>
<vertex lat="-22.215026" lon="-57.330836"/>
<vertex lat="-22.198490" lon="-57.393675"/>
<vertex lat="-22.188568" lon="-57.476357"/>
<vertex lat="-22.181953" lon="-57.568961"/>
<vertex lat="-22.129037" lon="-57.641722"/>
<vertex lat="-22.099271" lon="-57.721097"/>
<vertex lat="-22.109193" lon="-57.764091"/>
<vertex lat="-22.142266" lon="-57.820315"/>
<vertex lat="-22.135651" lon="-57.879847"/>
<vertex lat="-22.109193" lon="-57.955914"/>
<vertex lat="-22.046354" lon="-57.985680"/>
<vertex lat="-22.006667" lon="-57.979065"/>
<vertex lat="-21.966979" lon="-57.962529"/>
<vertex lat="-21.910755" lon="-57.932763"/>
<vertex lat="-21.851224" lon="-57.949300"/>
<vertex lat="-21.798307" lon="-57.942685"/>
<vertex lat="-21.752005" lon="-57.929456"/>
<vertex lat="-21.699089" lon="-57.916227"/>
<vertex lat="-21.649479" lon="-57.926149"/>
<vertex lat="-21.596563" lon="-57.929456"/>
<vertex lat="-21.546953" lon="-57.936071"/>
<vertex lat="-21.494037" lon="-57.945992"/>
<vertex lat="-21.417969" lon="-57.906305"/>
<vertex lat="-21.355130" lon="-57.873232"/>
<vertex lat="-21.302214" lon="-57.893076"/>
<vertex lat="-21.265833" lon="-57.886461"/>
<vertex lat="-21.206302" lon="-57.860003"/>
<vertex lat="-21.133542" lon="-57.826930"/>
<vertex lat="-20.997943" lon="-57.830237"/>
<vertex lat="-20.918568" lon="-57.860003"/>
<vertex lat="-20.897070" lon="-57.892249"/>
<vertex lat="-20.873093" lon="-57.900517"/>
<vertex lat="-20.841673" lon="-57.884808"/>
<vertex lat="-20.809427" lon="-57.901887"/>
<vertex lat="-20.776354" lon="-57.908501"/>
<vertex lat="-20.747415" lon="-57.891422"/>
<vertex lat="-20.690365" lon="-57.915116"/>
<vertex lat="-20.673828" lon="-57.962529"/>
<vertex lat="-20.657292" lon="-57.979065"/>
<vertex lat="-20.594453" lon="-57.995602"/>
<vertex lat="-20.521693" lon="-58.008831"/>
<vertex lat="-20.465469" lon="-58.002216"/>
<vertex lat="-20.415859" lon="-58.025367"/>
<vertex lat="-20.386094" lon="-58.058440"/>
<vertex lat="-20.333177" lon="-58.091513"/>
<vertex lat="-20.293490" lon="-58.124586"/>
<vertex lat="-20.237266" lon="-58.137815"/>
<vertex lat="-20.164609" lon="-58.159778"/>
<vertex lat="-20.151069" lon="-58.093735"/>
<vertex lat="-20.110400" lon="-58.067613"/>
<vertex lat="-20.055210" lon="-58.021156"/>
<vertex lat="-20.040740" lon="-57.960178"/>
<vertex lat="-20.020380" lon="-57.887598"/>
<vertex lat="-19.979607" lon="-57.860726"/>
<vertex lat="-19.832743" lon="-58.029915"/>
<vertex lat="-19.744583" lon="-58.131511"/>
<vertex lat="-19.625262" lon="-58.072005"/>
<vertex lat="-19.424189" lon="-57.971676"/>
<vertex lat="-19.229524" lon="-57.874524"/>
<vertex lat="-19.080954" lon="-57.800420"/>
<vertex lat="-19.053462" lon="-57.781429"/>
<vertex lat="-19.044057" lon="-57.716807"/>
<vertex lat="-18.967421" lon="-57.728590"/>
<vertex lat="-18.917191" lon="-57.730838"/>
<vertex lat="-18.914297" lon="-57.783082"/>
<vertex lat="-18.733171" lon="-57.724972"/>
<vertex lat="-18.475048" lon="-57.639138"/>
<vertex lat="-18.279246" lon="-57.574025"/>
<vertex lat="-18.246535" lon="-57.553096"/>
<vertex lat="-18.237284" lon="-57.506174"/>
<vertex lat="-18.214598" lon="-57.495658"/>
<vertex lat="-18.183128" lon="-57.552063"/>
<vertex lat="-18.122253" lon="-57.586479"/>
<vertex lat="-17.947380" lon="-57.661669"/>
<vertex lat="-17.671738" lon="-57.780189"/>
<vertex lat="-17.573036" lon="-57.788896"/>
<vertex lat="-17.512057" lon="-57.832459"/>
<vertex lat="-17.532366" lon="-57.905039"/>
<vertex lat="-17.512884" lon="-57.990899"/>
<vertex lat="-17.363126" lon="-58.205563"/>
<vertex lat="-17.282097" lon="-58.347751"/>
<vertex lat="-17.234245" lon="-58.396017"/>
<vertex lat="-17.080559" lon="-58.417385"/>
<vertex lat="-16.910699" lon="-58.459811"/>
<vertex lat="-16.700686" lon="-58.478105"/>
<vertex lat="-16.650250" lon="-58.470586"/>
<vertex lat="-16.490828" lon="-58.350360"/>
<vertex lat="-16.410264" lon="-58.350800"/>
<vertex lat="-16.339933" lon="-58.340594"/>
<vertex lat="-16.284329" lon="-58.345632"/>
<vertex lat="-16.283554" lon="-58.375398"/>
<vertex lat="-16.307945" lon="-58.423664"/>
<vertex lat="-16.326652" lon="-58.496553"/>
<vertex lat="-16.328254" lon="-58.537946"/>
<vertex lat="-16.313216" lon="-58.957274"/>
<vertex lat="-16.296008" lon="-59.434299"/>
<vertex lat="-16.281745" lon="-59.831149"/>
<vertex lat="-16.269343" lon="-60.175572"/>
<vertex lat="-16.132090" lon="-60.187199"/>
<vertex lat="-15.901975" lon="-60.206630"/>
<vertex lat="-15.738677" lon="-60.220427"/>
<vertex lat="-15.479572" lon="-60.242338"/>
<vertex lat="-15.318289" lon="-60.380469"/>
<vertex lat="-15.143210" lon="-60.530460"/>
<vertex lat="-15.098355" lon="-60.583222"/>
<vertex lat="-15.092774" lon="-60.402018"/>
<vertex lat="-15.088743" lon="-60.273370"/>
<vertex lat="-14.618591" lon="-60.298872"/>
<vertex lat="-14.570532" lon="-60.338043"/>
<vertex lat="-14.418706" lon="-60.372718"/>
<vertex lat="-14.332768" lon="-60.396256"/>
<vertex lat="-14.263108" lon="-60.460128"/>
<vertex lat="-14.184715" lon="-60.474649"/>
<vertex lat="-14.132470" lon="-60.462996"/>
<vertex lat="-14.100018" lon="-60.428063"/>
<vertex lat="-14.019196" lon="-60.404964"/>
<vertex lat="-13.937960" lon="-60.422353"/>
<vertex lat="-13.862409" lon="-60.460128"/>
<vertex lat="-13.789856" lon="-60.506585"/>
<vertex lat="-13.745311" lon="-60.595340"/>
<vertex lat="-13.664334" lon="-60.722360"/>
<vertex lat="-13.561394" lon="-60.914519"/>
<vertex lat="-13.489771" lon="-61.076990"/>
<vertex lat="-13.498556" lon="-61.129157"/>
<vertex lat="-13.526513" lon="-61.416065"/>
<vertex lat="-13.541240" lon="-61.511563"/>
<vertex lat="-13.524807" lon="-61.575693"/>
<vertex lat="-13.525634" lon="-61.789918"/>
<vertex lat="-13.470444" lon="-61.874125"/>
<vertex lat="-13.406210" lon="-61.944715"/>
<vertex lat="-13.242034" lon="-62.094757"/>
<vertex lat="-13.159817" lon="-62.118012"/>
<vertex lat="-13.133668" lon="-62.176070"/>
<vertex lat="-13.143642" lon="-62.263920"/>
<vertex lat="-13.132376" lon="-62.352804"/>
<vertex lat="-13.064267" lon="-62.525532"/>
<vertex lat="-12.994349" lon="-62.687073"/>
<vertex lat="-12.997243" lon="-62.765466"/>
<vertex lat="-12.953679" lon="-62.835151"/>
<vertex lat="-12.847019" lon="-62.957935"/>
<vertex lat="-12.805575" lon="-63.015192"/>
<vertex lat="-12.750436" lon="-63.041340"/>
<vertex lat="-12.669149" lon="-63.067463"/>
<vertex lat="-12.651682" lon="-63.116814"/>
<vertex lat="-12.666203" lon="-63.180686"/>
<vertex lat="-12.707906" lon="-63.249751"/>
<vertex lat="-12.680104" lon="-63.346671"/>
<vertex lat="-12.605173" lon="-63.465242"/>
<vertex lat="-12.546727" lon="-63.541904"/>
<vertex lat="-12.518977" lon="-63.585674"/>
<vertex lat="-12.477998" lon="-63.688588"/>
<vertex lat="-12.469471" lon="-63.788116"/>
<vertex lat="-12.529726" lon="-63.938547"/>
<vertex lat="-12.505076" lon="-64.061640"/>
<vertex lat="-12.483269" lon="-64.255039"/>
<vertex lat="-12.439706" lon="-64.420533"/>
<vertex lat="-12.326121" lon="-64.480787"/>
<vertex lat="-12.250983" lon="-64.513421"/>
<vertex lat="-12.203906" lon="-64.611658"/>
<vertex lat="-12.146493" lon="-64.690025"/>
<vertex lat="-12.059367" lon="-64.783456"/>
<vertex lat="-12.030325" lon="-64.829913"/>
<vertex lat="-12.005985" lon="-64.914353"/>
<vertex lat="-11.975186" lon="-64.992513"/>
<vertex lat="-11.919996" lon="-65.001221"/>
<vertex lat="-11.847390" lon="-65.030263"/>
<vertex lat="-11.829407" lon="-65.037136"/>
<vertex lat="-11.741247" lon="-65.090285"/>
<vertex lat="-11.735046" lon="-65.115167"/>
<vertex lat="-11.752357" lon="-65.142659"/>
<vertex lat="-11.765121" lon="-65.163381"/>
<vertex lat="-11.749515" lon="-65.185731"/>
<vertex lat="-11.710086" lon="-65.189736"/>
<vertex lat="-11.646886" lon="-65.175370"/>
<vertex lat="-11.580533" lon="-65.206195"/>
<vertex lat="-11.511080" lon="-65.282263"/>
<vertex lat="-11.439146" lon="-65.322028"/>
<vertex lat="-11.364784" lon="-65.325464"/>
<vertex lat="-11.315071" lon="-65.342388"/>
<vertex lat="-11.289905" lon="-65.372826"/>
<vertex lat="-11.246290" lon="-65.389879"/>
<vertex lat="-11.184278" lon="-65.393600"/>
<vertex lat="-11.110381" lon="-65.371560"/>
<vertex lat="-11.024753" lon="-65.323785"/>
<vertex lat="-10.892823" lon="-65.334017"/>
<vertex lat="-10.714746" lon="-65.402307"/>
<vertex lat="-10.586227" lon="-65.440005"/>
<vertex lat="-10.507420" lon="-65.447137"/>
<vertex lat="-10.449026" lon="-65.436905"/>
<vertex lat="-10.392285" lon="-65.395460"/>
<vertex lat="-10.253069" lon="-65.313062"/>
<vertex lat="-10.146771" lon="-65.298593"/>
<vertex lat="-10.026985" lon="-65.324560"/>
<vertex lat="-9.935569" lon="-65.328126"/>
<vertex lat="-9.872627" lon="-65.309316"/>
<vertex lat="-9.790255" lon="-65.337893"/>
<vertex lat="-9.712430" lon="-65.396132"/>
<vertex lat="-9.710415" lon="-65.436775"/>
<vertex lat="-9.731757" lon="-65.491992"/>
<vertex lat="-9.797490" lon="-65.558706"/>
<vertex lat="-9.809117" lon="-65.637099"/>
<vertex lat="-9.768499" lon="-65.706785"/>
<vertex lat="-9.785449" lon="-65.924679"/>
<vertex lat="-9.826067" lon="-66.263573"/>
<vertex lat="-9.868183" lon="-66.399223"/>
<vertex lat="-9.886166" lon="-66.478934"/>
<vertex lat="-9.899912" lon="-66.575336"/>
<vertex lat="-9.975463" lon="-66.730004"/>
<vertex lat="-10.268934" lon="-67.111531"/>
<vertex lat="-10.311463" lon="-67.190467"/>
<vertex lat="-10.317251" lon="-67.280487"/>
<vertex lat="-10.357920" lon="-67.332732"/>
<vertex lat="-10.389856" lon="-67.416939"/>
<vertex lat="-10.505973" lon="-67.582433"/>
<vertex lat="-10.598888" lon="-67.666639"/>
<vertex lat="-10.683069" lon="-67.721804"/>
<vertex lat="-10.686014" lon="-67.785676"/>
<vertex lat="-10.662760" lon="-67.835027"/>
<vertex lat="-10.674387" lon="-67.991684"/>
<vertex lat="-10.703119" lon="-68.071653"/>
<vertex lat="-10.785026" lon="-68.158651"/>
<vertex lat="-10.933131" lon="-68.266577"/>
<vertex lat="-10.975195" lon="-68.311122"/>
<vertex lat="-11.018707" lon="-68.397990"/>
<vertex lat="-11.054777" lon="-68.498320"/>
<vertex lat="-11.109141" lon="-68.622628"/>
<vertex lat="-11.112758" lon="-68.678361"/>
<vertex lat="-11.122422" lon="-68.727505"/>
<vertex lat="-11.097669" lon="-68.769931"/>
<vertex lat="-11.044597" lon="-68.784091"/>
<vertex lat="-11.011162" lon="-68.848324"/>
<vertex lat="-10.994316" lon="-69.001648"/>
<vertex lat="-10.955662" lon="-69.228508"/>
<vertex lat="-10.948117" lon="-69.462550"/>
<vertex lat="-10.951786" lon="-69.578616"/>
<vertex lat="-10.954060" lon="-69.674036"/>
<vertex lat="-10.933441" lon="-69.839788"/>
<vertex lat="-10.929875" lon="-69.960375"/>
<vertex lat="-10.982430" lon="-70.066286"/>
<vertex lat="-11.047646" lon="-70.220075"/>
<vertex lat="-11.064234" lon="-70.290381"/>
<vertex lat="-11.066714" lon="-70.342006"/>
<vertex lat="-11.058549" lon="-70.392287"/>
<vertex lat="-11.024805" lon="-70.450862"/>
<vertex lat="-10.946877" lon="-70.533260"/>
<vertex lat="-10.976849" lon="-70.596538"/>
<vertex lat="-11.010284" lon="-70.642323"/>
<vertex lat="-10.840837" lon="-70.641548"/>
<vertex lat="-10.586072" lon="-70.640360"/>
<vertex lat="-10.361279" lon="-70.639326"/>
<vertex lat="-10.181549" lon="-70.638525"/>
<vertex lat="-9.971742" lon="-70.637595"/>
<vertex lat="-9.823741" lon="-70.636923"/>
<vertex lat="-9.767466" lon="-70.593799"/>
<vertex lat="-9.704627" lon="-70.567238"/>
<vertex lat="-9.620498" lon="-70.599174"/>
<vertex lat="-9.543500" lon="-70.592249"/>
<vertex lat="-9.489808" lon="-70.570157"/>
<vertex lat="-9.437511" lon="-70.541115"/>
<vertex lat="-9.463711" lon="-70.607907"/>
<vertex lat="-9.478233" lon="-70.636923"/>
<vertex lat="-9.517920" lon="-70.672451"/>
<vertex lat="-9.571715" lon="-70.758518"/>
<vertex lat="-9.625304" lon="-70.816266"/>
<vertex lat="-9.669022" lon="-70.884531"/>
<vertex lat="-9.765709" lon="-70.970753"/>
<vertex lat="-9.818729" lon="-71.041731"/>
<vertex lat="-9.852473" lon="-71.115266"/>
<vertex lat="-9.966006" lon="-71.237946"/>
<vertex lat="-9.988589" lon="-71.339413"/>
<vertex lat="-10.006004" lon="-71.608001"/>
<vertex lat="-10.005539" lon="-71.887441"/>
<vertex lat="-10.005177" lon="-72.142955"/>
<vertex lat="-10.003730" lon="-72.181609"/>
<vertex lat="-9.910144" lon="-72.179103"/>
<vertex lat="-9.844050" lon="-72.172876"/>
<vertex lat="-9.774338" lon="-72.259977"/>
<vertex lat="-9.688452" lon="-72.265842"/>
<vertex lat="-9.629179" lon="-72.289019"/>
<vertex lat="-9.556626" lon="-72.318061"/>
<vertex lat="-9.510169" lon="-72.379039"/>
<vertex lat="-9.492185" lon="-72.464770"/>
<vertex lat="-9.452084" lon="-72.605485"/>
<vertex lat="-9.410381" lon="-72.814284"/>
<vertex lat="-9.407384" lon="-73.013781"/>
<vertex lat="-9.411415" lon="-73.209428"/>
<vertex lat="-9.265739" lon="-73.089848"/>
<vertex lat="-9.120167" lon="-72.970347"/>
<vertex lat="-8.993146" lon="-72.974042"/>
<vertex lat="-8.882765" lon="-73.070496"/>
<vertex lat="-8.814087" lon="-73.122534"/>
<vertex lat="-8.719364" lon="-73.203097"/>
<vertex lat="-8.654045" lon="-73.302419"/>
<vertex lat="-8.566970" lon="-73.356731"/>
<vertex lat="-8.514157" lon="-73.351693"/>
<vertex lat="-8.479327" lon="-73.360400"/>
<vertex lat="-8.459018" lon="-73.398150"/>
<vertex lat="-8.427082" lon="-73.435900"/>
<vertex lat="-8.392201" lon="-73.488145"/>
<vertex lat="-8.345795" lon="-73.549123"/>
<vertex lat="-8.299338" lon="-73.549123"/>
<vertex lat="-8.249935" lon="-73.572351"/>
<vertex lat="-8.191903" lon="-73.610101"/>
<vertex lat="-8.145446" lon="-73.610101"/>
<vertex lat="-8.072840" lon="-73.644931"/>
<vertex lat="-8.020595" lon="-73.682680"/>
<vertex lat="-7.985765" lon="-73.720430"/>
<vertex lat="-7.936414" lon="-73.775595"/>
<vertex lat="-7.895745" lon="-73.772701"/>
<vertex lat="-7.875436" lon="-73.732031"/>
<vertex lat="-7.828979" lon="-73.714616"/>
<vertex lat="-7.782522" lon="-73.720430"/>
<vertex lat="-7.753480" lon="-73.766887"/>
<vertex lat="-7.738959" lon="-73.822052"/>
<vertex lat="-7.654778" lon="-73.894631"/>
<vertex lat="-7.611215" lon="-73.946902"/>
<vertex lat="-7.585066" lon="-73.981732"/>
<vertex lat="-7.556024" lon="-74.002067"/>
<vertex lat="-7.535715" lon="-73.981732"/>
<vertex lat="-7.506673" lon="-73.958503"/>
<vertex lat="-7.460216" lon="-73.952690"/>
<vertex lat="-7.416705" lon="-73.964317"/>
<vertex lat="-7.378929" lon="-73.964317"/>
<vertex lat="-7.367302" lon="-73.929461"/>
<vertex lat="-7.373141" lon="-73.891737"/>
<vertex lat="-7.349887" lon="-73.853988"/>
<vertex lat="-7.341205" lon="-73.804637"/>
<vertex lat="-7.335366" lon="-73.749472"/>
<vertex lat="-7.309269" lon="-73.720430"/>
<vertex lat="-7.262812" lon="-73.723324"/>
<vertex lat="-7.172792" lon="-73.758180"/>
<vertex lat="-7.135068" lon="-73.793010"/>
<vertex lat="-7.079878" lon="-73.804637"/>
<vertex lat="-6.973579" lon="-73.776241"/>
<vertex lat="-6.905728" lon="-73.758102"/>
<vertex lat="-6.833743" lon="-73.694514"/>
<vertex lat="-6.679489" lon="-73.499875"/>
<vertex lat="-6.574740" lon="-73.325519"/>
<vertex lat="-6.564095" lon="-73.240304"/>
<vertex lat="-6.525234" lon="-73.177466"/>
<vertex lat="-6.465807" lon="-73.137365"/>
<vertex lat="-6.400901" lon="-73.126306"/>
<vertex lat="-6.344315" lon="-73.135349"/>
<vertex lat="-6.260651" lon="-73.167725"/>
<vertex lat="-6.156471" lon="-73.206508"/>
<vertex lat="-6.098439" lon="-73.235550"/>
<vertex lat="-6.028727" lon="-73.209402"/>
<vertex lat="-5.933384" lon="-73.162919"/>
<vertex lat="-5.789569" lon="-73.068093"/>
<vertex lat="-5.634850" lon="-72.979855"/>
<vertex lat="-5.589684" lon="-72.970243"/>
<vertex lat="-5.495220" lon="-72.958926"/>
<vertex lat="-5.302518" lon="-72.918283"/>
<vertex lat="-5.198287" lon="-72.895778"/>
<vertex lat="-5.157669" lon="-72.907456"/>
<vertex lat="-5.122788" lon="-72.887070"/>
<vertex lat="-5.093746" lon="-72.831905"/>
<vertex lat="-5.067236" lon="-72.698735"/>
<vertex lat="-5.009565" lon="-72.608353"/>
<vertex lat="-4.901251" lon="-72.469008"/>
<vertex lat="-4.786012" lon="-72.352839"/>
<vertex lat="-4.748909" lon="-72.256798"/>
<vertex lat="-4.642300" lon="-72.082494"/>
<vertex lat="-4.574604" lon="-71.982448"/>
<vertex lat="-4.553313" lon="-71.943148"/>
<vertex lat="-4.504376" lon="-71.844756"/>
<vertex lat="-4.487323" lon="-71.668359"/>
<vertex lat="-4.469753" lon="-71.521339"/>
<vertex lat="-4.437610" lon="-71.438270"/>
<vertex lat="-4.424329" lon="-71.316804"/>
<vertex lat="-4.388207" lon="-71.235000"/>
<vertex lat="-4.387174" lon="-71.144257"/>
<vertex lat="-4.350483" lon="-70.973698"/>
<vertex lat="-4.295293" lon="-70.915640"/>
<vertex lat="-4.229561" lon="-70.866031"/>
<vertex lat="-4.173337" lon="-70.799497"/>
<vertex lat="-4.158919" lon="-70.721569"/>
<vertex lat="-4.168686" lon="-70.634572"/>
<vertex lat="-4.167601" lon="-70.530651"/>
<vertex lat="-4.150134" lon="-70.404638"/>
<vertex lat="-4.193697" lon="-70.343659"/>
<vertex lat="-4.246976" lon="-70.316917"/>
<vertex lat="-4.301133" lon="-70.239144"/>
<vertex lat="-4.298187" lon="-70.183979"/>
<vertex lat="-4.286611" lon="-70.128815"/>
<vertex lat="-4.333069" lon="-70.053315"/>
<vertex lat="-4.327229" lon="-70.003964"/>
<vertex lat="-4.301133" lon="-69.972028"/>
<vertex lat="-4.235969" lon="-69.965931"/>
<vertex lat="-4.200622" lon="-69.948180"/>
<vertex lat="-3.996552" lon="-69.911050"/>
<vertex lat="-3.659880" lon="-69.849762"/>
<vertex lat="-3.354575" lon="-69.794158"/>
<vertex lat="-3.016715" lon="-69.732637"/>
<vertex lat="-2.667640" lon="-69.669049"/>
<vertex lat="-2.314225" lon="-69.604661"/>
<vertex lat="-2.024269" lon="-69.551847"/>
<vertex lat="-1.774930" lon="-69.506450"/>
<vertex lat="-1.621968" lon="-69.478596"/>
<vertex lat="-1.421670" lon="-69.434929"/>
<vertex lat="-1.245660" lon="-69.417876"/>
<vertex lat="-1.194966" lon="-69.400229"/>
<vertex lat="-1.152229" lon="-69.411442"/>
<vertex lat="-1.091561" lon="-69.449140"/>
<vertex lat="-1.064896" lon="-69.448753"/>
<vertex lat="-1.029601" lon="-69.444334"/>
<vertex lat="-0.998750" lon="-69.448753"/>
<vertex lat="-0.965677" lon="-69.488440"/>
<vertex lat="-0.945833" lon="-69.519291"/>
<vertex lat="-0.917153" lon="-69.543553"/>
<vertex lat="-0.877466" lon="-69.554586"/>
<vertex lat="-0.837778" lon="-69.574430"/>
<vertex lat="-0.795868" lon="-69.583241"/>
<vertex lat="-0.762796" lon="-69.611895"/>
<vertex lat="-0.720938" lon="-69.620732"/>
<vertex lat="-0.681250" lon="-69.600888"/>
<vertex lat="-0.639341" lon="-69.592052"/>
<vertex lat="-0.599653" lon="-69.600888"/>
<vertex lat="-0.553351" lon="-69.611895"/>
<vertex lat="-0.509271" lon="-69.633961"/>
<vertex lat="-0.482399" lon="-69.667473"/>
<vertex lat="-0.452530" lon="-69.747443"/>
<vertex lat="-0.381372" lon="-69.827954"/>
<vertex lat="-0.317448" lon="-69.922781"/>
<vertex lat="-0.196163" lon="-70.044065"/>
<vertex lat="-0.138854" lon="-70.070524"/>
<vertex lat="0.018552" lon="-70.070937"/>
<vertex lat="0.189343" lon="-70.065744"/>
<vertex lat="0.447363" lon="-70.057889"/>
<vertex lat="0.578621" lon="-70.053884"/>
<vertex lat="0.585856" lon="-69.985438"/>
<vertex lat="0.589422" lon="-69.925106"/>
<vertex lat="0.598465" lon="-69.862061"/>
<vertex lat="0.607457" lon="-69.807129"/>
<vertex lat="0.626370" lon="-69.756719"/>
<vertex lat="0.649780" lon="-69.718891"/>
<vertex lat="0.665076" lon="-69.673830"/>
<vertex lat="0.659650" lon="-69.638715"/>
<vertex lat="0.680372" lon="-69.603601"/>
<vertex lat="0.700216" lon="-69.564870"/>
<vertex lat="0.716391" lon="-69.527043"/>
<vertex lat="0.729930" lon="-69.472136"/>
<vertex lat="0.698407" lon="-69.420796"/>
<vertex lat="0.666885" lon="-69.391986"/>
<vertex lat="0.651588" lon="-69.358655"/>
<vertex lat="0.655154" lon="-69.327132"/>
<vertex lat="0.652467" lon="-69.305532"/>
<vertex lat="0.627249" lon="-69.283027"/>
<vertex lat="0.625440" lon="-69.254191"/>
<vertex lat="0.629936" lon="-69.212772"/>
<vertex lat="0.635362" lon="-69.174067"/>
<vertex lat="0.642545" lon="-69.156058"/>
<vertex lat="0.658771" lon="-69.153344"/>
<vertex lat="0.686677" lon="-69.163241"/>
<vertex lat="0.712825" lon="-69.176754"/>
<vertex lat="0.753339" lon="-69.165954"/>
<vertex lat="0.801967" lon="-69.165049"/>
<vertex lat="0.864082" lon="-69.163241"/>
<vertex lat="0.898292" lon="-69.193859"/>
<vertex lat="0.963146" lon="-69.224477"/>
<vertex lat="1.015391" lon="-69.258713"/>
<vertex lat="1.050479" lon="-69.311836"/>
<vertex lat="1.064018" lon="-69.361368"/>
<vertex lat="1.042366" lon="-69.402787"/>
<vertex lat="1.038800" lon="-69.441518"/>
<vertex lat="1.058592" lon="-69.470328"/>
<vertex lat="1.059471" lon="-69.517147"/>
<vertex lat="1.065775" lon="-69.567583"/>
<vertex lat="1.073268" lon="-69.620887"/>
<vertex lat="1.059109" lon="-69.717005"/>
<vertex lat="1.076627" lon="-69.751318"/>
<vertex lat="1.078436" lon="-69.798137"/>
<vertex lat="1.059522" lon="-69.852165"/>
<vertex lat="1.308809" lon="-69.850795"/>
<vertex lat="1.543885" lon="-69.849478"/>
<vertex lat="1.708759" lon="-69.848573"/>
<vertex lat="1.705168" lon="-69.799946"/>
<vertex lat="1.734882" lon="-69.739614"/>
<vertex lat="1.739455" lon="-69.650033"/>
<vertex lat="1.770745" lon="-69.581277"/>
<vertex lat="1.773225" lon="-69.542933"/>
<vertex lat="1.757903" lon="-69.470173"/>
<vertex lat="1.725786" lon="-69.394363"/>
<vertex lat="1.721239" lon="-69.319743"/>
<vertex lat="1.721291" lon="-69.124277"/>
<vertex lat="1.721394" lon="-68.913178"/>
<vertex lat="1.721497" lon="-68.678464"/>
<vertex lat="1.721601" lon="-68.443440"/>
<vertex lat="1.721704" lon="-68.239576"/>
<vertex lat="1.719844" lon="-68.176557"/>
<vertex lat="1.774543" lon="-68.213273"/>
<vertex lat="1.845521" lon="-68.255932"/>
<vertex lat="1.901357" lon="-68.239473"/>
<vertex lat="1.957633" lon="-68.218389"/>
<vertex lat="1.986985" lon="-68.193816"/>
<vertex lat="1.955747" lon="-68.130254"/>
<vertex lat="1.860119" lon="-68.077079"/>
<vertex lat="1.788057" lon="-68.032844"/>
<vertex lat="1.752529" lon="-67.989772"/>
<vertex lat="1.748498" lon="-67.936209"/>
<vertex lat="1.760591" lon="-67.875541"/>
<vertex lat="1.790098" lon="-67.815080"/>
<vertex lat="1.922105" lon="-67.711882"/>
<vertex lat="2.035070" lon="-67.609227"/>
<vertex lat="2.073000" lon="-67.556052"/>
<vertex lat="2.107908" lon="-67.499647"/>
<vertex lat="2.121137" lon="-67.457763"/>
<vertex lat="2.116719" lon="-67.400428"/>
<vertex lat="2.085842" lon="-67.351930"/>
<vertex lat="2.032073" lon="-67.320614"/>
<vertex lat="1.844823" lon="-67.205815"/>
<vertex lat="1.703591" lon="-67.119231"/>
<vertex lat="1.615586" lon="-67.090137"/>
<vertex lat="1.400612" lon="-67.088277"/>
<vertex lat="1.210004" lon="-67.093651"/>
<vertex lat="1.185406" lon="-67.082282"/>
<vertex lat="1.178378" lon="-67.065255"/>
<vertex lat="1.223026" lon="-66.876042"/>
<vertex lat="0.992136" lon="-66.619055"/>
<vertex lat="0.821656" lon="-66.429247"/>
<vertex lat="0.767189" lon="-66.347133"/>
<vertex lat="0.751944" lon="-66.301658"/>
<vertex lat="0.763261" lon="-66.191226"/>
<vertex lat="0.785327" lon="-66.060071"/>
<vertex lat="0.809770" lon="-65.996354"/>
<vertex lat="0.863152" lon="-65.925867"/>
<vertex lat="0.937256" lon="-65.811300"/>
<vertex lat="0.978028" lon="-65.718102"/>
<vertex lat="0.983454" lon="-65.681438"/>
<vertex lat="0.970380" lon="-65.644696"/>
<vertex lat="0.926094" lon="-65.565992"/>
<vertex lat="0.843411" lon="-65.522998"/>
<vertex lat="0.747500" lon="-65.562685"/>
<vertex lat="0.687969" lon="-65.556071"/>
<vertex lat="0.691276" lon="-65.473388"/>
<vertex lat="0.790495" lon="-65.407242"/>
<vertex lat="0.868629" lon="-65.360863"/>
<vertex lat="0.931881" lon="-65.263995"/>
<vertex lat="1.022212" lon="-65.169634"/>
<vertex lat="1.108098" lon="-65.103747"/>
<vertex lat="1.158431" lon="-65.026542"/>
<vertex lat="1.219719" lon="-64.910115"/>
<vertex lat="1.257133" lon="-64.817950"/>
<vertex lat="1.253309" lon="-64.731573"/>
<vertex lat="1.293823" lon="-64.667443"/>
<vertex lat="1.369891" lon="-64.584347"/>
<vertex lat="1.431024" lon="-64.526288"/>
<vertex lat="1.452780" lon="-64.486058"/>
<vertex lat="1.446889" lon="-64.405133"/>
<vertex lat="1.455286" lon="-64.304209"/>
<vertex lat="1.529519" lon="-64.205042"/>
<vertex lat="1.619281" lon="-64.114841"/>
<vertex lat="1.770512" lon="-64.067040"/>
<vertex lat="1.904432" lon="-64.035466"/>
<vertex lat="1.931588" lon="-64.008516"/>
<vertex lat="1.953008" lon="-63.975805"/>
<vertex lat="1.967012" lon="-63.937151"/>
<vertex lat="1.976701" lon="-63.844495"/>
<vertex lat="2.048118" lon="-63.682154"/>
<vertex lat="2.120491" lon="-63.570249"/>
<vertex lat="2.136020" lon="-63.463898"/>
<vertex lat="2.155553" lon="-63.432505"/>
<vertex lat="2.222500" lon="-63.393929"/>
<vertex lat="2.340426" lon="-63.374860"/>
<vertex lat="2.411920" lon="-63.389252"/>
<vertex lat="2.433934" lon="-63.584615"/>
<vertex lat="2.434012" lon="-63.712565"/>
<vertex lat="2.452435" lon="-63.924155"/>
<vertex lat="2.481890" lon="-64.024898"/>
<vertex lat="2.502406" lon="-64.046602"/>
<vertex lat="2.525118" lon="-64.048824"/>
<vertex lat="2.576096" lon="-64.028696"/>
<vertex lat="2.671879" lon="-64.009033"/>
<vertex lat="2.801535" lon="-64.037817"/>
<vertex lat="3.004882" lon="-64.143547"/>
<vertex lat="3.204663" lon="-64.218839"/>
<vertex lat="3.343982" lon="-64.228761"/>
<vertex lat="3.491234" lon="-64.227056"/>
<vertex lat="3.587378" lon="-64.221113"/>
<vertex lat="3.662671" lon="-64.275270"/>
<vertex lat="3.899814" lon="-64.567914"/>
<vertex lat="4.011797" lon="-64.668993"/>
<vertex lat="4.089286" lon="-64.702583"/>
<vertex lat="4.232274" lon="-64.817873"/>
<vertex lat="4.276044" lon="-64.788701"/>
<vertex lat="4.274416" lon="-64.722245"/>
<vertex lat="4.237132" lon="-64.665505"/>
<vertex lat="4.157705" lon="-64.613647"/>
<vertex lat="4.139877" lon="-64.576363"/>
<vertex lat="4.140006" lon="-64.525539"/>
<vertex lat="4.140342" lon="-64.255685"/>
<vertex lat="4.126829" lon="-64.192485"/>
<vertex lat="4.100163" lon="-64.154296"/>
<vertex lat="4.067013" lon="-64.121714"/>
<vertex lat="3.974435" lon="-64.073396"/>
<vertex lat="3.929114" lon="-64.021487"/>
<vertex lat="3.930639" lon="-63.914620"/>
<vertex lat="3.932577" lon="-63.746982"/>
<vertex lat="3.940845" lon="-63.652931"/>
<vertex lat="3.915059" lon="-63.596629"/>
<vertex lat="3.893716" lon="-63.526789"/>
<vertex lat="3.942860" lon="-63.379795"/>
<vertex lat="3.943894" lon="-63.338661"/>
<vertex lat="3.922242" lon="-63.294710"/>
<vertex lat="3.756438" lon="-63.136218"/>
<vertex lat="3.686494" lon="-63.045319"/>
<vertex lat="3.593967" lon="-62.968632"/>
<vertex lat="3.593450" lon="-62.856985"/>
<vertex lat="3.672954" lon="-62.764587"/>
<vertex lat="3.940328" lon="-62.739912"/>
<vertex lat="4.017920" lon="-62.712110"/>
<vertex lat="4.039650" lon="-62.665343"/>
<vertex lat="4.042312" lon="-62.609739"/>
<vertex lat="4.084325" lon="-62.543955"/>
<vertex lat="4.138533" lon="-62.472538"/>
<vertex lat="4.156723" lon="-62.410629"/>
<vertex lat="4.098381" lon="-62.153100"/>
<vertex lat="4.126312" lon="-62.081606"/>
<vertex lat="4.197005" lon="-61.820846"/>
<vertex lat="4.287801" lon="-61.554248"/>
<vertex lat="4.402238" lon="-61.479368"/>
<vertex lat="4.433011" lon="-61.367541"/>
<vertex lat="4.516908" lon="-61.280104"/>
<vertex lat="4.508071" lon="-61.209411"/>
<vertex lat="4.504687" lon="-61.102441"/>
<vertex lat="4.519311" lon="-61.036269"/>
<vertex lat="4.535279" lon="-61.002860"/>
<vertex lat="4.574708" lon="-60.966428"/>
<vertex lat="4.686794" lon="-60.906251"/>
<vertex lat="4.729221" lon="-60.833387"/>
<vertex lat="4.774128" lon="-60.741739"/>
<vertex lat="4.827096" lon="-60.679159"/>
<vertex lat="4.892544" lon="-60.627586"/>
<vertex lat="4.949362" lon="-60.603866"/>
<vertex lat="4.994579" lon="-60.604486"/>
<vertex lat="5.081990" lon="-60.635027"/>
<vertex lat="5.164362" lon="-60.672002"/>
<vertex lat="5.191570" lon="-60.711973"/>
<vertex lat="5.202034" lon="-60.742127"/>
<vertex lat="5.221154" lon="-60.651357"/>
<vertex lat="5.192500" lon="-60.576400"/>
<vertex lat="5.188082" lon="-60.459534"/>
<vertex lat="5.210147" lon="-60.408814"/>
<vertex lat="5.199295" lon="-60.335201"/>
<vertex lat="5.257974" lon="-60.241666"/>
</area>
</country>
