<country>
<name>Ecuador</name>
<area>
<vertex lat="-2.973100" lon="-80.131589"/>
<vertex lat="-3.011754" lon="-80.150709"/>
<vertex lat="-3.008343" lon="-80.245717"/>
<vertex lat="-2.995941" lon="-80.272924"/>
<vertex lat="-2.951809" lon="-80.272149"/>
<vertex lat="-2.811869" lon="-80.249825"/>
<vertex lat="-2.753165" lon="-80.223702"/>
<vertex lat="-2.696321" lon="-80.145697"/>
<vertex lat="-2.668829" lon="-80.080765"/>
<vertex lat="-2.673790" lon="-79.997282"/>
<vertex lat="-2.725570" lon="-79.909019"/>
<vertex lat="-2.819518" lon="-80.013250"/>
<vertex lat="-2.833780" lon="-80.071179"/>
<vertex lat="-2.845872" lon="-80.093400"/>
<vertex lat="-2.973100" lon="-80.131589"/>
</area>
<area>
<vertex lat="-1.339918" lon="-90.423932"/>
<vertex lat="-1.341985" lon="-90.464395"/>
<vertex lat="-1.299094" lon="-90.519534"/>
<vertex lat="-1.220959" lon="-90.477211"/>
<vertex lat="-1.239872" lon="-90.431968"/>
<vertex lat="-1.262300" lon="-90.398740"/>
<vertex lat="-1.292272" lon="-90.379155"/>
<vertex lat="-1.339918" lon="-90.423932"/>
</area>
<area>
<vertex lat="-0.911004" lon="-89.418878"/>
<vertex lat="-0.952345" lon="-89.536596"/>
<vertex lat="-0.933741" lon="-89.577292"/>
<vertex lat="-0.913432" lon="-89.602613"/>
<vertex lat="-0.888576" lon="-89.608582"/>
<vertex lat="-0.826874" lon="-89.543469"/>
<vertex lat="-0.793388" lon="-89.479933"/>
<vertex lat="-0.722281" lon="-89.423141"/>
<vertex lat="-0.680113" lon="-89.318419"/>
<vertex lat="-0.689828" lon="-89.287852"/>
<vertex lat="-0.704608" lon="-89.267414"/>
<vertex lat="-0.728379" lon="-89.259378"/>
<vertex lat="-0.785947" lon="-89.294880"/>
<vertex lat="-0.826047" lon="-89.358364"/>
<vertex lat="-0.911004" lon="-89.418878"/>
</area>
<area>
<vertex lat="-0.771581" lon="-90.334868"/>
<vertex lat="-0.773338" lon="-90.387087"/>
<vertex lat="-0.676496" lon="-90.542142"/>
<vertex lat="-0.581411" lon="-90.531704"/>
<vertex lat="-0.517332" lon="-90.469744"/>
<vertex lat="-0.484673" lon="-90.269394"/>
<vertex lat="-0.544824" lon="-90.185317"/>
<vertex lat="-0.658823" lon="-90.192732"/>
<vertex lat="-0.742022" lon="-90.261100"/>
<vertex lat="-0.757266" lon="-90.315438"/>
<vertex lat="-0.771581" lon="-90.334868"/>
</area>
<area>
<vertex lat="-0.460798" lon="-91.425990"/>
<vertex lat="-0.478265" lon="-91.526346"/>
<vertex lat="-0.443952" lon="-91.610733"/>
<vertex lat="-0.390829" lon="-91.646571"/>
<vertex lat="-0.310988" lon="-91.654142"/>
<vertex lat="-0.284478" lon="-91.646674"/>
<vertex lat="-0.255643" lon="-91.460148"/>
<vertex lat="-0.322512" lon="-91.399377"/>
<vertex lat="-0.420904" lon="-91.399971"/>
<vertex lat="-0.460798" lon="-91.425990"/>
</area>
<area>
<vertex lat="-0.333984" lon="-90.573949"/>
<vertex lat="-0.364267" lon="-90.620458"/>
<vertex lat="-0.329437" lon="-90.809051"/>
<vertex lat="-0.271353" lon="-90.867781"/>
<vertex lat="-0.192184" lon="-90.820368"/>
<vertex lat="-0.160455" lon="-90.780371"/>
<vertex lat="-0.189807" lon="-90.667535"/>
<vertex lat="-0.278381" lon="-90.553304"/>
<vertex lat="-0.333984" lon="-90.573949"/>
</area>
<area>
<vertex lat="0.025167" lon="-91.272149"/>
<vertex lat="-0.039325" lon="-91.210034"/>
<vertex lat="-0.223087" lon="-91.176238"/>
<vertex lat="-0.416873" lon="-90.975527"/>
<vertex lat="-0.525187" lon="-90.950645"/>
<vertex lat="-0.575572" lon="-90.968447"/>
<vertex lat="-0.595364" lon="-90.958939"/>
<vertex lat="-0.671742" lon="-90.862536"/>
<vertex lat="-0.752047" lon="-90.799672"/>
<vertex lat="-0.940562" lon="-90.905505"/>
<vertex lat="-1.019627" lon="-91.131073"/>
<vertex lat="-1.017044" lon="-91.371549"/>
<vertex lat="-0.996683" lon="-91.419066"/>
<vertex lat="-0.924646" lon="-91.483558"/>
<vertex lat="-0.860981" lon="-91.495417"/>
<vertex lat="-0.799486" lon="-91.458288"/>
<vertex lat="-0.706261" lon="-91.334084"/>
<vertex lat="-0.622856" lon="-91.144690"/>
<vertex lat="-0.559087" lon="-91.120944"/>
<vertex lat="-0.496972" lon="-91.197012"/>
<vertex lat="-0.373672" lon="-91.249515"/>
<vertex lat="-0.287166" lon="-91.369198"/>
<vertex lat="-0.023409" lon="-91.428858"/>
<vertex lat="-0.010283" lon="-91.468701"/>
<vertex lat="-0.046664" lon="-91.550014"/>
<vertex lat="-0.014779" lon="-91.590089"/>
<vertex lat="0.002119" lon="-91.596807"/>
<vertex lat="0.062270" lon="-91.509189"/>
<vertex lat="0.105162" lon="-91.491025"/>
<vertex lat="0.125832" lon="-91.361395"/>
<vertex lat="0.091416" lon="-91.305765"/>
<vertex lat="0.025167" lon="-91.272149"/>
</area>
<area>
<vertex lat="1.252792" lon="-78.909209"/>
<vertex lat="1.245351" lon="-78.965614"/>
<vertex lat="1.293203" lon="-78.991710"/>
<vertex lat="1.348910" lon="-78.923265"/>
<vertex lat="1.359762" lon="-78.899778"/>
<vertex lat="1.252792" lon="-78.909209"/>
</area>
<area>
<vertex lat="1.046086" lon="-78.312088"/>
<vertex lat="0.968572" lon="-78.180675"/>
<vertex lat="0.898705" lon="-78.036988"/>
<vertex lat="0.825376" lon="-77.829533"/>
<vertex lat="0.837830" lon="-77.702874"/>
<vertex lat="0.782226" lon="-77.673212"/>
<vertex lat="0.723625" lon="-77.648614"/>
<vertex lat="0.689519" lon="-77.601304"/>
<vertex lat="0.660373" lon="-77.526141"/>
<vertex lat="0.651175" lon="-77.481389"/>
<vertex lat="0.636499" lon="-77.467695"/>
<vertex lat="0.424832" lon="-77.422736"/>
<vertex lat="0.393878" lon="-77.396330"/>
<vertex lat="0.360392" lon="-77.292667"/>
<vertex lat="0.347731" lon="-77.165724"/>
<vertex lat="0.355069" lon="-77.114125"/>
<vertex lat="0.296261" lon="-77.002426"/>
<vertex lat="0.268511" lon="-76.920131"/>
<vertex lat="0.247737" lon="-76.829362"/>
<vertex lat="0.241639" lon="-76.767738"/>
<vertex lat="0.250838" lon="-76.739316"/>
<vertex lat="0.272128" lon="-76.728980"/>
<vertex lat="0.268149" lon="-76.678492"/>
<vertex lat="0.240968" lon="-76.603045"/>
<vertex lat="0.235438" lon="-76.494602"/>
<vertex lat="0.261225" lon="-76.427293"/>
<vertex lat="0.303909" lon="-76.417966"/>
<vertex lat="0.378840" lon="-76.413366"/>
<vertex lat="0.404989" lon="-76.388174"/>
<vertex lat="0.448500" lon="-76.311047"/>
<vertex lat="0.439405" lon="-76.270610"/>
<vertex lat="0.345561" lon="-76.067935"/>
<vertex lat="0.313108" lon="-76.026155"/>
<vertex lat="0.247737" lon="-75.974866"/>
<vertex lat="0.150999" lon="-75.879781"/>
<vertex lat="0.089246" lon="-75.776687"/>
<vertex lat="0.062891" lon="-75.617317"/>
<vertex lat="-0.038447" lon="-75.463941"/>
<vertex lat="-0.106505" lon="-75.284469"/>
<vertex lat="-0.142162" lon="-75.340460"/>
<vertex lat="-0.146037" lon="-75.398390"/>
<vertex lat="-0.157148" lon="-75.475956"/>
<vertex lat="-0.122835" lon="-75.583753"/>
<vertex lat="-0.122835" lon="-75.626257"/>
<vertex lat="-0.157613" lon="-75.632045"/>
<vertex lat="-0.200091" lon="-75.560602"/>
<vertex lat="-0.248357" lon="-75.491071"/>
<vertex lat="-0.321737" lon="-75.465982"/>
<vertex lat="-0.408864" lon="-75.424693"/>
<vertex lat="-0.506532" lon="-75.325242"/>
<vertex lat="-0.555366" lon="-75.263230"/>
<vertex lat="-0.590145" lon="-75.259354"/>
<vertex lat="-0.653862" lon="-75.278681"/>
<vertex lat="-0.707088" lon="-75.283590"/>
<vertex lat="-0.951828" lon="-75.249587"/>
<vertex lat="-0.966814" lon="-75.272428"/>
<vertex lat="-0.968054" lon="-75.309196"/>
<vertex lat="-0.966762" lon="-75.348186"/>
<vertex lat="-0.940252" lon="-75.380122"/>
<vertex lat="-0.924284" lon="-75.408053"/>
<vertex lat="-0.962163" lon="-75.420430"/>
<vertex lat="-1.071200" lon="-75.449162"/>
<vertex lat="-1.316353" lon="-75.513861"/>
<vertex lat="-1.531224" lon="-75.570550"/>
<vertex lat="-1.607292" lon="-75.641656"/>
<vertex lat="-1.728111" lon="-75.744544"/>
<vertex lat="-1.893424" lon="-75.885466"/>
<vertex lat="-2.133151" lon="-76.089794"/>
<vertex lat="-2.243945" lon="-76.240948"/>
<vertex lat="-2.331330" lon="-76.360140"/>
<vertex lat="-2.432306" lon="-76.499356"/>
<vertex lat="-2.562634" lon="-76.679113"/>
<vertex lat="-2.635911" lon="-76.880754"/>
<vertex lat="-2.737662" lon="-77.161460"/>
<vertex lat="-2.809699" lon="-77.360079"/>
<vertex lat="-2.859980" lon="-77.506504"/>
<vertex lat="-2.912380" lon="-77.658975"/>
<vertex lat="-2.981678" lon="-77.860591"/>
<vertex lat="-3.046997" lon="-77.938467"/>
<vertex lat="-3.206832" lon="-78.067917"/>
<vertex lat="-3.283882" lon="-78.128223"/>
<vertex lat="-3.350234" lon="-78.183310"/>
<vertex lat="-3.380465" lon="-78.194653"/>
<vertex lat="-3.399844" lon="-78.187444"/>
<vertex lat="-3.432090" lon="-78.160986"/>
<vertex lat="-3.465163" lon="-78.158505"/>
<vertex lat="-3.485833" lon="-78.194886"/>
<vertex lat="-3.489141" lon="-78.226305"/>
<vertex lat="-3.472604" lon="-78.240361"/>
<vertex lat="-3.436121" lon="-78.250722"/>
<vertex lat="-3.399017" lon="-78.284183"/>
<vertex lat="-3.388268" lon="-78.323043"/>
<vertex lat="-3.397363" lon="-78.345367"/>
<vertex lat="-3.431263" lon="-78.347254"/>
<vertex lat="-3.594819" lon="-78.398052"/>
<vertex lat="-3.674349" lon="-78.399938"/>
<vertex lat="-3.705768" lon="-78.421435"/>
<vertex lat="-3.776875" lon="-78.419781"/>
<vertex lat="-3.843021" lon="-78.471044"/>
<vertex lat="-3.902035" lon="-78.493472"/>
<vertex lat="-3.952162" lon="-78.509078"/>
<vertex lat="-3.986888" lon="-78.550419"/>
<vertex lat="-4.041562" lon="-78.565121"/>
<vertex lat="-4.157317" lon="-78.603388"/>
<vertex lat="-4.248164" lon="-78.647985"/>
<vertex lat="-4.325886" lon="-78.679404"/>
<vertex lat="-4.383970" lon="-78.685140"/>
<vertex lat="-4.425104" lon="-78.661214"/>
<vertex lat="-4.458177" lon="-78.652946"/>
<vertex lat="-4.517708" lon="-78.674443"/>
<vertex lat="-4.562357" lon="-78.686018"/>
<vertex lat="-4.592691" lon="-78.743043"/>
<vertex lat="-4.665038" lon="-78.861512"/>
<vertex lat="-4.714492" lon="-78.907607"/>
<vertex lat="-4.770716" lon="-78.925797"/>
<vertex lat="-4.818672" lon="-78.914222"/>
<vertex lat="-4.858359" lon="-78.919183"/>
<vertex lat="-4.873242" lon="-78.975406"/>
<vertex lat="-4.907969" lon="-78.995250"/>
<vertex lat="-4.969154" lon="-79.033284"/>
<vertex lat="-4.990651" lon="-79.076279"/>
<vertex lat="-4.958250" lon="-79.186660"/>
<vertex lat="-4.957578" lon="-79.268102"/>
<vertex lat="-4.927813" lon="-79.330940"/>
<vertex lat="-4.840014" lon="-79.399437"/>
<vertex lat="-4.766220" lon="-79.455765"/>
<vertex lat="-4.670567" lon="-79.501912"/>
<vertex lat="-4.539206" lon="-79.516149"/>
<vertex lat="-4.500604" lon="-79.577669"/>
<vertex lat="-4.454870" lon="-79.638518"/>
<vertex lat="-4.467582" lon="-79.710969"/>
<vertex lat="-4.476367" lon="-79.797268"/>
<vertex lat="-4.445878" lon="-79.845095"/>
<vertex lat="-4.390378" lon="-79.962891"/>
<vertex lat="-4.327539" lon="-80.063505"/>
<vertex lat="-4.296120" lon="-80.139573"/>
<vertex lat="-4.311003" lon="-80.197451"/>
<vertex lat="-4.349037" lon="-80.232177"/>
<vertex lat="-4.416836" lon="-80.293362"/>
<vertex lat="-4.463707" lon="-80.383512"/>
<vertex lat="-4.461381" lon="-80.424181"/>
<vertex lat="-4.430065" lon="-80.478571"/>
<vertex lat="-4.393685" lon="-80.488492"/>
<vertex lat="-4.335807" lon="-80.443844"/>
<vertex lat="-4.208477" lon="-80.352893"/>
<vertex lat="-4.205169" lon="-80.453766"/>
<vertex lat="-4.165482" lon="-80.488492"/>
<vertex lat="-4.119180" lon="-80.493453"/>
<vertex lat="-4.069570" lon="-80.509990"/>
<vertex lat="-4.010039" lon="-80.490146"/>
<vertex lat="-3.978620" lon="-80.437229"/>
<vertex lat="-4.003425" lon="-80.357854"/>
<vertex lat="-4.005078" lon="-80.303284"/>
<vertex lat="-3.948854" lon="-80.266904"/>
<vertex lat="-3.924050" lon="-80.230524"/>
<vertex lat="-3.905859" lon="-80.194143"/>
<vertex lat="-3.877747" lon="-80.179261"/>
<vertex lat="-3.787727" lon="-80.217553"/>
<vertex lat="-3.738841" lon="-80.228870"/>
<vertex lat="-3.710729" lon="-80.217294"/>
<vertex lat="-3.654505" lon="-80.218948"/>
<vertex lat="-3.613164" lon="-80.220602"/>
<vertex lat="-3.576784" lon="-80.243753"/>
<vertex lat="-3.522214" lon="-80.245406"/>
<vertex lat="-3.492448" lon="-80.265250"/>
<vertex lat="-3.461029" lon="-80.271865"/>
<vertex lat="-3.424649" lon="-80.273518"/>
<vertex lat="-3.406458" lon="-80.298323"/>
<vertex lat="-3.387855" lon="-80.324652"/>
<vertex lat="-3.374832" lon="-80.303103"/>
<vertex lat="-3.324293" lon="-80.159856"/>
<vertex lat="-3.274012" lon="-80.100325"/>
<vertex lat="-3.228123" lon="-80.026634"/>
<vertex lat="-3.157740" lon="-79.963331"/>
<vertex lat="-3.090095" lon="-79.921576"/>
<vertex lat="-2.776936" lon="-79.822719"/>
<vertex lat="-2.579119" lon="-79.729857"/>
<vertex lat="-2.484706" lon="-79.745514"/>
<vertex lat="-2.356548" lon="-79.822409"/>
<vertex lat="-2.167878" lon="-79.839772"/>
<vertex lat="-2.110569" lon="-79.832641"/>
<vertex lat="-2.067367" lon="-79.842149"/>
<vertex lat="-2.145657" lon="-79.893412"/>
<vertex lat="-2.423676" lon="-79.880312"/>
<vertex lat="-2.548526" lon="-79.925607"/>
<vertex lat="-2.578705" lon="-79.989014"/>
<vertex lat="-2.556743" lon="-80.030200"/>
<vertex lat="-2.353810" lon="-80.006661"/>
<vertex lat="-2.390758" lon="-80.053093"/>
<vertex lat="-2.528372" lon="-80.127145"/>
<vertex lat="-2.630588" lon="-80.248636"/>
<vertex lat="-2.664695" lon="-80.255277"/>
<vertex lat="-2.706760" lon="-80.284706"/>
<vertex lat="-2.667951" lon="-80.378551"/>
<vertex lat="-2.625938" lon="-80.450097"/>
<vertex lat="-2.396908" lon="-80.684889"/>
<vertex lat="-2.349055" lon="-80.839039"/>
<vertex lat="-2.269164" lon="-80.932160"/>
<vertex lat="-2.235470" lon="-80.951617"/>
<vertex lat="-2.189220" lon="-80.962779"/>
<vertex lat="-2.141213" lon="-80.867642"/>
<vertex lat="-2.076617" lon="-80.770362"/>
<vertex lat="-1.934559" lon="-80.760595"/>
<vertex lat="-1.822989" lon="-80.763153"/>
<vertex lat="-1.632407" lon="-80.835009"/>
<vertex lat="-1.383429" lon="-80.801419"/>
<vertex lat="-1.285864" lon="-80.819997"/>
<vertex lat="-1.078952" lon="-80.902395"/>
<vertex lat="-0.974721" lon="-80.841417"/>
<vertex lat="-0.898705" lon="-80.623678"/>
<vertex lat="-0.847958" lon="-80.553889"/>
<vertex lat="-0.683834" lon="-80.505081"/>
<vertex lat="-0.585442" lon="-80.455445"/>
<vertex lat="-0.625129" lon="-80.358397"/>
<vertex lat="-0.620479" lon="-80.282355"/>
<vertex lat="-0.583995" lon="-80.384752"/>
<vertex lat="-0.435994" lon="-80.468313"/>
<vertex lat="-0.368298" lon="-80.482265"/>
<vertex lat="-0.165829" lon="-80.321293"/>
<vertex lat="-0.113119" lon="-80.237009"/>
<vertex lat="-0.006046" lon="-80.133398"/>
<vertex lat="0.155391" lon="-80.046142"/>
<vertex lat="0.410156" lon="-80.024981"/>
<vertex lat="0.592264" lon="-80.061051"/>
<vertex lat="0.784759" lon="-80.088258"/>
<vertex lat="0.834575" lon="-80.035962"/>
<vertex lat="0.860206" lon="-79.903541"/>
<vertex lat="0.922270" lon="-79.795847"/>
<vertex lat="0.979785" lon="-79.741225"/>
<vertex lat="0.971156" lon="-79.613171"/>
<vertex lat="1.060039" lon="-79.465377"/>
<vertex lat="1.104584" lon="-79.229060"/>
<vertex lat="1.206232" lon="-78.899649"/>
<vertex lat="1.295942" lon="-78.827043"/>
<vertex lat="1.455364" lon="-78.859677"/>
<vertex lat="1.434693" lon="-78.828878"/>
<vertex lat="1.358703" lon="-78.737126"/>
<vertex lat="1.283436" lon="-78.681652"/>
<vertex lat="1.236669" lon="-78.587627"/>
<vertex lat="1.198842" lon="-78.511533"/>
<vertex lat="1.046086" lon="-78.312088"/>
</area>
</country>
