<country>
<name>Equatorial Guinea</name>
<area>
<vertex lat="1.120759" lon="11.334688"/>
<vertex lat="0.999681" lon="11.335360"/>
<vertex lat="1.000404" lon="11.130618"/>
<vertex lat="1.001283" lon="10.858903"/>
<vertex lat="1.002161" lon="10.587189"/>
<vertex lat="1.003092" lon="10.315474"/>
<vertex lat="1.003557" lon="10.178945"/>
<vertex lat="1.004022" lon="10.028463"/>
<vertex lat="0.997717" lon="9.979784"/>
<vertex lat="0.967125" lon="9.946711"/>
<vertex lat="0.960097" lon="9.906765"/>
<vertex lat="0.986245" lon="9.860308"/>
<vertex lat="0.998751" lon="9.803877"/>
<vertex lat="1.025674" lon="9.788633"/>
<vertex lat="1.074715" lon="9.760573"/>
<vertex lat="1.079986" lon="9.704555"/>
<vertex lat="1.074715" lon="9.676495"/>
<vertex lat="1.046706" lon="9.636187"/>
<vertex lat="1.031979" lon="9.590867"/>
<vertex lat="1.054458" lon="9.599445"/>
<vertex lat="1.114816" lon="9.509838"/>
<vertex lat="1.120655" lon="9.445346"/>
<vertex lat="1.139259" lon="9.385918"/>
<vertex lat="1.296407" lon="9.434081"/>
<vertex lat="1.435313" lon="9.494232"/>
<vertex lat="1.540216" lon="9.584253"/>
<vertex lat="1.565538" lon="9.632105"/>
<vertex lat="1.617576" lon="9.647608"/>
<vertex lat="1.788677" lon="9.718818"/>
<vertex lat="1.927480" lon="9.806978"/>
<vertex lat="2.068194" lon="9.779693"/>
<vertex lat="2.304433" lon="9.800777"/>
<vertex lat="2.297793" lon="9.826202"/>
<vertex lat="2.275469" lon="9.830336"/>
<vertex lat="2.242396" lon="9.836950"/>
<vertex lat="2.213302" lon="9.870075"/>
<vertex lat="2.167775" lon="9.979887"/>
<vertex lat="2.167723" lon="10.307051"/>
<vertex lat="2.167646" lon="10.502284"/>
<vertex lat="2.167568" lon="10.790949"/>
<vertex lat="2.167491" lon="11.096615"/>
<vertex lat="2.167413" lon="11.328746"/>
<vertex lat="1.935903" lon="11.330037"/>
<vertex lat="1.740204" lon="11.331174"/>
<vertex lat="1.528382" lon="11.332363"/>
<vertex lat="1.307621" lon="11.333603"/>
<vertex lat="1.120759" lon="11.334688"/>
</area>
<area>
<vertex lat="3.758324" lon="8.735726"/>
<vertex lat="3.754345" lon="8.760427"/>
<vertex lat="3.758221" lon="8.910082"/>
<vertex lat="3.705304" lon="8.950700"/>
<vertex lat="3.627531" lon="8.946049"/>
<vertex lat="3.400413" lon="8.792156"/>
<vertex lat="3.304656" lon="8.763424"/>
<vertex lat="3.223628" lon="8.703996"/>
<vertex lat="3.217117" lon="8.652320"/>
<vertex lat="3.264659" lon="8.474863"/>
<vertex lat="3.293494" lon="8.444891"/>
<vertex lat="3.332407" lon="8.434245"/>
<vertex lat="3.422892" lon="8.451712"/>
<vertex lat="3.450591" lon="8.464631"/>
<vertex lat="3.467644" lon="8.549794"/>
<vertex lat="3.482372" lon="8.577286"/>
<vertex lat="3.579989" lon="8.622761"/>
<vertex lat="3.668820" lon="8.637747"/>
<vertex lat="3.735948" lon="8.675884"/>
<vertex lat="3.758324" lon="8.735726"/>
</area>
</country>
