<country>
<name>Ghana</name>
<area>
<vertex lat="11.115601" lon="-0.068621"/>
<vertex lat="11.055553" lon="-0.004749"/>
<vertex lat="11.020981" lon="0.009436"/>
<vertex lat="10.891351" lon="-0.013895"/>
<vertex lat="10.800607" lon="-0.060585"/>
<vertex lat="10.715522" lon="-0.090196"/>
<vertex lat="10.673044" lon="-0.086320"/>
<vertex lat="10.630618" lon="-0.057691"/>
<vertex lat="10.563852" lon="0.039460"/>
<vertex lat="10.520598" lon="0.089277"/>
<vertex lat="10.454789" lon="0.148291"/>
<vertex lat="10.390529" lon="0.216039"/>
<vertex lat="10.306942" lon="0.331846"/>
<vertex lat="10.291853" lon="0.380887"/>
<vertex lat="10.268573" lon="0.378639"/>
<vertex lat="10.236481" lon="0.362697"/>
<vertex lat="9.924924" lon="0.351845"/>
<vertex lat="9.844593" lon="0.343060"/>
<vertex lat="9.803950" lon="0.334533"/>
<vertex lat="9.687574" lon="0.323888"/>
<vertex lat="9.670986" lon="0.311692"/>
<vertex lat="9.672304" lon="0.289678"/>
<vertex lat="9.667911" lon="0.269524"/>
<vertex lat="9.644735" lon="0.264589"/>
<vertex lat="9.620938" lon="0.272780"/>
<vertex lat="9.604143" lon="0.342569"/>
<vertex lat="9.586573" lon="0.327350"/>
<vertex lat="9.570631" lon="0.275518"/>
<vertex lat="9.535646" lon="0.251541"/>
<vertex lat="9.495622" lon="0.261876"/>
<vertex lat="9.463505" lon="0.233402"/>
<vertex lat="9.441905" lon="0.241515"/>
<vertex lat="9.426040" lon="0.259964"/>
<vertex lat="9.431828" lon="0.289316"/>
<vertex lat="9.485571" lon="0.370965"/>
<vertex lat="9.491436" lon="0.405304"/>
<vertex lat="9.480249" lon="0.447575"/>
<vertex lat="9.398496" lon="0.525684"/>
<vertex lat="9.358318" lon="0.528991"/>
<vertex lat="9.221246" lon="0.497159"/>
<vertex lat="9.115310" lon="0.466153"/>
<vertex lat="8.974233" lon="0.460365"/>
<vertex lat="8.894910" lon="0.493231"/>
<vertex lat="8.851476" lon="0.488787"/>
<vertex lat="8.813778" lon="0.453079"/>
<vertex lat="8.759259" lon="0.372567"/>
<vertex lat="8.722000" lon="0.378639"/>
<vertex lat="8.652728" lon="0.415303"/>
<vertex lat="8.575291" lon="0.483309"/>
<vertex lat="8.479638" lon="0.616221"/>
<vertex lat="8.354865" lon="0.686294"/>
<vertex lat="8.304248" lon="0.688051"/>
<vertex lat="8.253450" lon="0.647072"/>
<vertex lat="8.209577" lon="0.599271"/>
<vertex lat="8.145808" lon="0.583562"/>
<vertex lat="7.728211" lon="0.605162"/>
<vertex lat="7.546852" lon="0.499949"/>
<vertex lat="7.495098" lon="0.498916"/>
<vertex lat="7.435128" lon="0.509613"/>
<vertex lat="7.398722" lon="0.537260"/>
<vertex lat="7.388800" lon="0.591003"/>
<vertex lat="7.353660" lon="0.634721"/>
<vertex lat="7.226536" lon="0.619528"/>
<vertex lat="7.096647" lon="0.596222"/>
<vertex lat="7.033990" lon="0.592450"/>
<vertex lat="7.004121" lon="0.579479"/>
<vertex lat="6.979703" lon="0.538086"/>
<vertex lat="6.938853" lon="0.523100"/>
<vertex lat="6.888314" lon="0.533436"/>
<vertex lat="6.850926" lon="0.525581"/>
<vertex lat="6.802479" lon="0.548008"/>
<vertex lat="6.742173" lon="0.595757"/>
<vertex lat="6.592518" lon="0.672755"/>
<vertex lat="6.580736" lon="0.702211"/>
<vertex lat="6.549316" lon="0.715440"/>
<vertex lat="6.518724" lon="0.707172"/>
<vertex lat="6.452578" lon="0.736937"/>
<vertex lat="6.386381" lon="0.822513"/>
<vertex lat="6.328555" lon="0.912224"/>
<vertex lat="6.320286" lon="0.984984"/>
<vertex lat="6.268532" lon="1.002141"/>
<vertex lat="6.202645" lon="1.049941"/>
<vertex lat="6.173784" lon="1.084461"/>
<vertex lat="6.155025" lon="1.139600"/>
<vertex lat="6.145000" lon="1.185075"/>
<vertex lat="6.089422" lon="1.187246"/>
<vertex lat="6.051362" lon="1.105597"/>
<vertex lat="5.994001" lon="1.050303"/>
<vertex lat="5.906410" lon="1.008032"/>
<vertex lat="5.810266" lon="0.949741"/>
<vertex lat="5.760114" lon="0.748823"/>
<vertex lat="5.759700" lon="0.671825"/>
<vertex lat="5.757323" lon="0.259705"/>
<vertex lat="5.568188" lon="-0.126498"/>
<vertex lat="5.500802" lon="-0.348707"/>
<vertex lat="5.394245" lon="-0.485443"/>
<vertex lat="5.318539" lon="-0.669411"/>
<vertex lat="5.226710" lon="-0.797698"/>
<vertex lat="5.182681" lon="-1.064322"/>
<vertex lat="5.037987" lon="-1.501634"/>
<vertex lat="4.980833" lon="-1.638447"/>
<vertex lat="4.880374" lon="-1.776837"/>
<vertex lat="4.762449" lon="-2.001836"/>
<vertex lat="4.764051" lon="-2.090203"/>
<vertex lat="4.874070" lon="-2.266419"/>
<vertex lat="4.929364" lon="-2.398918"/>
<vertex lat="5.013699" lon="-2.723058"/>
<vertex lat="5.046307" lon="-2.964981"/>
<vertex lat="5.082481" lon="-3.081874"/>
<vertex lat="5.088656" lon="-3.114016"/>
<vertex lat="5.128318" lon="-3.086731"/>
<vertex lat="5.130824" lon="-3.019138"/>
<vertex lat="5.118861" lon="-2.948367"/>
<vertex lat="5.149040" lon="-2.894702"/>
<vertex lat="5.153019" lon="-2.815662"/>
<vertex lat="5.184542" lon="-2.795199"/>
<vertex lat="5.264123" lon="-2.788687"/>
<vertex lat="5.328202" lon="-2.789617"/>
<vertex lat="5.356934" lon="-2.761919"/>
<vertex lat="5.432537" lon="-2.754994"/>
<vertex lat="5.600072" lon="-2.793648"/>
<vertex lat="5.619192" lon="-2.821192"/>
<vertex lat="5.643015" lon="-2.962268"/>
<vertex lat="5.676295" lon="-2.972810"/>
<vertex lat="5.711305" lon="-2.998287"/>
<vertex lat="5.797760" lon="-3.025314"/>
<vertex lat="5.926279" lon="-3.056165"/>
<vertex lat="6.085624" lon="-3.105593"/>
<vertex lat="6.348269" lon="-3.200600"/>
<vertex lat="6.441054" lon="-3.224035"/>
<vertex lat="6.535622" lon="-3.240288"/>
<vertex lat="6.648690" lon="-3.243905"/>
<vertex lat="6.690755" lon="-3.224113"/>
<vertex lat="6.749097" lon="-3.227162"/>
<vertex lat="6.807233" lon="-3.235792"/>
<vertex lat="6.940972" lon="-3.168897"/>
<vertex lat="7.104605" lon="-3.037716"/>
<vertex lat="7.163749" lon="-3.010172"/>
<vertex lat="7.204858" lon="-2.985781"/>
<vertex lat="7.263640" lon="-2.982319"/>
<vertex lat="7.454532" lon="-2.959090"/>
<vertex lat="7.685009" lon="-2.896355"/>
<vertex lat="7.772084" lon="-2.856900"/>
<vertex lat="7.819058" lon="-2.830132"/>
<vertex lat="7.896004" lon="-2.798144"/>
<vertex lat="7.931919" lon="-2.789773"/>
<vertex lat="8.022198" lon="-2.668850"/>
<vertex lat="8.046693" lon="-2.613349"/>
<vertex lat="8.082246" lon="-2.600947"/>
<vertex lat="8.121107" lon="-2.619964"/>
<vertex lat="8.147565" lon="-2.611696"/>
<vertex lat="8.160794" lon="-2.582757"/>
<vertex lat="8.171646" lon="-2.538263"/>
<vertex lat="8.208750" lon="-2.505862"/>
<vertex lat="8.493022" lon="-2.556867"/>
<vertex lat="8.776364" lon="-2.598001"/>
<vertex lat="8.800445" lon="-2.600404"/>
<vertex lat="8.839616" lon="-2.624925"/>
<vertex lat="8.956611" lon="-2.649213"/>
<vertex lat="9.025083" lon="-2.689882"/>
<vertex lat="9.045133" lon="-2.746933"/>
<vertex lat="9.109625" lon="-2.746674"/>
<vertex lat="9.218611" lon="-2.689210"/>
<vertex lat="9.282612" lon="-2.674224"/>
<vertex lat="9.301681" lon="-2.701793"/>
<vertex lat="9.351393" lon="-2.705747"/>
<vertex lat="9.431724" lon="-2.686110"/>
<vertex lat="9.481334" lon="-2.695851"/>
<vertex lat="9.533940" lon="-2.706186"/>
<vertex lat="9.658067" lon="-2.765950"/>
<vertex lat="9.745840" lon="-2.780522"/>
<vertex lat="9.797232" lon="-2.749827"/>
<vertex lat="9.909654" lon="-2.750731"/>
<vertex lat="10.083080" lon="-2.783210"/>
<vertex lat="10.192582" lon="-2.788481"/>
<vertex lat="10.238161" lon="-2.766518"/>
<vertex lat="10.281595" lon="-2.777112"/>
<vertex lat="10.322833" lon="-2.820313"/>
<vertex lat="10.362934" lon="-2.823466"/>
<vertex lat="10.401898" lon="-2.786620"/>
<vertex lat="10.432438" lon="-2.791168"/>
<vertex lat="10.454659" lon="-2.837211"/>
<vertex lat="10.507938" lon="-2.878398"/>
<vertex lat="10.592325" lon="-2.914881"/>
<vertex lat="10.727976" lon="-2.907336"/>
<vertex lat="10.977470" lon="-2.838555"/>
<vertex lat="10.998373" lon="-2.829925"/>
<vertex lat="10.996978" lon="-2.752100"/>
<vertex lat="10.986358" lon="-2.751687"/>
<vertex lat="10.988735" lon="-2.509169"/>
<vertex lat="10.991422" lon="-2.231951"/>
<vertex lat="10.994678" lon="-1.900628"/>
<vertex lat="10.997649" lon="-1.599664"/>
<vertex lat="11.008889" lon="-1.586487"/>
<vertex lat="11.022635" lon="-1.536774"/>
<vertex lat="10.997236" lon="-1.232607"/>
<vertex lat="11.010052" lon="-1.042489"/>
<vertex lat="11.001706" lon="-0.961822"/>
<vertex lat="10.984704" lon="-0.902911"/>
<vertex lat="10.995272" lon="-0.771601"/>
<vertex lat="10.988942" lon="-0.701425"/>
<vertex lat="10.926775" lon="-0.648534"/>
<vertex lat="10.927395" lon="-0.627165"/>
<vertex lat="10.953673" lon="-0.597658"/>
<vertex lat="10.983671" lon="-0.545233"/>
<vertex lat="11.007597" lon="-0.491722"/>
<vertex lat="11.056302" lon="-0.453533"/>
<vertex lat="11.093277" lon="-0.430330"/>
<vertex lat="11.085706" lon="-0.395603"/>
<vertex lat="11.087928" lon="-0.345736"/>
<vertex lat="11.118882" lon="-0.312559"/>
<vertex lat="11.166890" lon="-0.299459"/>
<vertex lat="11.115601" lon="-0.068621"/>
</area>
</country>
