<country>
<name>Cote d'Ivoire</name>
<area>
<vertex lat="5.128318" lon="-3.086731"/>
<vertex lat="5.088656" lon="-3.114016"/>
<vertex lat="5.114081" lon="-3.246411"/>
<vertex lat="5.147231" lon="-3.214889"/>
<vertex lat="5.128318" lon="-3.086731"/>
</area>
<area>
<vertex lat="10.597493" lon="-6.230648"/>
<vertex lat="10.558116" lon="-6.239717"/>
<vertex lat="10.476286" lon="-6.217780"/>
<vertex lat="10.400270" lon="-6.190676"/>
<vertex lat="10.369445" lon="-6.192640"/>
<vertex lat="10.322368" lon="-6.214990"/>
<vertex lat="10.279218" lon="-6.241293"/>
<vertex lat="10.261648" lon="-6.238373"/>
<vertex lat="10.232141" lon="-6.196851"/>
<vertex lat="10.201884" lon="-6.117218"/>
<vertex lat="10.194804" lon="-6.034562"/>
<vertex lat="10.239117" lon="-5.988699"/>
<vertex lat="10.275084" lon="-5.940691"/>
<vertex lat="10.307226" lon="-5.907567"/>
<vertex lat="10.354717" lon="-5.896198"/>
<vertex lat="10.389547" lon="-5.843850"/>
<vertex lat="10.433214" lon="-5.694298"/>
<vertex lat="10.439932" lon="-5.556606"/>
<vertex lat="10.426005" lon="-5.523559"/>
<vertex lat="10.359549" lon="-5.461289"/>
<vertex lat="10.313996" lon="-5.382276"/>
<vertex lat="10.319680" lon="-5.262283"/>
<vertex lat="10.292628" lon="-5.175312"/>
<vertex lat="10.241623" lon="-5.099864"/>
<vertex lat="10.128323" lon="-5.049325"/>
<vertex lat="10.046493" lon="-4.994031"/>
<vertex lat="9.930066" lon="-4.969898"/>
<vertex lat="9.868933" lon="-4.882720"/>
<vertex lat="9.841157" lon="-4.814481"/>
<vertex lat="9.756562" lon="-4.721748"/>
<vertex lat="9.713568" lon="-4.625836"/>
<vertex lat="9.723489" lon="-4.526617"/>
<vertex lat="9.679229" lon="-4.480264"/>
<vertex lat="9.648016" lon="-4.406211"/>
<vertex lat="9.645716" lon="-4.332211"/>
<vertex lat="9.743256" lon="-4.267176"/>
<vertex lat="9.781755" lon="-4.181160"/>
<vertex lat="9.859631" lon="-3.963473"/>
<vertex lat="9.894900" lon="-3.877665"/>
<vertex lat="9.917199" lon="-3.790642"/>
<vertex lat="9.924304" lon="-3.581145"/>
<vertex lat="9.900275" lon="-3.386274"/>
<vertex lat="9.882239" lon="-3.289690"/>
<vertex lat="9.895469" lon="-3.223544"/>
<vertex lat="9.849167" lon="-3.160706"/>
<vertex lat="9.752118" lon="-3.095826"/>
<vertex lat="9.720880" lon="-3.042625"/>
<vertex lat="9.687342" lon="-2.988262"/>
<vertex lat="9.610732" lon="-2.948135"/>
<vertex lat="9.534612" lon="-2.900877"/>
<vertex lat="9.500945" lon="-2.875142"/>
<vertex lat="9.425833" lon="-2.816748"/>
<vertex lat="9.424722" lon="-2.766621"/>
<vertex lat="9.457149" lon="-2.717193"/>
<vertex lat="9.481334" lon="-2.695851"/>
<vertex lat="9.431724" lon="-2.686110"/>
<vertex lat="9.351393" lon="-2.705747"/>
<vertex lat="9.301681" lon="-2.701793"/>
<vertex lat="9.282612" lon="-2.674224"/>
<vertex lat="9.218611" lon="-2.689210"/>
<vertex lat="9.109625" lon="-2.746674"/>
<vertex lat="9.045133" lon="-2.746933"/>
<vertex lat="9.025083" lon="-2.689882"/>
<vertex lat="8.956611" lon="-2.649213"/>
<vertex lat="8.839616" lon="-2.624925"/>
<vertex lat="8.800445" lon="-2.600404"/>
<vertex lat="8.776364" lon="-2.598001"/>
<vertex lat="8.493022" lon="-2.556867"/>
<vertex lat="8.208750" lon="-2.505862"/>
<vertex lat="8.171646" lon="-2.538263"/>
<vertex lat="8.160794" lon="-2.582757"/>
<vertex lat="8.147565" lon="-2.611696"/>
<vertex lat="8.121107" lon="-2.619964"/>
<vertex lat="8.082246" lon="-2.600947"/>
<vertex lat="8.046693" lon="-2.613349"/>
<vertex lat="8.022198" lon="-2.668850"/>
<vertex lat="7.931919" lon="-2.789773"/>
<vertex lat="7.896004" lon="-2.798144"/>
<vertex lat="7.819058" lon="-2.830132"/>
<vertex lat="7.772084" lon="-2.856900"/>
<vertex lat="7.685009" lon="-2.896355"/>
<vertex lat="7.454532" lon="-2.959090"/>
<vertex lat="7.263640" lon="-2.982319"/>
<vertex lat="7.204858" lon="-2.985781"/>
<vertex lat="7.163749" lon="-3.010172"/>
<vertex lat="7.104605" lon="-3.037716"/>
<vertex lat="6.940972" lon="-3.168897"/>
<vertex lat="6.807233" lon="-3.235792"/>
<vertex lat="6.749097" lon="-3.227162"/>
<vertex lat="6.690755" lon="-3.224113"/>
<vertex lat="6.648690" lon="-3.243905"/>
<vertex lat="6.535622" lon="-3.240288"/>
<vertex lat="6.441054" lon="-3.224035"/>
<vertex lat="6.348269" lon="-3.200600"/>
<vertex lat="6.085624" lon="-3.105593"/>
<vertex lat="5.926279" lon="-3.056165"/>
<vertex lat="5.797760" lon="-3.025314"/>
<vertex lat="5.711305" lon="-2.998287"/>
<vertex lat="5.676295" lon="-2.972810"/>
<vertex lat="5.643015" lon="-2.962268"/>
<vertex lat="5.619192" lon="-2.821192"/>
<vertex lat="5.600072" lon="-2.793648"/>
<vertex lat="5.432537" lon="-2.754994"/>
<vertex lat="5.356934" lon="-2.761919"/>
<vertex lat="5.328202" lon="-2.789617"/>
<vertex lat="5.264123" lon="-2.788687"/>
<vertex lat="5.184542" lon="-2.795199"/>
<vertex lat="5.153019" lon="-2.815662"/>
<vertex lat="5.149040" lon="-2.894702"/>
<vertex lat="5.118861" lon="-2.948367"/>
<vertex lat="5.130824" lon="-3.019138"/>
<vertex lat="5.150539" lon="-3.025856"/>
<vertex lat="5.157722" lon="-3.063968"/>
<vertex lat="5.203016" lon="-3.168690"/>
<vertex lat="5.348304" lon="-3.151430"/>
<vertex lat="5.354480" lon="-3.199954"/>
<vertex lat="5.335385" lon="-3.237626"/>
<vertex lat="5.160796" lon="-3.311989"/>
<vertex lat="5.130643" lon="-3.347542"/>
<vertex lat="5.220715" lon="-3.870585"/>
<vertex lat="5.293140" lon="-3.984196"/>
<vertex lat="5.309728" lon="-4.120156"/>
<vertex lat="5.301434" lon="-4.357274"/>
<vertex lat="5.279885" lon="-4.552843"/>
<vertex lat="5.235908" lon="-4.608912"/>
<vertex lat="5.261643" lon="-4.115170"/>
<vertex lat="5.256656" lon="-4.062072"/>
<vertex lat="5.230146" lon="-4.037216"/>
<vertex lat="5.172553" lon="-4.661545"/>
<vertex lat="5.138343" lon="-4.899695"/>
<vertex lat="5.147748" lon="-4.970130"/>
<vertex lat="5.203610" lon="-5.023693"/>
<vertex lat="5.210251" lon="-5.282385"/>
<vertex lat="5.192009" lon="-5.335431"/>
<vertex lat="5.150797" lon="-5.367522"/>
<vertex lat="5.159737" lon="-5.265771"/>
<vertex lat="5.162166" lon="-5.104903"/>
<vertex lat="5.130669" lon="-5.061804"/>
<vertex lat="5.089457" lon="-5.564745"/>
<vertex lat="5.010961" lon="-5.913742"/>
<vertex lat="4.952825" lon="-6.061718"/>
<vertex lat="4.761777" lon="-6.548432"/>
<vertex lat="4.671498" lon="-6.845158"/>
<vertex lat="4.638322" lon="-6.922905"/>
<vertex lat="4.544736" lon="-7.057962"/>
<vertex lat="4.485980" lon="-7.231388"/>
<vertex lat="4.376012" lon="-7.426105"/>
<vertex lat="4.351311" lon="-7.544960"/>
<vertex lat="4.386425" lon="-7.571599"/>
<vertex lat="4.572305" lon="-7.574648"/>
<vertex lat="4.821541" lon="-7.591185"/>
<vertex lat="4.916754" lon="-7.585035"/>
<vertex lat="5.006465" lon="-7.569326"/>
<vertex lat="5.080672" lon="-7.568912"/>
<vertex lat="5.108474" lon="-7.509794"/>
<vertex lat="5.139816" lon="-7.494137"/>
<vertex lat="5.236425" lon="-7.485197"/>
<vertex lat="5.324507" lon="-7.429825"/>
<vertex lat="5.477883" lon="-7.428921"/>
<vertex lat="5.509897" lon="-7.412436"/>
<vertex lat="5.550592" lon="-7.399930"/>
<vertex lat="5.651335" lon="-7.423702"/>
<vertex lat="5.841298" lon="-7.454397"/>
<vertex lat="5.853726" lon="-7.469435"/>
<vertex lat="5.845535" lon="-7.482794"/>
<vertex lat="5.842021" lon="-7.513929"/>
<vertex lat="5.907702" lon="-7.636143"/>
<vertex lat="5.919045" lon="-7.730375"/>
<vertex lat="5.975088" lon="-7.796547"/>
<vertex lat="6.038934" lon="-7.800940"/>
<vertex lat="6.076374" lon="-7.833237"/>
<vertex lat="6.150168" lon="-7.855510"/>
<vertex lat="6.234865" lon="-7.888634"/>
<vertex lat="6.286154" lon="-7.981600"/>
<vertex lat="6.298401" lon="-8.068959"/>
<vertex lat="6.287549" lon="-8.130997"/>
<vertex lat="6.290727" lon="-8.203861"/>
<vertex lat="6.319046" lon="-8.287111"/>
<vertex lat="6.351292" lon="-8.344860"/>
<vertex lat="6.413175" lon="-8.399301"/>
<vertex lat="6.462500" lon="-8.449892"/>
<vertex lat="6.456376" lon="-8.490355"/>
<vertex lat="6.468081" lon="-8.539551"/>
<vertex lat="6.490509" lon="-8.587868"/>
<vertex lat="6.507820" lon="-8.603578"/>
<vertex lat="6.705121" lon="-8.401213"/>
<vertex lat="6.801549" lon="-8.332587"/>
<vertex lat="6.860408" lon="-8.325119"/>
<vertex lat="6.920043" lon="-8.324499"/>
<vertex lat="6.980944" lon="-8.302356"/>
<vertex lat="7.074039" lon="-8.296620"/>
<vertex lat="7.411796" lon="-8.408758"/>
<vertex lat="7.516389" lon="-8.437154"/>
<vertex lat="7.547033" lon="-8.467255"/>
<vertex lat="7.558505" lon="-8.486427"/>
<vertex lat="7.601862" lon="-8.429971"/>
<vertex lat="7.590571" lon="-8.351759"/>
<vertex lat="7.556748" lon="-8.231869"/>
<vertex lat="7.590235" lon="-8.205954"/>
<vertex lat="7.760741" lon="-8.115442"/>
<vertex lat="7.824019" lon="-8.117819"/>
<vertex lat="7.867737" lon="-8.126837"/>
<vertex lat="7.984423" lon="-8.073843"/>
<vertex lat="8.029717" lon="-8.031752"/>
<vertex lat="8.078499" lon="-8.009867"/>
<vertex lat="8.144930" lon="-8.016740"/>
<vertex lat="8.169734" lon="-8.048573"/>
<vertex lat="8.165161" lon="-8.090534"/>
<vertex lat="8.181465" lon="-8.140609"/>
<vertex lat="8.219679" lon="-8.217141"/>
<vertex lat="8.253708" lon="-8.256106"/>
<vertex lat="8.407937" lon="-8.244142"/>
<vertex lat="8.455660" lon="-8.236959"/>
<vertex lat="8.483255" lon="-8.209933"/>
<vertex lat="8.490671" lon="-8.167790"/>
<vertex lat="8.495296" lon="-8.049141"/>
<vertex lat="8.477726" lon="-7.953127"/>
<vertex lat="8.467545" lon="-7.868765"/>
<vertex lat="8.467649" lon="-7.823574"/>
<vertex lat="8.421967" lon="-7.787400"/>
<vertex lat="8.375251" lon="-7.738954"/>
<vertex lat="8.375613" lon="-7.696114"/>
<vertex lat="8.410340" lon="-7.681205"/>
<vertex lat="8.562475" lon="-7.690972"/>
<vertex lat="8.643013" lon="-7.719575"/>
<vertex lat="8.720631" lon="-7.784041"/>
<vertex lat="8.786802" lon="-7.950956"/>
<vertex lat="8.879432" lon="-7.954961"/>
<vertex lat="8.979762" lon="-7.938166"/>
<vertex lat="9.017073" lon="-7.902096"/>
<vertex lat="9.080841" lon="-7.777995"/>
<vertex lat="9.115051" lon="-7.799803"/>
<vertex lat="9.151612" lon="-7.839387"/>
<vertex lat="9.188509" lon="-7.918090"/>
<vertex lat="9.308683" lon="-7.900029"/>
<vertex lat="9.415860" lon="-7.896205"/>
<vertex lat="9.403871" lon="-7.962687"/>
<vertex lat="9.397644" lon="-8.031003"/>
<vertex lat="9.430665" lon="-8.088674"/>
<vertex lat="9.495700" lon="-8.136966"/>
<vertex lat="9.674810" lon="-8.146035"/>
<vertex lat="9.881723" lon="-8.145854"/>
<vertex lat="9.973190" lon="-8.155181"/>
<vertex lat="10.022076" lon="-8.136630"/>
<vertex lat="10.067112" lon="-8.077822"/>
<vertex lat="10.125274" lon="-8.013536"/>
<vertex lat="10.162507" lon="-7.990644"/>
<vertex lat="10.163463" lon="-7.960930"/>
<vertex lat="10.185761" lon="-7.884061"/>
<vertex lat="10.236585" lon="-7.814220"/>
<vertex lat="10.342289" lon="-7.749082"/>
<vertex lat="10.427452" lon="-7.661155"/>
<vertex lat="10.421225" lon="-7.562117"/>
<vertex lat="10.436831" lon="-7.532842"/>
<vertex lat="10.439777" lon="-7.497961"/>
<vertex lat="10.383914" lon="-7.456568"/>
<vertex lat="10.341307" lon="-7.414787"/>
<vertex lat="10.340119" lon="-7.385048"/>
<vertex lat="10.259348" lon="-7.363163"/>
<vertex lat="10.225681" lon="-7.182321"/>
<vertex lat="10.203538" lon="-7.104910"/>
<vertex lat="10.144756" lon="-7.039746"/>
<vertex lat="10.143257" lon="-7.017111"/>
<vertex lat="10.155659" lon="-6.989464"/>
<vertex lat="10.176227" lon="-6.968174"/>
<vertex lat="10.198706" lon="-6.963833"/>
<vertex lat="10.251881" lon="-6.991738"/>
<vertex lat="10.299578" lon="-6.979491"/>
<vertex lat="10.342315" lon="-6.950345"/>
<vertex lat="10.345054" lon="-6.903837"/>
<vertex lat="10.356991" lon="-6.833660"/>
<vertex lat="10.357146" lon="-6.753200"/>
<vertex lat="10.349446" lon="-6.693281"/>
<vertex lat="10.392183" lon="-6.669329"/>
<vertex lat="10.512020" lon="-6.691963"/>
<vertex lat="10.578011" lon="-6.686124"/>
<vertex lat="10.633770" lon="-6.676357"/>
<vertex lat="10.656456" lon="-6.654136"/>
<vertex lat="10.586434" lon="-6.564607"/>
<vertex lat="10.561216" lon="-6.482596"/>
<vertex lat="10.559149" lon="-6.423918"/>
<vertex lat="10.572352" lon="-6.407536"/>
<vertex lat="10.648756" lon="-6.432599"/>
<vertex lat="10.671804" lon="-6.425855"/>
<vertex lat="10.685110" lon="-6.404151"/>
<vertex lat="10.692836" lon="-6.365652"/>
<vertex lat="10.724074" lon="-6.261137"/>
<vertex lat="10.717925" lon="-6.250233"/>
<vertex lat="10.597493" lon="-6.230648"/>
</area>
</country>
