<country>
<name>Liberia</name>
<area>
<vertex lat="7.558505" lon="-8.486427"/>
<vertex lat="7.547033" lon="-8.467255"/>
<vertex lat="7.516389" lon="-8.437154"/>
<vertex lat="7.411796" lon="-8.408758"/>
<vertex lat="7.074039" lon="-8.296620"/>
<vertex lat="6.980944" lon="-8.302356"/>
<vertex lat="6.920043" lon="-8.324499"/>
<vertex lat="6.860408" lon="-8.325119"/>
<vertex lat="6.801549" lon="-8.332587"/>
<vertex lat="6.705121" lon="-8.401213"/>
<vertex lat="6.507820" lon="-8.603578"/>
<vertex lat="6.490509" lon="-8.587868"/>
<vertex lat="6.468081" lon="-8.539551"/>
<vertex lat="6.456376" lon="-8.490355"/>
<vertex lat="6.462500" lon="-8.449892"/>
<vertex lat="6.413175" lon="-8.399301"/>
<vertex lat="6.351292" lon="-8.344860"/>
<vertex lat="6.319046" lon="-8.287111"/>
<vertex lat="6.290727" lon="-8.203861"/>
<vertex lat="6.287549" lon="-8.130997"/>
<vertex lat="6.298401" lon="-8.068959"/>
<vertex lat="6.286154" lon="-7.981600"/>
<vertex lat="6.234865" lon="-7.888634"/>
<vertex lat="6.150168" lon="-7.855510"/>
<vertex lat="6.076374" lon="-7.833237"/>
<vertex lat="6.038934" lon="-7.800940"/>
<vertex lat="5.975088" lon="-7.796547"/>
<vertex lat="5.919045" lon="-7.730375"/>
<vertex lat="5.907702" lon="-7.636143"/>
<vertex lat="5.842021" lon="-7.513929"/>
<vertex lat="5.845535" lon="-7.482794"/>
<vertex lat="5.853726" lon="-7.469435"/>
<vertex lat="5.841298" lon="-7.454397"/>
<vertex lat="5.651335" lon="-7.423702"/>
<vertex lat="5.550592" lon="-7.399930"/>
<vertex lat="5.509897" lon="-7.412436"/>
<vertex lat="5.477883" lon="-7.428921"/>
<vertex lat="5.324507" lon="-7.429825"/>
<vertex lat="5.236425" lon="-7.485197"/>
<vertex lat="5.139816" lon="-7.494137"/>
<vertex lat="5.108474" lon="-7.509794"/>
<vertex lat="5.080672" lon="-7.568912"/>
<vertex lat="5.006465" lon="-7.569326"/>
<vertex lat="4.916754" lon="-7.585035"/>
<vertex lat="4.821541" lon="-7.591185"/>
<vertex lat="4.572305" lon="-7.574648"/>
<vertex lat="4.386425" lon="-7.571599"/>
<vertex lat="4.351311" lon="-7.544960"/>
<vertex lat="4.366814" lon="-7.659992"/>
<vertex lat="4.508717" lon="-7.998266"/>
<vertex lat="4.590004" lon="-8.259051"/>
<vertex lat="5.054627" lon="-9.132176"/>
<vertex lat="5.241076" lon="-9.374745"/>
<vertex lat="5.518682" lon="-9.654392"/>
<vertex lat="6.077614" lon="-10.276370"/>
<vertex lat="6.167324" lon="-10.418170"/>
<vertex lat="6.210939" lon="-10.597100"/>
<vertex lat="6.258481" lon="-10.707610"/>
<vertex lat="6.310158" lon="-10.785589"/>
<vertex lat="6.465084" lon="-10.849048"/>
<vertex lat="6.557378" lon="-11.004542"/>
<vertex lat="6.688223" lon="-11.291605"/>
<vertex lat="6.906530" lon="-11.507535"/>
<vertex lat="6.951230" lon="-11.454541"/>
<vertex lat="7.094658" lon="-11.376690"/>
<vertex lat="7.232634" lon="-11.267653"/>
<vertex lat="7.314412" lon="-11.166135"/>
<vertex lat="7.398567" lon="-11.085390"/>
<vertex lat="7.463033" lon="-11.000227"/>
<vertex lat="7.538222" lon="-10.878064"/>
<vertex lat="7.736427" lon="-10.691280"/>
<vertex lat="7.759372" lon="-10.647484"/>
<vertex lat="7.896418" lon="-10.617589"/>
<vertex lat="8.071161" lon="-10.570848"/>
<vertex lat="8.125267" lon="-10.516743"/>
<vertex lat="8.157590" lon="-10.389567"/>
<vertex lat="8.187924" lon="-10.359801"/>
<vertex lat="8.310863" lon="-10.314636"/>
<vertex lat="8.454110" lon="-10.285749"/>
<vertex lat="8.485141" lon="-10.283217"/>
<vertex lat="8.488810" lon="-10.233065"/>
<vertex lat="8.519739" lon="-10.147411"/>
<vertex lat="8.505838" lon="-10.097647"/>
<vertex lat="8.464600" lon="-10.075710"/>
<vertex lat="8.429873" lon="-10.064341"/>
<vertex lat="8.519196" lon="-9.804745"/>
<vertex lat="8.537670" lon="-9.781981"/>
<vertex lat="8.534570" lon="-9.768287"/>
<vertex lat="8.453955" lon="-9.735602"/>
<vertex lat="8.458864" lon="-9.716895"/>
<vertex lat="8.482170" lon="-9.701185"/>
<vertex lat="8.484444" lon="-9.683900"/>
<vertex lat="8.473540" lon="-9.663565"/>
<vertex lat="8.436049" lon="-9.643204"/>
<vertex lat="8.402330" lon="-9.610183"/>
<vertex lat="8.378636" lon="-9.553907"/>
<vertex lat="8.346106" lon="-9.518251"/>
<vertex lat="8.260013" lon="-9.522230"/>
<vertex lat="8.176245" lon="-9.508484"/>
<vertex lat="8.156996" lon="-9.484118"/>
<vertex lat="8.106999" lon="-9.471148"/>
<vertex lat="8.052093" lon="-9.464559"/>
<vertex lat="8.023232" lon="-9.451123"/>
<vertex lat="7.967912" lon="-9.441563"/>
<vertex lat="7.908510" lon="-9.446369"/>
<vertex lat="7.866704" lon="-9.436344"/>
<vertex lat="7.794615" lon="-9.394951"/>
<vertex lat="7.703819" lon="-9.369113"/>
<vertex lat="7.639534" lon="-9.368932"/>
<vertex lat="7.571890" lon="-9.383995"/>
<vertex lat="7.509981" lon="-9.411487"/>
<vertex lat="7.442543" lon="-9.459753"/>
<vertex lat="7.415878" lon="-9.463835"/>
<vertex lat="7.398412" lon="-9.435103"/>
<vertex lat="7.394898" lon="-9.391643"/>
<vertex lat="7.408695" lon="-9.355315"/>
<vertex lat="7.377715" lon="-9.263279"/>
<vertex lat="7.333325" lon="-9.215168"/>
<vertex lat="7.278445" lon="-9.172845"/>
<vertex lat="7.250591" lon="-9.134812"/>
<vertex lat="7.215891" lon="-9.117603"/>
<vertex lat="7.225477" lon="-9.052336"/>
<vertex lat="7.258885" lon="-8.976578"/>
<vertex lat="7.274595" lon="-8.960972"/>
<vertex lat="7.266146" lon="-8.938441"/>
<vertex lat="7.262709" lon="-8.889633"/>
<vertex lat="7.322809" lon="-8.855526"/>
<vertex lat="7.391952" lon="-8.827957"/>
<vertex lat="7.466780" lon="-8.769149"/>
<vertex lat="7.495718" lon="-8.740236"/>
<vertex lat="7.543545" lon="-8.732640"/>
<vertex lat="7.605273" lon="-8.729462"/>
<vertex lat="7.658913" lon="-8.708326"/>
<vertex lat="7.688368" lon="-8.659750"/>
<vertex lat="7.687955" lon="-8.607299"/>
<vertex lat="7.677051" lon="-8.578851"/>
<vertex lat="7.625116" lon="-8.564407"/>
<vertex lat="7.585558" lon="-8.522291"/>
<vertex lat="7.558505" lon="-8.486427"/>
</area>
</country>
