<country>
<name>Malta</name>
<area>
<vertex lat="35.852721" lon="14.566171"/>
<vertex lat="35.820191" lon="14.532684"/>
<vertex lat="35.821664" lon="14.436463"/>
<vertex lat="35.872281" lon="14.352334"/>
<vertex lat="35.978399" lon="14.351300"/>
<vertex lat="35.957444" lon="14.448348"/>
<vertex lat="35.886285" lon="14.537025"/>
<vertex lat="35.852721" lon="14.566171"/>
</area>
<area>
<vertex lat="36.027569" lon="14.313473"/>
<vertex lat="36.012143" lon="14.253632"/>
<vertex lat="36.042245" lon="14.194204"/>
<vertex lat="36.060383" lon="14.180354"/>
<vertex lat="36.075809" lon="14.263243"/>
<vertex lat="36.062295" lon="14.303758"/>
<vertex lat="36.036250" lon="14.320914"/>
<vertex lat="36.027569" lon="14.313473"/>
</area>
</country>
