<country>
<name>Mauritius</name>
<area>
<vertex lat="-20.484899" lon="57.651293"/>
<vertex lat="-20.513218" lon="57.524789"/>
<vertex lat="-20.503709" lon="57.383299"/>
<vertex lat="-20.450018" lon="57.328315"/>
<vertex lat="-20.427642" lon="57.317670"/>
<vertex lat="-20.406454" lon="57.365109"/>
<vertex lat="-20.337621" lon="57.362111"/>
<vertex lat="-20.228584" lon="57.385779"/>
<vertex lat="-20.183832" lon="57.416062"/>
<vertex lat="-20.143938" lon="57.486445"/>
<vertex lat="-20.055985" lon="57.515074"/>
<vertex lat="-19.997177" lon="57.575742"/>
<vertex lat="-19.989942" lon="57.656564"/>
<vertex lat="-20.098463" lon="57.737179"/>
<vertex lat="-20.212564" lon="57.791956"/>
<vertex lat="-20.326976" lon="57.780691"/>
<vertex lat="-20.368834" lon="57.724983"/>
<vertex lat="-20.434876" lon="57.706690"/>
<vertex lat="-20.484899" lon="57.651293"/>
</area>
</country>
