<country>
<name>Peru</name>
<area>
<vertex lat="-4.235969" lon="-69.965931"/>
<vertex lat="-4.301133" lon="-69.972028"/>
<vertex lat="-4.327229" lon="-70.003964"/>
<vertex lat="-4.333069" lon="-70.053315"/>
<vertex lat="-4.286611" lon="-70.128815"/>
<vertex lat="-4.298187" lon="-70.183979"/>
<vertex lat="-4.301133" lon="-70.239144"/>
<vertex lat="-4.246976" lon="-70.316917"/>
<vertex lat="-4.193697" lon="-70.343659"/>
<vertex lat="-4.150134" lon="-70.404638"/>
<vertex lat="-4.167601" lon="-70.530651"/>
<vertex lat="-4.168686" lon="-70.634572"/>
<vertex lat="-4.158919" lon="-70.721569"/>
<vertex lat="-4.173337" lon="-70.799497"/>
<vertex lat="-4.229561" lon="-70.866031"/>
<vertex lat="-4.295293" lon="-70.915640"/>
<vertex lat="-4.350483" lon="-70.973698"/>
<vertex lat="-4.387174" lon="-71.144257"/>
<vertex lat="-4.388207" lon="-71.235000"/>
<vertex lat="-4.424329" lon="-71.316804"/>
<vertex lat="-4.437610" lon="-71.438270"/>
<vertex lat="-4.469753" lon="-71.521339"/>
<vertex lat="-4.487323" lon="-71.668359"/>
<vertex lat="-4.504376" lon="-71.844756"/>
<vertex lat="-4.553313" lon="-71.943148"/>
<vertex lat="-4.574604" lon="-71.982448"/>
<vertex lat="-4.642300" lon="-72.082494"/>
<vertex lat="-4.748909" lon="-72.256798"/>
<vertex lat="-4.786012" lon="-72.352839"/>
<vertex lat="-4.901251" lon="-72.469008"/>
<vertex lat="-5.009565" lon="-72.608353"/>
<vertex lat="-5.067236" lon="-72.698735"/>
<vertex lat="-5.093746" lon="-72.831905"/>
<vertex lat="-5.122788" lon="-72.887070"/>
<vertex lat="-5.157669" lon="-72.907456"/>
<vertex lat="-5.198287" lon="-72.895778"/>
<vertex lat="-5.302518" lon="-72.918283"/>
<vertex lat="-5.495220" lon="-72.958926"/>
<vertex lat="-5.589684" lon="-72.970243"/>
<vertex lat="-5.634850" lon="-72.979855"/>
<vertex lat="-5.789569" lon="-73.068093"/>
<vertex lat="-5.933384" lon="-73.162919"/>
<vertex lat="-6.028727" lon="-73.209402"/>
<vertex lat="-6.098439" lon="-73.235550"/>
<vertex lat="-6.156471" lon="-73.206508"/>
<vertex lat="-6.260651" lon="-73.167725"/>
<vertex lat="-6.344315" lon="-73.135349"/>
<vertex lat="-6.400901" lon="-73.126306"/>
<vertex lat="-6.465807" lon="-73.137365"/>
<vertex lat="-6.525234" lon="-73.177466"/>
<vertex lat="-6.564095" lon="-73.240304"/>
<vertex lat="-6.574740" lon="-73.325519"/>
<vertex lat="-6.679489" lon="-73.499875"/>
<vertex lat="-6.833743" lon="-73.694514"/>
<vertex lat="-6.905728" lon="-73.758102"/>
<vertex lat="-6.973579" lon="-73.776241"/>
<vertex lat="-7.079878" lon="-73.804637"/>
<vertex lat="-7.135068" lon="-73.793010"/>
<vertex lat="-7.172792" lon="-73.758180"/>
<vertex lat="-7.262812" lon="-73.723324"/>
<vertex lat="-7.309269" lon="-73.720430"/>
<vertex lat="-7.335366" lon="-73.749472"/>
<vertex lat="-7.341205" lon="-73.804637"/>
<vertex lat="-7.349887" lon="-73.853988"/>
<vertex lat="-7.373141" lon="-73.891737"/>
<vertex lat="-7.367302" lon="-73.929461"/>
<vertex lat="-7.378929" lon="-73.964317"/>
<vertex lat="-7.416705" lon="-73.964317"/>
<vertex lat="-7.460216" lon="-73.952690"/>
<vertex lat="-7.506673" lon="-73.958503"/>
<vertex lat="-7.535715" lon="-73.981732"/>
<vertex lat="-7.556024" lon="-74.002067"/>
<vertex lat="-7.585066" lon="-73.981732"/>
<vertex lat="-7.611215" lon="-73.946902"/>
<vertex lat="-7.654778" lon="-73.894631"/>
<vertex lat="-7.738959" lon="-73.822052"/>
<vertex lat="-7.753480" lon="-73.766887"/>
<vertex lat="-7.782522" lon="-73.720430"/>
<vertex lat="-7.828979" lon="-73.714616"/>
<vertex lat="-7.875436" lon="-73.732031"/>
<vertex lat="-7.895745" lon="-73.772701"/>
<vertex lat="-7.936414" lon="-73.775595"/>
<vertex lat="-7.985765" lon="-73.720430"/>
<vertex lat="-8.020595" lon="-73.682680"/>
<vertex lat="-8.072840" lon="-73.644931"/>
<vertex lat="-8.145446" lon="-73.610101"/>
<vertex lat="-8.191903" lon="-73.610101"/>
<vertex lat="-8.249935" lon="-73.572351"/>
<vertex lat="-8.299338" lon="-73.549123"/>
<vertex lat="-8.345795" lon="-73.549123"/>
<vertex lat="-8.392201" lon="-73.488145"/>
<vertex lat="-8.427082" lon="-73.435900"/>
<vertex lat="-8.459018" lon="-73.398150"/>
<vertex lat="-8.479327" lon="-73.360400"/>
<vertex lat="-8.514157" lon="-73.351693"/>
<vertex lat="-8.566970" lon="-73.356731"/>
<vertex lat="-8.654045" lon="-73.302419"/>
<vertex lat="-8.719364" lon="-73.203097"/>
<vertex lat="-8.814087" lon="-73.122534"/>
<vertex lat="-8.882765" lon="-73.070496"/>
<vertex lat="-8.993146" lon="-72.974042"/>
<vertex lat="-9.120167" lon="-72.970347"/>
<vertex lat="-9.265739" lon="-73.089848"/>
<vertex lat="-9.411415" lon="-73.209428"/>
<vertex lat="-9.407384" lon="-73.013781"/>
<vertex lat="-9.410381" lon="-72.814284"/>
<vertex lat="-9.452084" lon="-72.605485"/>
<vertex lat="-9.492185" lon="-72.464770"/>
<vertex lat="-9.510169" lon="-72.379039"/>
<vertex lat="-9.556626" lon="-72.318061"/>
<vertex lat="-9.629179" lon="-72.289019"/>
<vertex lat="-9.688452" lon="-72.265842"/>
<vertex lat="-9.774338" lon="-72.259977"/>
<vertex lat="-9.844050" lon="-72.172876"/>
<vertex lat="-9.910144" lon="-72.179103"/>
<vertex lat="-10.003730" lon="-72.181609"/>
<vertex lat="-10.005177" lon="-72.142955"/>
<vertex lat="-10.005539" lon="-71.887441"/>
<vertex lat="-10.006004" lon="-71.608001"/>
<vertex lat="-9.988589" lon="-71.339413"/>
<vertex lat="-9.966006" lon="-71.237946"/>
<vertex lat="-9.852473" lon="-71.115266"/>
<vertex lat="-9.818729" lon="-71.041731"/>
<vertex lat="-9.765709" lon="-70.970753"/>
<vertex lat="-9.669022" lon="-70.884531"/>
<vertex lat="-9.625304" lon="-70.816266"/>
<vertex lat="-9.571715" lon="-70.758518"/>
<vertex lat="-9.517920" lon="-70.672451"/>
<vertex lat="-9.478233" lon="-70.636923"/>
<vertex lat="-9.463711" lon="-70.607907"/>
<vertex lat="-9.437511" lon="-70.541115"/>
<vertex lat="-9.489808" lon="-70.570157"/>
<vertex lat="-9.543500" lon="-70.592249"/>
<vertex lat="-9.620498" lon="-70.599174"/>
<vertex lat="-9.704627" lon="-70.567238"/>
<vertex lat="-9.767466" lon="-70.593799"/>
<vertex lat="-9.823741" lon="-70.636923"/>
<vertex lat="-9.971742" lon="-70.637595"/>
<vertex lat="-10.181549" lon="-70.638525"/>
<vertex lat="-10.361279" lon="-70.639326"/>
<vertex lat="-10.586072" lon="-70.640360"/>
<vertex lat="-10.840837" lon="-70.641548"/>
<vertex lat="-11.010284" lon="-70.642323"/>
<vertex lat="-10.976849" lon="-70.596538"/>
<vertex lat="-10.946877" lon="-70.533260"/>
<vertex lat="-11.024805" lon="-70.450862"/>
<vertex lat="-11.058549" lon="-70.392287"/>
<vertex lat="-11.066714" lon="-70.342006"/>
<vertex lat="-11.064234" lon="-70.290381"/>
<vertex lat="-11.047646" lon="-70.220075"/>
<vertex lat="-10.982430" lon="-70.066286"/>
<vertex lat="-10.929875" lon="-69.960375"/>
<vertex lat="-10.933441" lon="-69.839788"/>
<vertex lat="-10.954060" lon="-69.674036"/>
<vertex lat="-10.951786" lon="-69.578616"/>
<vertex lat="-11.168775" lon="-69.453585"/>
<vertex lat="-11.327577" lon="-69.362040"/>
<vertex lat="-11.508600" lon="-69.257705"/>
<vertex lat="-11.654327" lon="-69.173705"/>
<vertex lat="-11.875657" lon="-69.046168"/>
<vertex lat="-12.066808" lon="-68.936019"/>
<vertex lat="-12.270414" lon="-68.818714"/>
<vertex lat="-12.501976" lon="-68.685234"/>
<vertex lat="-12.560732" lon="-68.728125"/>
<vertex lat="-12.607706" lon="-68.762877"/>
<vertex lat="-12.687184" lon="-68.759053"/>
<vertex lat="-12.729610" lon="-68.811789"/>
<vertex lat="-12.755138" lon="-68.867703"/>
<vertex lat="-12.822059" lon="-68.933745"/>
<vertex lat="-12.880040" lon="-68.978601"/>
<vertex lat="-12.962568" lon="-68.980513"/>
<vertex lat="-13.382335" lon="-68.972296"/>
<vertex lat="-13.496385" lon="-68.983432"/>
<vertex lat="-13.594415" lon="-69.017513"/>
<vertex lat="-13.643921" lon="-69.052860"/>
<vertex lat="-13.682782" lon="-69.074099"/>
<vertex lat="-13.780296" lon="-69.023068"/>
<vertex lat="-13.975942" lon="-68.974260"/>
<vertex lat="-14.014700" lon="-68.937466"/>
<vertex lat="-14.094385" lon="-68.891681"/>
<vertex lat="-14.169781" lon="-68.870881"/>
<vertex lat="-14.198875" lon="-68.880338"/>
<vertex lat="-14.234428" lon="-68.971779"/>
<vertex lat="-14.265020" lon="-69.004516"/>
<vertex lat="-14.377262" lon="-69.013146"/>
<vertex lat="-14.417569" lon="-69.052782"/>
<vertex lat="-14.470279" lon="-69.119703"/>
<vertex lat="-14.530999" lon="-69.162672"/>
<vertex lat="-14.572599" lon="-69.199259"/>
<vertex lat="-14.597093" lon="-69.234916"/>
<vertex lat="-14.671094" lon="-69.252331"/>
<vertex lat="-14.745921" lon="-69.276024"/>
<vertex lat="-14.795324" lon="-69.359482"/>
<vertex lat="-14.887463" lon="-69.373719"/>
<vertex lat="-14.963014" lon="-69.374700"/>
<vertex lat="-15.038927" lon="-69.330724"/>
<vertex lat="-15.198710" lon="-69.187089"/>
<vertex lat="-15.236641" lon="-69.172491"/>
<vertex lat="-15.332914" lon="-69.254320"/>
<vertex lat="-15.399421" lon="-69.301888"/>
<vertex lat="-15.603440" lon="-69.418522"/>
<vertex lat="-15.640647" lon="-69.420873"/>
<vertex lat="-15.736869" lon="-69.391909"/>
<vertex lat="-16.149143" lon="-69.217552"/>
<vertex lat="-16.182836" lon="-69.187968"/>
<vertex lat="-16.222007" lon="-69.134198"/>
<vertex lat="-16.217666" lon="-69.046245"/>
<vertex lat="-16.261901" lon="-68.913462"/>
<vertex lat="-16.312802" lon="-68.848841"/>
<vertex lat="-16.337865" lon="-68.842743"/>
<vertex lat="-16.354815" lon="-68.857833"/>
<vertex lat="-16.389025" lon="-68.928035"/>
<vertex lat="-16.433674" lon="-69.006222"/>
<vertex lat="-16.475997" lon="-69.032913"/>
<vertex lat="-16.542711" lon="-69.038390"/>
<vertex lat="-16.642188" lon="-69.020717"/>
<vertex lat="-16.674331" lon="-69.054539"/>
<vertex lat="-16.713088" lon="-69.132519"/>
<vertex lat="-16.768434" lon="-69.199827"/>
<vertex lat="-16.860883" lon="-69.267239"/>
<vertex lat="-17.001339" lon="-69.381573"/>
<vertex lat="-17.040045" lon="-69.421080"/>
<vertex lat="-17.088414" lon="-69.438340"/>
<vertex lat="-17.104744" lon="-69.503349"/>
<vertex lat="-17.200190" lon="-69.624866"/>
<vertex lat="-17.248508" lon="-69.645692"/>
<vertex lat="-17.294396" lon="-69.625900"/>
<vertex lat="-17.332947" lon="-69.563810"/>
<vertex lat="-17.388964" lon="-69.521927"/>
<vertex lat="-17.460381" lon="-69.510971"/>
<vertex lat="-17.504926" lon="-69.511075"/>
<vertex lat="-17.506011" lon="-69.510920"/>
<vertex lat="-17.573191" lon="-69.586419"/>
<vertex lat="-17.649827" lon="-69.684759"/>
<vertex lat="-17.664916" lon="-69.806121"/>
<vertex lat="-17.703829" lon="-69.852087"/>
<vertex lat="-17.785167" lon="-69.841494"/>
<vertex lat="-17.900044" lon="-69.802426"/>
<vertex lat="-17.990271" lon="-69.802581"/>
<vertex lat="-18.093417" lon="-69.839711"/>
<vertex lat="-18.206020" lon="-69.926346"/>
<vertex lat="-18.283483" lon="-70.059103"/>
<vertex lat="-18.325238" lon="-70.183773"/>
<vertex lat="-18.325444" lon="-70.282294"/>
<vertex lat="-18.333609" lon="-70.377482"/>
<vertex lat="-18.345598" lon="-70.418280"/>
<vertex lat="-18.277695" lon="-70.491609"/>
<vertex lat="-18.052490" lon="-70.817481"/>
<vertex lat="-17.932083" lon="-70.941711"/>
<vertex lat="-17.875653" lon="-71.056587"/>
<vertex lat="-17.682486" lon="-71.336958"/>
<vertex lat="-17.620475" lon="-71.364941"/>
<vertex lat="-17.421934" lon="-71.399409"/>
<vertex lat="-17.366020" lon="-71.435893"/>
<vertex lat="-17.294293" lon="-71.532217"/>
<vertex lat="-17.198795" lon="-71.774476"/>
<vertex lat="-17.151046" lon="-71.868347"/>
<vertex lat="-17.064023" lon="-71.966868"/>
<vertex lat="-17.002528" lon="-72.111278"/>
<vertex lat="-16.876127" lon="-72.268607"/>
<vertex lat="-16.775048" lon="-72.362477"/>
<vertex lat="-16.708075" lon="-72.467664"/>
<vertex lat="-16.614541" lon="-72.793949"/>
<vertex lat="-16.520903" lon="-72.957686"/>
<vertex lat="-16.388612" lon="-73.263765"/>
<vertex lat="-16.304276" lon="-73.400062"/>
<vertex lat="-16.201646" lon="-73.727691"/>
<vertex lat="-16.152864" lon="-73.824946"/>
<vertex lat="-15.912465" lon="-74.147045"/>
<vertex lat="-15.834020" lon="-74.372897"/>
<vertex lat="-15.699041" lon="-74.554875"/>
<vertex lat="-15.411927" lon="-75.104247"/>
<vertex lat="-15.320150" lon="-75.190547"/>
<vertex lat="-15.178143" lon="-75.274573"/>
<vertex lat="-15.093600" lon="-75.396555"/>
<vertex lat="-14.899194" lon="-75.533627"/>
<vertex lat="-14.784989" lon="-75.737723"/>
<vertex lat="-14.633577" lon="-75.933861"/>
<vertex lat="-14.495807" lon="-76.006311"/>
<vertex lat="-14.320314" lon="-76.136484"/>
<vertex lat="-14.226677" lon="-76.175138"/>
<vertex lat="-14.133142" lon="-76.289007"/>
<vertex lat="-13.948399" lon="-76.297017"/>
<vertex lat="-13.863133" lon="-76.376444"/>
<vertex lat="-13.821430" lon="-76.319470"/>
<vertex lat="-13.802826" lon="-76.259216"/>
<vertex lat="-13.515195" lon="-76.183923"/>
<vertex lat="-13.371225" lon="-76.223611"/>
<vertex lat="-13.109949" lon="-76.427319"/>
<vertex lat="-12.984375" lon="-76.502147"/>
<vertex lat="-12.823455" lon="-76.555218"/>
<vertex lat="-12.728060" lon="-76.637125"/>
<vertex lat="-12.527142" lon="-76.757997"/>
<vertex lat="-12.348755" lon="-76.832101"/>
<vertex lat="-12.219254" lon="-76.994106"/>
<vertex lat="-12.172745" lon="-77.038135"/>
<vertex lat="-12.106806" lon="-77.062681"/>
<vertex lat="-12.060400" lon="-77.152753"/>
<vertex lat="-11.923458" lon="-77.157636"/>
<vertex lat="-11.663422" lon="-77.220294"/>
<vertex lat="-11.532371" lon="-77.309927"/>
<vertex lat="-11.287838" lon="-77.633189"/>
<vertex lat="-11.193580" lon="-77.638589"/>
<vertex lat="-11.022118" lon="-77.664298"/>
<vertex lat="-10.836703" lon="-77.736076"/>
<vertex lat="-10.260614" lon="-78.095460"/>
<vertex lat="-10.089048" lon="-78.185584"/>
<vertex lat="-9.810305" lon="-78.275604"/>
<vertex lat="-9.652072" lon="-78.356504"/>
<vertex lat="-9.370642" lon="-78.445671"/>
<vertex lat="-9.156598" lon="-78.580133"/>
<vertex lat="-8.971080" lon="-78.664599"/>
<vertex lat="-8.740396" lon="-78.754593"/>
<vertex lat="-8.616993" lon="-78.762267"/>
<vertex lat="-8.404603" lon="-78.925410"/>
<vertex lat="-8.210196" lon="-79.012252"/>
<vertex lat="-8.047209" lon="-79.164387"/>
<vertex lat="-7.923289" lon="-79.312828"/>
<vertex lat="-7.835542" lon="-79.377268"/>
<vertex lat="-7.418927" lon="-79.588883"/>
<vertex lat="-7.295627" lon="-79.617719"/>
<vertex lat="-7.066493" lon="-79.761973"/>
<vertex lat="-6.901646" lon="-79.904678"/>
<vertex lat="-6.768941" lon="-79.994957"/>
<vertex lat="-6.649568" lon="-80.110273"/>
<vertex lat="-6.282252" lon="-80.811625"/>
<vertex lat="-6.129393" lon="-81.058432"/>
<vertex lat="-6.056736" lon="-81.142044"/>
<vertex lat="-5.942428" lon="-81.180517"/>
<vertex lat="-5.875248" lon="-81.164317"/>
<vertex lat="-5.812410" lon="-81.091841"/>
<vertex lat="-5.860986" lon="-80.991640"/>
<vertex lat="-5.840832" lon="-80.930688"/>
<vertex lat="-5.758976" lon="-80.882706"/>
<vertex lat="-5.635056" lon="-80.881957"/>
<vertex lat="-5.475376" lon="-80.943116"/>
<vertex lat="-5.167074" lon="-81.167702"/>
<vertex lat="-5.101859" lon="-81.150752"/>
<vertex lat="-5.027806" lon="-81.108480"/>
<vertex lat="-4.879443" lon="-81.195064"/>
<vertex lat="-4.760691" lon="-81.289400"/>
<vertex lat="-4.669534" lon="-81.336632"/>
<vertex lat="-4.322268" lon="-81.283224"/>
<vertex lat="-4.234315" lon="-81.232039"/>
<vertex lat="-3.881675" lon="-80.891956"/>
<vertex lat="-3.731090" lon="-80.798577"/>
<vertex lat="-3.638176" lon="-80.652720"/>
<vertex lat="-3.496065" lon="-80.503659"/>
<vertex lat="-3.387855" lon="-80.324652"/>
<vertex lat="-3.406458" lon="-80.298323"/>
<vertex lat="-3.424649" lon="-80.273518"/>
<vertex lat="-3.461029" lon="-80.271865"/>
<vertex lat="-3.492448" lon="-80.265250"/>
<vertex lat="-3.522214" lon="-80.245406"/>
<vertex lat="-3.576784" lon="-80.243753"/>
<vertex lat="-3.613164" lon="-80.220602"/>
<vertex lat="-3.654505" lon="-80.218948"/>
<vertex lat="-3.710729" lon="-80.217294"/>
<vertex lat="-3.738841" lon="-80.228870"/>
<vertex lat="-3.787727" lon="-80.217553"/>
<vertex lat="-3.877747" lon="-80.179261"/>
<vertex lat="-3.905859" lon="-80.194143"/>
<vertex lat="-3.924050" lon="-80.230524"/>
<vertex lat="-3.948854" lon="-80.266904"/>
<vertex lat="-4.005078" lon="-80.303284"/>
<vertex lat="-4.003425" lon="-80.357854"/>
<vertex lat="-3.978620" lon="-80.437229"/>
<vertex lat="-4.010039" lon="-80.490146"/>
<vertex lat="-4.069570" lon="-80.509990"/>
<vertex lat="-4.119180" lon="-80.493453"/>
<vertex lat="-4.165482" lon="-80.488492"/>
<vertex lat="-4.205169" lon="-80.453766"/>
<vertex lat="-4.208477" lon="-80.352893"/>
<vertex lat="-4.335807" lon="-80.443844"/>
<vertex lat="-4.393685" lon="-80.488492"/>
<vertex lat="-4.430065" lon="-80.478571"/>
<vertex lat="-4.461381" lon="-80.424181"/>
<vertex lat="-4.463707" lon="-80.383512"/>
<vertex lat="-4.416836" lon="-80.293362"/>
<vertex lat="-4.349037" lon="-80.232177"/>
<vertex lat="-4.311003" lon="-80.197451"/>
<vertex lat="-4.296120" lon="-80.139573"/>
<vertex lat="-4.327539" lon="-80.063505"/>
<vertex lat="-4.390378" lon="-79.962891"/>
<vertex lat="-4.445878" lon="-79.845095"/>
<vertex lat="-4.476367" lon="-79.797268"/>
<vertex lat="-4.467582" lon="-79.710969"/>
<vertex lat="-4.454870" lon="-79.638518"/>
<vertex lat="-4.500604" lon="-79.577669"/>
<vertex lat="-4.539206" lon="-79.516149"/>
<vertex lat="-4.670567" lon="-79.501912"/>
<vertex lat="-4.766220" lon="-79.455765"/>
<vertex lat="-4.840014" lon="-79.399437"/>
<vertex lat="-4.927813" lon="-79.330940"/>
<vertex lat="-4.957578" lon="-79.268102"/>
<vertex lat="-4.958250" lon="-79.186660"/>
<vertex lat="-4.990651" lon="-79.076279"/>
<vertex lat="-4.969154" lon="-79.033284"/>
<vertex lat="-4.907969" lon="-78.995250"/>
<vertex lat="-4.873242" lon="-78.975406"/>
<vertex lat="-4.858359" lon="-78.919183"/>
<vertex lat="-4.818672" lon="-78.914222"/>
<vertex lat="-4.770716" lon="-78.925797"/>
<vertex lat="-4.714492" lon="-78.907607"/>
<vertex lat="-4.665038" lon="-78.861512"/>
<vertex lat="-4.592691" lon="-78.743043"/>
<vertex lat="-4.562357" lon="-78.686018"/>
<vertex lat="-4.517708" lon="-78.674443"/>
<vertex lat="-4.458177" lon="-78.652946"/>
<vertex lat="-4.425104" lon="-78.661214"/>
<vertex lat="-4.383970" lon="-78.685140"/>
<vertex lat="-4.325886" lon="-78.679404"/>
<vertex lat="-4.248164" lon="-78.647985"/>
<vertex lat="-4.157317" lon="-78.603388"/>
<vertex lat="-4.041562" lon="-78.565121"/>
<vertex lat="-3.986888" lon="-78.550419"/>
<vertex lat="-3.952162" lon="-78.509078"/>
<vertex lat="-3.902035" lon="-78.493472"/>
<vertex lat="-3.843021" lon="-78.471044"/>
<vertex lat="-3.776875" lon="-78.419781"/>
<vertex lat="-3.705768" lon="-78.421435"/>
<vertex lat="-3.674349" lon="-78.399938"/>
<vertex lat="-3.594819" lon="-78.398052"/>
<vertex lat="-3.431263" lon="-78.347254"/>
<vertex lat="-3.397363" lon="-78.345367"/>
<vertex lat="-3.388268" lon="-78.323043"/>
<vertex lat="-3.399017" lon="-78.284183"/>
<vertex lat="-3.436121" lon="-78.250722"/>
<vertex lat="-3.472604" lon="-78.240361"/>
<vertex lat="-3.489141" lon="-78.226305"/>
<vertex lat="-3.485833" lon="-78.194886"/>
<vertex lat="-3.465163" lon="-78.158505"/>
<vertex lat="-3.432090" lon="-78.160986"/>
<vertex lat="-3.399844" lon="-78.187444"/>
<vertex lat="-3.380465" lon="-78.194653"/>
<vertex lat="-3.350234" lon="-78.183310"/>
<vertex lat="-3.283882" lon="-78.128223"/>
<vertex lat="-3.206832" lon="-78.067917"/>
<vertex lat="-3.046997" lon="-77.938467"/>
<vertex lat="-2.981678" lon="-77.860591"/>
<vertex lat="-2.912380" lon="-77.658975"/>
<vertex lat="-2.859980" lon="-77.506504"/>
<vertex lat="-2.809699" lon="-77.360079"/>
<vertex lat="-2.737662" lon="-77.161460"/>
<vertex lat="-2.635911" lon="-76.880754"/>
<vertex lat="-2.562634" lon="-76.679113"/>
<vertex lat="-2.432306" lon="-76.499356"/>
<vertex lat="-2.331330" lon="-76.360140"/>
<vertex lat="-2.243945" lon="-76.240948"/>
<vertex lat="-2.133151" lon="-76.089794"/>
<vertex lat="-1.893424" lon="-75.885466"/>
<vertex lat="-1.728111" lon="-75.744544"/>
<vertex lat="-1.607292" lon="-75.641656"/>
<vertex lat="-1.531224" lon="-75.570550"/>
<vertex lat="-1.316353" lon="-75.513861"/>
<vertex lat="-1.071200" lon="-75.449162"/>
<vertex lat="-0.962163" lon="-75.420430"/>
<vertex lat="-0.924284" lon="-75.408053"/>
<vertex lat="-0.940252" lon="-75.380122"/>
<vertex lat="-0.966762" lon="-75.348186"/>
<vertex lat="-0.968054" lon="-75.309196"/>
<vertex lat="-0.966814" lon="-75.272428"/>
<vertex lat="-0.951828" lon="-75.249587"/>
<vertex lat="-0.707088" lon="-75.283590"/>
<vertex lat="-0.653862" lon="-75.278681"/>
<vertex lat="-0.590145" lon="-75.259354"/>
<vertex lat="-0.555366" lon="-75.263230"/>
<vertex lat="-0.506532" lon="-75.325242"/>
<vertex lat="-0.408864" lon="-75.424693"/>
<vertex lat="-0.321737" lon="-75.465982"/>
<vertex lat="-0.248357" lon="-75.491071"/>
<vertex lat="-0.200091" lon="-75.560602"/>
<vertex lat="-0.157613" lon="-75.632045"/>
<vertex lat="-0.122835" lon="-75.626257"/>
<vertex lat="-0.122835" lon="-75.583753"/>
<vertex lat="-0.157148" lon="-75.475956"/>
<vertex lat="-0.146037" lon="-75.398390"/>
<vertex lat="-0.142162" lon="-75.340460"/>
<vertex lat="-0.106505" lon="-75.284469"/>
<vertex lat="-0.041754" lon="-75.224602"/>
<vertex lat="-0.041754" lon="-75.184062"/>
<vertex lat="-0.050488" lon="-75.138380"/>
<vertex lat="-0.116685" lon="-75.054664"/>
<vertex lat="-0.155907" lon="-75.005003"/>
<vertex lat="-0.188154" lon="-74.945317"/>
<vertex lat="-0.199419" lon="-74.888808"/>
<vertex lat="-0.203346" lon="-74.837520"/>
<vertex lat="-0.200143" lon="-74.801734"/>
<vertex lat="-0.244533" lon="-74.780495"/>
<vertex lat="-0.298586" lon="-74.755380"/>
<vertex lat="-0.335276" lon="-74.691663"/>
<vertex lat="-0.370055" lon="-74.616370"/>
<vertex lat="-0.429844" lon="-74.555108"/>
<vertex lat="-0.470152" lon="-74.513844"/>
<vertex lat="-0.517643" lon="-74.465191"/>
<vertex lat="-0.580636" lon="-74.417881"/>
<vertex lat="-0.691430" lon="-74.374912"/>
<vertex lat="-0.766568" lon="-74.353130"/>
<vertex lat="-0.808426" lon="-74.328610"/>
<vertex lat="-0.850904" lon="-74.334424"/>
<vertex lat="-0.927850" lon="-74.283910"/>
<vertex lat="-0.970638" lon="-74.246393"/>
<vertex lat="-0.997717" lon="-74.180764"/>
<vertex lat="-1.028619" lon="-74.054415"/>
<vertex lat="-1.098124" lon="-73.986822"/>
<vertex lat="-1.125151" lon="-73.926955"/>
<vertex lat="-1.196723" lon="-73.863186"/>
<vertex lat="-1.217962" lon="-73.807195"/>
<vertex lat="-1.214137" lon="-73.735752"/>
<vertex lat="-1.248864" lon="-73.664309"/>
<vertex lat="-1.316457" lon="-73.610230"/>
<vertex lat="-1.401413" lon="-73.575478"/>
<vertex lat="-1.449679" lon="-73.521398"/>
<vertex lat="-1.536598" lon="-73.494346"/>
<vertex lat="-1.638918" lon="-73.525248"/>
<vertex lat="-1.693023" lon="-73.496284"/>
<vertex lat="-1.737413" lon="-73.440292"/>
<vertex lat="-1.783870" lon="-73.349497"/>
<vertex lat="-1.772295" lon="-73.266453"/>
<vertex lat="-1.787694" lon="-73.223975"/>
<vertex lat="-1.830224" lon="-73.196948"/>
<vertex lat="-1.880402" lon="-73.181497"/>
<vertex lat="-2.003288" lon="-73.145220"/>
<vertex lat="-2.081010" lon="-73.126513"/>
<vertex lat="-2.156302" lon="-73.160206"/>
<vertex lat="-2.208444" lon="-73.172660"/>
<vertex lat="-2.278259" lon="-73.154470"/>
<vertex lat="-2.312055" lon="-73.068170"/>
<vertex lat="-2.339754" lon="-72.989674"/>
<vertex lat="-2.394014" lon="-72.941098"/>
<vertex lat="-2.408483" lon="-72.887148"/>
<vertex lat="-2.405486" lon="-72.811235"/>
<vertex lat="-2.392205" lon="-72.714187"/>
<vertex lat="-2.361044" lon="-72.660133"/>
<vertex lat="-2.351639" lon="-72.625355"/>
<vertex lat="-2.365178" lon="-72.586727"/>
<vertex lat="-2.395047" lon="-72.500660"/>
<vertex lat="-2.428895" lon="-72.395576"/>
<vertex lat="-2.409310" lon="-72.300749"/>
<vertex lat="-2.400525" lon="-72.218455"/>
<vertex lat="-2.380630" lon="-72.136806"/>
<vertex lat="-2.324612" lon="-72.053788"/>
<vertex lat="-2.326576" lon="-71.984283"/>
<vertex lat="-2.288697" lon="-71.932477"/>
<vertex lat="-2.227719" lon="-71.867262"/>
<vertex lat="-2.166276" lon="-71.802744"/>
<vertex lat="-2.152737" lon="-71.752540"/>
<vertex lat="-2.182140" lon="-71.671460"/>
<vertex lat="-2.224205" lon="-71.559451"/>
<vertex lat="-2.279189" lon="-71.496070"/>
<vertex lat="-2.293710" lon="-71.447468"/>
<vertex lat="-2.334069" lon="-71.396954"/>
<vertex lat="-2.334844" lon="-71.300113"/>
<vertex lat="-2.313037" lon="-71.196398"/>
<vertex lat="-2.245444" lon="-71.113380"/>
<vertex lat="-2.225755" lon="-71.027313"/>
<vertex lat="-2.206842" lon="-70.968557"/>
<vertex lat="-2.218572" lon="-70.914555"/>
<vertex lat="-2.341976" lon="-70.705369"/>
<vertex lat="-2.405744" lon="-70.648008"/>
<vertex lat="-2.418302" lon="-70.575893"/>
<vertex lat="-2.453132" lon="-70.516775"/>
<vertex lat="-2.490700" lon="-70.418229"/>
<vertex lat="-2.529303" lon="-70.364149"/>
<vertex lat="-2.552505" lon="-70.294644"/>
<vertex lat="-2.606559" lon="-70.244441"/>
<vertex lat="-2.639890" lon="-70.164730"/>
<vertex lat="-2.658235" lon="-70.095845"/>
<vertex lat="-2.701695" lon="-70.064736"/>
<vertex lat="-2.730789" lon="-70.064478"/>
<vertex lat="-2.750168" lon="-70.074038"/>
<vertex lat="-2.864063" lon="-70.147082"/>
<vertex lat="-3.087253" lon="-70.290148"/>
<vertex lat="-3.288274" lon="-70.419004"/>
<vertex lat="-3.604586" lon="-70.621704"/>
<vertex lat="-3.781526" lon="-70.735108"/>
<vertex lat="-3.788967" lon="-70.706195"/>
<vertex lat="-3.866379" lon="-70.529669"/>
<vertex lat="-3.869376" lon="-70.485847"/>
<vertex lat="-3.849636" lon="-70.421097"/>
<vertex lat="-3.818733" lon="-70.379187"/>
<vertex lat="-3.814341" lon="-70.339499"/>
<vertex lat="-3.844261" lon="-70.298443"/>
<vertex lat="-3.882708" lon="-70.240281"/>
<vertex lat="-3.995156" lon="-70.198397"/>
<vertex lat="-4.050243" lon="-70.167520"/>
<vertex lat="-4.092153" lon="-70.094760"/>
<vertex lat="-4.161968" lon="-70.017194"/>
<vertex lat="-4.235969" lon="-69.965931"/>
</area>
</country>
