<country>
<name>Togo</name>
<area>
<vertex lat="10.993257" lon="0.900493"/>
<vertex lat="10.885744" lon="0.874758"/>
<vertex lat="10.752600" lon="0.821842"/>
<vertex lat="10.710277" lon="0.787477"/>
<vertex lat="10.386653" lon="0.763344"/>
<vertex lat="10.359575" lon="0.779984"/>
<vertex lat="10.351539" lon="0.792179"/>
<vertex lat="10.242037" lon="0.958319"/>
<vertex lat="10.098402" lon="1.176187"/>
<vertex lat="9.996987" lon="1.330028"/>
<vertex lat="9.962958" lon="1.342843"/>
<vertex lat="9.750206" lon="1.345066"/>
<vertex lat="9.567530" lon="1.347081"/>
<vertex lat="9.462989" lon="1.378914"/>
<vertex lat="9.361651" lon="1.385735"/>
<vertex lat="9.285015" lon="1.424286"/>
<vertex lat="9.137246" lon="1.566292"/>
<vertex lat="9.050042" lon="1.600192"/>
<vertex lat="8.771015" lon="1.603809"/>
<vertex lat="8.559271" lon="1.606600"/>
<vertex lat="8.270994" lon="1.624583"/>
<vertex lat="8.030208" lon="1.624583"/>
<vertex lat="7.725885" lon="1.624583"/>
<vertex lat="7.369189" lon="1.624687"/>
<vertex lat="6.997299" lon="1.624687"/>
<vertex lat="6.992442" lon="1.530946"/>
<vertex lat="6.876997" lon="1.582002"/>
<vertex lat="6.772274" lon="1.590787"/>
<vertex lat="6.738090" lon="1.602931"/>
<vertex lat="6.687396" lon="1.577558"/>
<vertex lat="6.610217" lon="1.598538"/>
<vertex lat="6.581562" lon="1.639311"/>
<vertex lat="6.426249" lon="1.743129"/>
<vertex lat="6.294655" lon="1.777907"/>
<vertex lat="6.250833" lon="1.610889"/>
<vertex lat="6.216778" lon="1.622620"/>
<vertex lat="6.146860" lon="1.310649"/>
<vertex lat="6.089422" lon="1.187246"/>
<vertex lat="6.145000" lon="1.185075"/>
<vertex lat="6.155025" lon="1.139600"/>
<vertex lat="6.173784" lon="1.084461"/>
<vertex lat="6.202645" lon="1.049941"/>
<vertex lat="6.268532" lon="1.002141"/>
<vertex lat="6.320286" lon="0.984984"/>
<vertex lat="6.328555" lon="0.912224"/>
<vertex lat="6.386381" lon="0.822513"/>
<vertex lat="6.452578" lon="0.736937"/>
<vertex lat="6.518724" lon="0.707172"/>
<vertex lat="6.549316" lon="0.715440"/>
<vertex lat="6.580736" lon="0.702211"/>
<vertex lat="6.592518" lon="0.672755"/>
<vertex lat="6.742173" lon="0.595757"/>
<vertex lat="6.802479" lon="0.548008"/>
<vertex lat="6.850926" lon="0.525581"/>
<vertex lat="6.888314" lon="0.533436"/>
<vertex lat="6.938853" lon="0.523100"/>
<vertex lat="6.979703" lon="0.538086"/>
<vertex lat="7.004121" lon="0.579479"/>
<vertex lat="7.033990" lon="0.592450"/>
<vertex lat="7.096647" lon="0.596222"/>
<vertex lat="7.226536" lon="0.619528"/>
<vertex lat="7.353660" lon="0.634721"/>
<vertex lat="7.388800" lon="0.591003"/>
<vertex lat="7.398722" lon="0.537260"/>
<vertex lat="7.435128" lon="0.509613"/>
<vertex lat="7.495098" lon="0.498916"/>
<vertex lat="7.546852" lon="0.499949"/>
<vertex lat="7.728211" lon="0.605162"/>
<vertex lat="8.145808" lon="0.583562"/>
<vertex lat="8.209577" lon="0.599271"/>
<vertex lat="8.253450" lon="0.647072"/>
<vertex lat="8.304248" lon="0.688051"/>
<vertex lat="8.354865" lon="0.686294"/>
<vertex lat="8.479638" lon="0.616221"/>
<vertex lat="8.575291" lon="0.483309"/>
<vertex lat="8.652728" lon="0.415303"/>
<vertex lat="8.722000" lon="0.378639"/>
<vertex lat="8.759259" lon="0.372567"/>
<vertex lat="8.813778" lon="0.453079"/>
<vertex lat="8.851476" lon="0.488787"/>
<vertex lat="8.894910" lon="0.493231"/>
<vertex lat="8.974233" lon="0.460365"/>
<vertex lat="9.115310" lon="0.466153"/>
<vertex lat="9.221246" lon="0.497159"/>
<vertex lat="9.358318" lon="0.528991"/>
<vertex lat="9.398496" lon="0.525684"/>
<vertex lat="9.480249" lon="0.447575"/>
<vertex lat="9.491436" lon="0.405304"/>
<vertex lat="9.485571" lon="0.370965"/>
<vertex lat="9.431828" lon="0.289316"/>
<vertex lat="9.426040" lon="0.259964"/>
<vertex lat="9.441905" lon="0.241515"/>
<vertex lat="9.463505" lon="0.233402"/>
<vertex lat="9.495622" lon="0.261876"/>
<vertex lat="9.535646" lon="0.251541"/>
<vertex lat="9.570631" lon="0.275518"/>
<vertex lat="9.586573" lon="0.327350"/>
<vertex lat="9.604143" lon="0.342569"/>
<vertex lat="9.620938" lon="0.272780"/>
<vertex lat="9.644735" lon="0.264589"/>
<vertex lat="9.667911" lon="0.269524"/>
<vertex lat="9.672304" lon="0.289678"/>
<vertex lat="9.670986" lon="0.311692"/>
<vertex lat="9.687574" lon="0.323888"/>
<vertex lat="9.803950" lon="0.334533"/>
<vertex lat="9.844593" lon="0.343060"/>
<vertex lat="9.924924" lon="0.351845"/>
<vertex lat="10.236481" lon="0.362697"/>
<vertex lat="10.268573" lon="0.378639"/>
<vertex lat="10.291853" lon="0.380887"/>
<vertex lat="10.306942" lon="0.331846"/>
<vertex lat="10.390529" lon="0.216039"/>
<vertex lat="10.454789" lon="0.148291"/>
<vertex lat="10.520598" lon="0.089277"/>
<vertex lat="10.563852" lon="0.039460"/>
<vertex lat="10.630618" lon="-0.057691"/>
<vertex lat="10.673044" lon="-0.086320"/>
<vertex lat="10.715522" lon="-0.090196"/>
<vertex lat="10.800607" lon="-0.060585"/>
<vertex lat="10.891351" lon="-0.013895"/>
<vertex lat="11.020981" lon="0.009436"/>
<vertex lat="11.055553" lon="-0.004749"/>
<vertex lat="11.115601" lon="-0.068621"/>
<vertex lat="11.069609" lon="0.159272"/>
<vertex lat="10.991965" lon="0.484136"/>
<vertex lat="10.978193" lon="0.490699"/>
<vertex lat="10.954991" lon="0.492714"/>
<vertex lat="10.955404" lon="0.549145"/>
<vertex lat="10.983051" lon="0.642990"/>
<vertex lat="10.993257" lon="0.900493"/>
</area>
</country>
