<country>
<name>United Kingdom of Great Britain and Northern Ireland</name>
<area>
<vertex lat="50.690240" lon="-1.065563"/>
<vertex lat="50.655720" lon="-1.149382"/>
<vertex lat="50.615257" lon="-1.175840"/>
<vertex lat="50.599237" lon="-1.196071"/>
<vertex lat="50.588799" lon="-1.251494"/>
<vertex lat="50.588540" lon="-1.306297"/>
<vertex lat="50.669776" lon="-1.515354"/>
<vertex lat="50.666107" lon="-1.563413"/>
<vertex lat="50.703314" lon="-1.515690"/>
<vertex lat="50.733544" lon="-1.385853"/>
<vertex lat="50.773490" lon="-1.312808"/>
<vertex lat="50.734733" lon="-1.144214"/>
<vertex lat="50.690240" lon="-1.065563"/>
</area>
<area>
<vertex lat="53.321448" lon="-4.196793"/>
<vertex lat="53.302845" lon="-4.154883"/>
<vertex lat="53.305739" lon="-4.049360"/>
<vertex lat="53.264294" lon="-4.084293"/>
<vertex lat="53.218044" lon="-4.200384"/>
<vertex lat="53.172414" lon="-4.278596"/>
<vertex lat="53.134199" lon="-4.373061"/>
<vertex lat="53.178046" lon="-4.418846"/>
<vertex lat="53.176367" lon="-4.471995"/>
<vertex lat="53.260470" lon="-4.553205"/>
<vertex lat="53.386457" lon="-4.567881"/>
<vertex lat="53.419272" lon="-4.461738"/>
<vertex lat="53.417257" lon="-4.315080"/>
<vertex lat="53.321448" lon="-4.196793"/>
</area>
<area>
<vertex lat="55.241796" lon="-6.375290"/>
<vertex lat="55.216837" lon="-6.234213"/>
<vertex lat="55.217405" lon="-6.129155"/>
<vertex lat="55.144541" lon="-6.035776"/>
<vertex lat="55.029665" lon="-5.985753"/>
<vertex lat="54.916235" lon="-5.869197"/>
<vertex lat="54.817481" lon="-5.716829"/>
<vertex lat="54.757071" lon="-5.710731"/>
<vertex lat="54.724644" lon="-5.765198"/>
<vertex lat="54.684389" lon="-5.879093"/>
<vertex lat="54.641316" lon="-5.878628"/>
<vertex lat="54.663020" lon="-5.803465"/>
<vertex lat="54.673046" lon="-5.738611"/>
<vertex lat="54.663434" lon="-5.582548"/>
<vertex lat="54.619612" lon="-5.527926"/>
<vertex lat="54.554035" lon="-5.490202"/>
<vertex lat="54.500188" lon="-5.470384"/>
<vertex lat="54.441639" lon="-5.483897"/>
<vertex lat="54.460190" lon="-5.525885"/>
<vertex lat="54.512590" lon="-5.568543"/>
<vertex lat="54.536723" lon="-5.615982"/>
<vertex lat="54.549746" lon="-5.671070"/>
<vertex lat="54.477864" lon="-5.646110"/>
<vertex lat="54.381720" lon="-5.655980"/>
<vertex lat="54.372650" lon="-5.631899"/>
<vertex lat="54.370997" lon="-5.557795"/>
<vertex lat="54.272579" lon="-5.606784"/>
<vertex lat="54.245836" lon="-5.708070"/>
<vertex lat="54.235837" lon="-5.826176"/>
<vertex lat="54.200981" lon="-5.854624"/>
<vertex lat="54.156075" lon="-5.876070"/>
<vertex lat="54.089076" lon="-5.937746"/>
<vertex lat="54.051275" lon="-6.019059"/>
<vertex lat="54.058871" lon="-6.119543"/>
<vertex lat="54.088740" lon="-6.218013"/>
<vertex lat="54.094890" lon="-6.303667"/>
<vertex lat="54.077113" lon="-6.363663"/>
<vertex lat="54.060628" lon="-6.402575"/>
<vertex lat="54.063625" lon="-6.440273"/>
<vertex lat="54.057269" lon="-6.548148"/>
<vertex lat="54.058639" lon="-6.649821"/>
<vertex lat="54.084761" lon="-6.664213"/>
<vertex lat="54.163438" lon="-6.646850"/>
<vertex lat="54.184703" lon="-6.669536"/>
<vertex lat="54.195607" lon="-6.766584"/>
<vertex lat="54.214366" lon="-6.802603"/>
<vertex lat="54.268677" lon="-6.858336"/>
<vertex lat="54.294051" lon="-6.869265"/>
<vertex lat="54.329087" lon="-6.877223"/>
<vertex lat="54.374330" lon="-6.936160"/>
<vertex lat="54.406705" lon="-7.007732"/>
<vertex lat="54.408256" lon="-7.049693"/>
<vertex lat="54.355391" lon="-7.133487"/>
<vertex lat="54.301802" lon="-7.202578"/>
<vertex lat="54.274879" lon="-7.178083"/>
<vertex lat="54.239506" lon="-7.155449"/>
<vertex lat="54.214107" lon="-7.193044"/>
<vertex lat="54.155997" lon="-7.306732"/>
<vertex lat="54.133440" lon="-7.324509"/>
<vertex lat="54.121245" lon="-7.355179"/>
<vertex lat="54.137316" lon="-7.409439"/>
<vertex lat="54.133595" lon="-7.544418"/>
<vertex lat="54.143827" lon="-7.606533"/>
<vertex lat="54.186667" lon="-7.678776"/>
<vertex lat="54.215270" lon="-7.854941"/>
<vertex lat="54.283767" lon="-7.884449"/>
<vertex lat="54.296583" lon="-7.918452"/>
<vertex lat="54.414250" lon="-8.118233"/>
<vertex lat="54.453498" lon="-8.144794"/>
<vertex lat="54.476959" lon="-8.118956"/>
<vertex lat="54.512461" lon="-8.044336"/>
<vertex lat="54.571243" lon="-7.793808"/>
<vertex lat="54.594937" lon="-7.754405"/>
<vertex lat="54.615840" lon="-7.746266"/>
<vertex lat="54.639714" lon="-7.819853"/>
<vertex lat="54.666069" lon="-7.886154"/>
<vertex lat="54.683329" lon="-7.908737"/>
<vertex lat="54.698315" lon="-7.910597"/>
<vertex lat="54.717849" lon="-7.872925"/>
<vertex lat="54.719296" lon="-7.797270"/>
<vertex lat="54.710459" lon="-7.737481"/>
<vertex lat="54.728003" lon="-7.689990"/>
<vertex lat="54.745703" lon="-7.606429"/>
<vertex lat="54.767949" lon="-7.550412"/>
<vertex lat="54.825439" lon="-7.502198"/>
<vertex lat="54.877116" lon="-7.451245"/>
<vertex lat="54.905124" lon="-7.445974"/>
<vertex lat="55.003310" lon="-7.401429"/>
<vertex lat="55.027701" lon="-7.376909"/>
<vertex lat="55.092012" lon="-7.218624"/>
<vertex lat="55.056898" lon="-7.178626"/>
<vertex lat="55.048268" lon="-7.100620"/>
<vertex lat="55.080618" lon="-7.030780"/>
<vertex lat="55.182524" lon="-6.947167"/>
<vertex lat="55.188931" lon="-6.888980"/>
<vertex lat="55.180663" lon="-6.824849"/>
<vertex lat="55.193479" lon="-6.698836"/>
<vertex lat="55.241021" lon="-6.475051"/>
<vertex lat="55.241796" lon="-6.375290"/>
</area>
<area>
<vertex lat="55.448812" lon="-5.105419"/>
<vertex lat="55.448089" lon="-5.231510"/>
<vertex lat="55.456719" lon="-5.277037"/>
<vertex lat="55.481032" lon="-5.331504"/>
<vertex lat="55.618337" lon="-5.392689"/>
<vertex lat="55.666964" lon="-5.370778"/>
<vertex lat="55.690710" lon="-5.345715"/>
<vertex lat="55.709184" lon="-5.318119"/>
<vertex lat="55.716935" lon="-5.251612"/>
<vertex lat="55.690968" lon="-5.185466"/>
<vertex lat="55.666809" lon="-5.160403"/>
<vertex lat="55.573972" lon="-5.105006"/>
<vertex lat="55.494339" lon="-5.094696"/>
<vertex lat="55.448812" lon="-5.105419"/>
</area>
<area>
<vertex lat="55.930592" lon="-6.128923"/>
<vertex lat="55.802124" lon="-6.092827"/>
<vertex lat="55.722491" lon="-6.057635"/>
<vertex lat="55.695309" lon="-6.055310"/>
<vertex lat="55.657533" lon="-6.088357"/>
<vertex lat="55.607252" lon="-6.253179"/>
<vertex lat="55.606942" lon="-6.305062"/>
<vertex lat="55.619138" lon="-6.307232"/>
<vertex lat="55.670323" lon="-6.270025"/>
<vertex lat="55.728382" lon="-6.302065"/>
<vertex lat="55.772513" lon="-6.286407"/>
<vertex lat="55.780601" lon="-6.301729"/>
<vertex lat="55.774374" lon="-6.333871"/>
<vertex lat="55.704249" lon="-6.451952"/>
<vertex lat="55.697324" lon="-6.491355"/>
<vertex lat="55.711587" lon="-6.495670"/>
<vertex lat="55.768999" lon="-6.466473"/>
<vertex lat="55.808273" lon="-6.462856"/>
<vertex lat="55.832355" lon="-6.445260"/>
<vertex lat="55.854627" lon="-6.413195"/>
<vertex lat="55.871319" lon="-6.374954"/>
<vertex lat="55.873722" lon="-6.344129"/>
<vertex lat="55.856513" lon="-6.311263"/>
<vertex lat="55.904598" lon="-6.215662"/>
<vertex lat="55.930592" lon="-6.128923"/>
</area>
<area>
<vertex lat="55.814526" lon="-5.970069"/>
<vertex lat="55.803803" lon="-5.990895"/>
<vertex lat="55.806775" lon="-6.041538"/>
<vertex lat="55.822898" lon="-6.060348"/>
<vertex lat="55.847651" lon="-6.070683"/>
<vertex lat="55.893126" lon="-6.071949"/>
<vertex lat="55.925631" lon="-6.041279"/>
<vertex lat="55.974775" lon="-5.911752"/>
<vertex lat="55.992190" lon="-5.970328"/>
<vertex lat="56.004437" lon="-5.972627"/>
<vertex lat="56.045262" lon="-5.939063"/>
<vertex lat="56.108798" lon="-5.799589"/>
<vertex lat="56.120296" lon="-5.762253"/>
<vertex lat="56.118539" lon="-5.725149"/>
<vertex lat="56.005626" lon="-5.797212"/>
<vertex lat="55.814526" lon="-5.970069"/>
</area>
<area>
<vertex lat="56.344313" lon="-5.777885"/>
<vertex lat="56.288709" lon="-6.176155"/>
<vertex lat="56.293670" lon="-6.313433"/>
<vertex lat="56.320955" lon="-6.325836"/>
<vertex lat="56.339171" lon="-6.298473"/>
<vertex lat="56.356870" lon="-6.184888"/>
<vertex lat="56.490609" lon="-6.138870"/>
<vertex lat="56.552156" lon="-6.310617"/>
<vertex lat="56.569416" lon="-6.319660"/>
<vertex lat="56.598768" lon="-6.306276"/>
<vertex lat="56.611868" lon="-6.286329"/>
<vertex lat="56.642951" lon="-6.182098"/>
<vertex lat="56.649850" lon="-6.138276"/>
<vertex lat="56.645664" lon="-6.102723"/>
<vertex lat="56.609827" lon="-6.029575"/>
<vertex lat="56.534534" lon="-5.946660"/>
<vertex lat="56.522545" lon="-5.836021"/>
<vertex lat="56.490687" lon="-5.760857"/>
<vertex lat="56.344313" lon="-5.777885"/>
</area>
<area>
<vertex lat="56.584996" lon="-6.607627"/>
<vertex lat="56.579441" lon="-6.664446"/>
<vertex lat="56.593600" lon="-6.668554"/>
<vertex lat="56.661219" lon="-6.569929"/>
<vertex lat="56.672355" lon="-6.506057"/>
<vertex lat="56.665792" lon="-6.483681"/>
<vertex lat="56.626621" lon="-6.530087"/>
<vertex lat="56.584996" lon="-6.607627"/>
</area>
<area>
<vertex lat="56.965412" lon="-7.416906"/>
<vertex lat="56.951666" lon="-7.504808"/>
<vertex lat="56.959728" lon="-7.537390"/>
<vertex lat="56.972388" lon="-7.542945"/>
<vertex lat="57.006805" lon="-7.522946"/>
<vertex lat="57.018949" lon="-7.455457"/>
<vertex lat="57.000294" lon="-7.406700"/>
<vertex lat="56.983344" lon="-7.398923"/>
<vertex lat="56.965412" lon="-7.416906"/>
</area>
<area>
<vertex lat="56.964714" lon="-6.279043"/>
<vertex lat="56.951795" lon="-6.308757"/>
<vertex lat="56.954276" lon="-6.346222"/>
<vertex lat="56.970890" lon="-6.383403"/>
<vertex lat="57.017941" lon="-6.432599"/>
<vertex lat="57.050523" lon="-6.322373"/>
<vertex lat="57.031403" lon="-6.278216"/>
<vertex lat="57.009518" lon="-6.261266"/>
<vertex lat="56.985256" lon="-6.260517"/>
<vertex lat="56.964714" lon="-6.279043"/>
</area>
<area>
<vertex lat="57.115351" lon="-7.249862"/>
<vertex lat="57.109744" lon="-7.292056"/>
<vertex lat="57.115119" lon="-7.347401"/>
<vertex lat="57.130673" lon="-7.381482"/>
<vertex lat="57.192142" lon="-7.415924"/>
<vertex lat="57.229324" lon="-7.422384"/>
<vertex lat="57.298467" lon="-7.407036"/>
<vertex lat="57.381097" lon="-7.410576"/>
<vertex lat="57.383681" lon="-7.296371"/>
<vertex lat="57.371770" lon="-7.267122"/>
<vertex lat="57.126358" lon="-7.247537"/>
<vertex lat="57.115351" lon="-7.249862"/>
</area>
<area>
<vertex lat="57.504966" lon="-6.144736"/>
<vertex lat="57.460782" lon="-6.146131"/>
<vertex lat="57.408848" lon="-6.163778"/>
<vertex lat="57.353657" lon="-6.140808"/>
<vertex lat="57.314280" lon="-6.135537"/>
<vertex lat="57.301722" lon="-6.093395"/>
<vertex lat="57.283532" lon="-6.067634"/>
<vertex lat="57.263223" lon="-5.880256"/>
<vertex lat="57.268959" lon="-5.706003"/>
<vertex lat="57.252681" lon="-5.672465"/>
<vertex lat="57.226895" lon="-5.668641"/>
<vertex lat="57.198447" lon="-5.696210"/>
<vertex lat="57.146538" lon="-5.795429"/>
<vertex lat="57.062667" lon="-5.913742"/>
<vertex lat="57.045149" lon="-5.949089"/>
<vertex lat="57.044425" lon="-5.987329"/>
<vertex lat="57.051970" lon="-6.014718"/>
<vertex lat="57.201212" lon="-6.034355"/>
<vertex lat="57.182143" lon="-6.162745"/>
<vertex lat="57.184313" lon="-6.266098"/>
<vertex lat="57.202504" lon="-6.322709"/>
<vertex lat="57.237489" lon="-6.362397"/>
<vertex lat="57.327509" lon="-6.442418"/>
<vertex lat="57.362907" lon="-6.675453"/>
<vertex lat="57.412465" lon="-6.741314"/>
<vertex lat="57.442386" lon="-6.761132"/>
<vertex lat="57.458922" lon="-6.752709"/>
<vertex lat="57.495767" lon="-6.704211"/>
<vertex lat="57.482642" lon="-6.643465"/>
<vertex lat="57.490651" lon="-6.605870"/>
<vertex lat="57.507110" lon="-6.583004"/>
<vertex lat="57.520675" lon="-6.583494"/>
<vertex lat="57.552715" lon="-6.615301"/>
<vertex lat="57.562688" lon="-6.616800"/>
<vertex lat="57.603306" lon="-6.378520"/>
<vertex lat="57.666790" lon="-6.357668"/>
<vertex lat="57.671984" lon="-6.305940"/>
<vertex lat="57.651210" lon="-6.246926"/>
<vertex lat="57.585297" lon="-6.166078"/>
<vertex lat="57.504966" lon="-6.144736"/>
</area>
<area>
<vertex lat="57.682939" lon="-7.205549"/>
<vertex lat="57.626664" lon="-7.092792"/>
<vertex lat="57.533310" lon="-7.182605"/>
<vertex lat="57.533750" lon="-7.320555"/>
<vertex lat="57.601962" lon="-7.514730"/>
<vertex lat="57.615863" lon="-7.515634"/>
<vertex lat="57.636327" lon="-7.499408"/>
<vertex lat="57.652554" lon="-7.470288"/>
<vertex lat="57.656378" lon="-7.440031"/>
<vertex lat="57.645216" lon="-7.391895"/>
<vertex lat="57.663121" lon="-7.324870"/>
<vertex lat="57.657463" lon="-7.271204"/>
<vertex lat="57.682939" lon="-7.205549"/>
</area>
<area>
<vertex lat="58.363260" lon="-6.198686"/>
<vertex lat="58.188852" lon="-6.325836"/>
<vertex lat="58.184562" lon="-6.375600"/>
<vertex lat="58.140948" lon="-6.419293"/>
<vertex lat="58.092889" lon="-6.554607"/>
<vertex lat="58.091907" lon="-6.436501"/>
<vertex lat="58.075887" lon="-6.403376"/>
<vertex lat="58.041367" lon="-6.402446"/>
<vertex lat="58.021265" lon="-6.425184"/>
<vertex lat="57.941373" lon="-6.578120"/>
<vertex lat="57.911039" lon="-6.683307"/>
<vertex lat="57.827530" lon="-6.796582"/>
<vertex lat="57.826496" lon="-6.853762"/>
<vertex lat="57.773373" lon="-6.910322"/>
<vertex lat="57.750067" lon="-6.956908"/>
<vertex lat="57.750015" lon="-6.983082"/>
<vertex lat="57.761746" lon="-7.013158"/>
<vertex lat="57.813784" lon="-7.083438"/>
<vertex lat="57.864892" lon="-6.955952"/>
<vertex lat="57.893650" lon="-6.944118"/>
<vertex lat="57.923545" lon="-6.856837"/>
<vertex lat="57.932847" lon="-6.864175"/>
<vertex lat="57.974911" lon="-7.002539"/>
<vertex lat="58.003178" lon="-7.057083"/>
<vertex lat="58.017958" lon="-7.051915"/>
<vertex lat="58.050514" lon="-6.985305"/>
<vertex lat="58.054777" lon="-7.016905"/>
<vertex lat="58.072321" lon="-7.038247"/>
<vertex lat="58.078988" lon="-7.076901"/>
<vertex lat="58.095343" lon="-7.088451"/>
<vertex lat="58.138260" lon="-7.095582"/>
<vertex lat="58.182185" lon="-7.085273"/>
<vertex lat="58.201564" lon="-7.044913"/>
<vertex lat="58.222312" lon="-7.028403"/>
<vertex lat="58.228694" lon="-7.012073"/>
<vertex lat="58.217687" lon="-6.949544"/>
<vertex lat="58.182573" lon="-6.886215"/>
<vertex lat="58.196086" lon="-6.812292"/>
<vertex lat="58.189394" lon="-6.726483"/>
<vertex lat="58.197533" lon="-6.724726"/>
<vertex lat="58.283885" lon="-6.787746"/>
<vertex lat="58.301506" lon="-6.776480"/>
<vertex lat="58.321608" lon="-6.742270"/>
<vertex lat="58.383155" lon="-6.544195"/>
<vertex lat="58.486611" lon="-6.297181"/>
<vertex lat="58.502838" lon="-6.237443"/>
<vertex lat="58.488730" lon="-6.219408"/>
<vertex lat="58.435090" lon="-6.194268"/>
<vertex lat="58.363260" lon="-6.198686"/>
</area>
<area>
<vertex lat="58.515498" lon="-3.109675"/>
<vertex lat="58.433695" lon="-3.101123"/>
<vertex lat="58.408864" lon="-3.112905"/>
<vertex lat="58.378323" lon="-3.136780"/>
<vertex lat="58.321247" lon="-3.212357"/>
<vertex lat="58.239650" lon="-3.411001"/>
<vertex lat="58.052116" lon="-3.775010"/>
<vertex lat="57.959047" lon="-3.990035"/>
<vertex lat="57.914243" lon="-4.019646"/>
<vertex lat="57.852025" lon="-4.035614"/>
<vertex lat="57.839674" lon="-3.906836"/>
<vertex lat="57.818538" lon="-3.857123"/>
<vertex lat="57.786912" lon="-3.887923"/>
<vertex lat="57.677048" lon="-4.078402"/>
<vertex lat="57.577726" lon="-4.134522"/>
<vertex lat="57.581240" lon="-3.988485"/>
<vertex lat="57.600360" lon="-3.868182"/>
<vertex lat="57.662269" lon="-3.628197"/>
<vertex lat="57.708235" lon="-3.402784"/>
<vertex lat="57.710173" lon="-3.294522"/>
<vertex lat="57.673483" lon="-3.083941"/>
<vertex lat="57.672294" lon="-3.036037"/>
<vertex lat="57.689270" lon="-2.946688"/>
<vertex lat="57.692293" lon="-2.856306"/>
<vertex lat="57.680872" lon="-2.244121"/>
<vertex lat="57.702370" lon="-2.074080"/>
<vertex lat="57.676635" lon="-1.961503"/>
<vertex lat="57.612349" lon="-1.867374"/>
<vertex lat="57.493752" lon="-1.777922"/>
<vertex lat="57.474012" lon="-1.780635"/>
<vertex lat="57.419958" lon="-1.834715"/>
<vertex lat="57.352210" lon="-1.934450"/>
<vertex lat="57.258883" lon="-2.020336"/>
<vertex lat="57.208550" lon="-2.045503"/>
<vertex lat="57.153463" lon="-2.062349"/>
<vertex lat="57.102561" lon="-2.089531"/>
<vertex lat="56.863325" lon="-2.260270"/>
<vertex lat="56.730698" lon="-2.426668"/>
<vertex lat="56.636569" lon="-2.500979"/>
<vertex lat="56.561561" lon="-2.592653"/>
<vertex lat="56.514406" lon="-2.680968"/>
<vertex lat="56.482961" lon="-2.775174"/>
<vertex lat="56.449371" lon="-3.047405"/>
<vertex lat="56.425290" lon="-3.123576"/>
<vertex lat="56.383949" lon="-3.214424"/>
<vertex lat="56.363485" lon="-3.309973"/>
<vertex lat="56.366069" lon="-3.198016"/>
<vertex lat="56.389065" lon="-3.087041"/>
<vertex lat="56.397488" lon="-2.885141"/>
<vertex lat="56.318268" lon="-2.652752"/>
<vertex lat="56.253414" lon="-2.674250"/>
<vertex lat="56.202151" lon="-2.767577"/>
<vertex lat="56.194090" lon="-2.979787"/>
<vertex lat="56.080117" lon="-3.178224"/>
<vertex lat="56.045055" lon="-3.267754"/>
<vertex lat="56.027640" lon="-3.362270"/>
<vertex lat="56.032808" lon="-3.480402"/>
<vertex lat="56.063348" lon="-3.695118"/>
<vertex lat="56.095207" lon="-3.789040"/>
<vertex lat="56.043143" lon="-3.704161"/>
<vertex lat="56.016013" lon="-3.607836"/>
<vertex lat="55.951934" lon="-3.048749"/>
<vertex lat="55.958600" lon="-3.015082"/>
<vertex lat="56.026245" lon="-2.836850"/>
<vertex lat="56.027278" lon="-2.599319"/>
<vertex lat="55.902996" lon="-2.147099"/>
<vertex lat="55.807938" lon="-2.016848"/>
<vertex lat="55.671744" lon="-1.830270"/>
<vertex lat="55.618569" lon="-1.728752"/>
<vertex lat="55.570381" lon="-1.655397"/>
<vertex lat="55.498111" lon="-1.610155"/>
<vertex lat="55.259521" lon="-1.522589"/>
<vertex lat="55.026409" lon="-1.422647"/>
<vertex lat="54.773866" lon="-1.291750"/>
<vertex lat="54.703690" lon="-1.232426"/>
<vertex lat="54.654494" lon="-1.154394"/>
<vertex lat="54.541426" lon="-0.759328"/>
<vertex lat="54.503909" lon="-0.671375"/>
<vertex lat="54.395130" lon="-0.518128"/>
<vertex lat="54.279219" lon="-0.370359"/>
<vertex lat="54.190129" lon="-0.232848"/>
<vertex lat="54.118041" lon="-0.084356"/>
<vertex lat="54.080627" lon="-0.156316"/>
<vertex lat="54.021716" lon="-0.205563"/>
<vertex lat="53.941669" lon="-0.168770"/>
<vertex lat="53.865188" lon="-0.108257"/>
<vertex lat="53.742818" lon="0.010573"/>
<vertex lat="53.609286" lon="0.115347"/>
<vertex lat="53.629440" lon="0.076719"/>
<vertex lat="53.640550" lon="0.036076"/>
<vertex lat="53.637191" lon="-0.019425"/>
<vertex lat="53.643651" lon="-0.073711"/>
<vertex lat="53.685457" lon="-0.173834"/>
<vertex lat="53.736772" lon="-0.270030"/>
<vertex lat="53.716179" lon="-0.461362"/>
<vertex lat="53.725403" lon="-0.567660"/>
<vertex lat="53.724008" lon="-0.659903"/>
<vertex lat="53.694397" lon="-0.485029"/>
<vertex lat="53.692330" lon="-0.293697"/>
<vertex lat="53.468261" lon="0.128318"/>
<vertex lat="53.335479" lon="0.270997"/>
<vertex lat="53.159960" lon="0.355798"/>
<vertex lat="53.081101" lon="0.298101"/>
<vertex lat="53.030019" lon="0.208158"/>
<vertex lat="52.971599" lon="0.124365"/>
<vertex lat="52.905608" lon="0.045894"/>
<vertex lat="52.808715" lon="0.279782"/>
<vertex lat="52.811609" lon="0.330192"/>
<vertex lat="52.825200" lon="0.381894"/>
<vertex lat="52.858143" lon="0.431659"/>
<vertex lat="52.938371" lon="0.515555"/>
<vertex lat="52.966922" lon="0.558757"/>
<vertex lat="52.977232" lon="0.704484"/>
<vertex lat="52.971082" lon="0.826751"/>
<vertex lat="52.953357" lon="0.948501"/>
<vertex lat="52.958990" lon="1.055574"/>
<vertex lat="52.924573" lon="1.271272"/>
<vertex lat="52.893490" lon="1.382169"/>
<vertex lat="52.753731" lon="1.656778"/>
<vertex lat="52.677250" lon="1.716102"/>
<vertex lat="52.578496" lon="1.743387"/>
<vertex lat="52.468994" lon="1.746591"/>
<vertex lat="52.368897" lon="1.700393"/>
<vertex lat="52.278515" lon="1.647373"/>
<vertex lat="52.161829" lon="1.614610"/>
<vertex lat="52.119765" lon="1.591355"/>
<vertex lat="52.086847" lon="1.559006"/>
<vertex lat="51.994759" lon="1.413485"/>
<vertex lat="51.956958" lon="1.316747"/>
<vertex lat="51.973520" lon="1.276026"/>
<vertex lat="51.971221" lon="1.232411"/>
<vertex lat="51.949103" lon="1.227863"/>
<vertex lat="51.902104" lon="1.273855"/>
<vertex lat="51.845363" lon="1.274372"/>
<vertex lat="51.803350" lon="1.188486"/>
<vertex lat="51.785470" lon="1.101153"/>
<vertex lat="51.807794" lon="0.955115"/>
<vertex lat="51.729608" lon="0.752234"/>
<vertex lat="51.689403" lon="0.898064"/>
<vertex lat="51.646615" lon="0.927417"/>
<vertex lat="51.571426" lon="0.890933"/>
<vertex lat="51.537914" lon="0.799259"/>
<vertex lat="51.523057" lon="0.697560"/>
<vertex lat="51.519491" lon="0.593484"/>
<vertex lat="51.501094" lon="0.507184"/>
<vertex lat="51.465644" lon="0.424502"/>
<vertex lat="51.484455" lon="0.528268"/>
<vertex lat="51.467970" lon="0.600305"/>
<vertex lat="51.404666" lon="0.645470"/>
<vertex lat="51.386579" lon="0.686501"/>
<vertex lat="51.359501" lon="0.889383"/>
<vertex lat="51.359708" lon="1.014957"/>
<vertex lat="51.375107" lon="1.257112"/>
<vertex lat="51.374720" lon="1.373488"/>
<vertex lat="51.363273" lon="1.414932"/>
<vertex lat="51.310822" lon="1.415656"/>
<vertex lat="51.182044" lon="1.397569"/>
<vertex lat="51.155482" lon="1.365529"/>
<vertex lat="51.047272" lon="1.044412"/>
<vertex lat="50.971669" lon="0.978576"/>
<vertex lat="50.925884" lon="0.960179"/>
<vertex lat="50.933971" lon="0.772387"/>
<vertex lat="50.885525" lon="0.684331"/>
<vertex lat="50.853408" lon="0.532299"/>
<vertex lat="50.819198" lon="0.414709"/>
<vertex lat="50.775971" lon="0.299729"/>
<vertex lat="50.763052" lon="0.205032"/>
<vertex lat="50.814366" lon="-0.203884"/>
<vertex lat="50.810181" lon="-0.450794"/>
<vertex lat="50.765455" lon="-0.785270"/>
<vertex lat="50.772819" lon="-0.871362"/>
<vertex lat="50.815607" lon="-1.000605"/>
<vertex lat="50.844597" lon="-1.132871"/>
<vertex lat="50.857309" lon="-1.285084"/>
<vertex lat="50.896894" lon="-1.416445"/>
<vertex lat="50.820826" lon="-1.334487"/>
<vertex lat="50.747445" lon="-1.516749"/>
<vertex lat="50.732847" lon="-1.600827"/>
<vertex lat="50.735146" lon="-1.687902"/>
<vertex lat="50.715251" lon="-1.866030"/>
<vertex lat="50.725380" lon="-2.031085"/>
<vertex lat="50.673238" lon="-2.006229"/>
<vertex lat="50.627763" lon="-1.962045"/>
<vertex lat="50.608022" lon="-1.997909"/>
<vertex lat="50.603061" lon="-2.035839"/>
<vertex lat="50.637426" lon="-2.350135"/>
<vertex lat="50.630915" lon="-2.394680"/>
<vertex lat="50.599237" lon="-2.433438"/>
<vertex lat="50.616291" lon="-2.547746"/>
<vertex lat="50.669724" lon="-2.658850"/>
<vertex lat="50.705587" lon="-2.776931"/>
<vertex lat="50.722434" lon="-2.900877"/>
<vertex lat="50.716595" lon="-2.999398"/>
<vertex lat="50.632414" lon="-3.404593"/>
<vertex lat="50.547974" lon="-3.485441"/>
<vertex lat="50.428188" lon="-3.525877"/>
<vertex lat="50.321838" lon="-3.584349"/>
<vertex lat="50.239931" lon="-3.679770"/>
<vertex lat="50.229234" lon="-3.793381"/>
<vertex lat="50.285923" lon="-3.900222"/>
<vertex lat="50.348555" lon="-4.103413"/>
<vertex lat="50.390826" lon="-4.172530"/>
<vertex lat="50.393307" lon="-4.194570"/>
<vertex lat="50.378166" lon="-4.217256"/>
<vertex lat="50.359097" lon="-4.296967"/>
<vertex lat="50.358218" lon="-4.379469"/>
<vertex lat="50.341372" lon="-4.506696"/>
<vertex lat="50.290497" lon="-4.727975"/>
<vertex lat="50.255951" lon="-4.817375"/>
<vertex lat="50.160763" lon="-5.009508"/>
<vertex lat="50.134356" lon="-5.048627"/>
<vertex lat="50.038341" lon="-5.118519"/>
<vertex lat="50.021392" lon="-5.225257"/>
<vertex lat="50.082938" lon="-5.322822"/>
<vertex lat="50.104436" lon="-5.433978"/>
<vertex lat="50.083403" lon="-5.551232"/>
<vertex lat="50.050692" lon="-5.622106"/>
<vertex lat="50.077228" lon="-5.655153"/>
<vertex lat="50.131876" lon="-5.656238"/>
<vertex lat="50.196962" lon="-5.570662"/>
<vertex lat="50.246158" lon="-5.342304"/>
<vertex lat="50.373721" lon="-5.141774"/>
<vertex lat="50.451494" lon="-5.043459"/>
<vertex lat="50.495264" lon="-5.004444"/>
<vertex lat="50.523170" lon="-4.956384"/>
<vertex lat="50.533712" lon="-4.893572"/>
<vertex lat="50.582029" lon="-4.861274"/>
<vertex lat="50.776384" lon="-4.582919"/>
<vertex lat="50.820929" lon="-4.559975"/>
<vertex lat="50.900692" lon="-4.546099"/>
<vertex lat="50.977457" lon="-4.523078"/>
<vertex lat="51.027170" lon="-4.296502"/>
<vertex lat="51.188504" lon="-4.188163"/>
<vertex lat="51.201319" lon="-4.158397"/>
<vertex lat="51.230930" lon="-3.842344"/>
<vertex lat="51.228553" lon="-3.607940"/>
<vertex lat="51.196979" lon="-3.375086"/>
<vertex lat="51.194136" lon="-3.255739"/>
<vertex lat="51.205040" lon="-3.135979"/>
<vertex lat="51.248603" lon="-3.042031"/>
<vertex lat="51.405648" lon="-2.881266"/>
<vertex lat="51.474791" lon="-2.790832"/>
<vertex lat="51.537268" lon="-2.687221"/>
<vertex lat="51.608607" lon="-2.590301"/>
<vertex lat="51.740718" lon="-2.433050"/>
<vertex lat="51.695191" lon="-2.539374"/>
<vertex lat="51.622999" lon="-2.667661"/>
<vertex lat="51.581090" lon="-2.742153"/>
<vertex lat="51.538844" lon="-2.978521"/>
<vertex lat="51.495798" lon="-3.080375"/>
<vertex lat="51.398491" lon="-3.258788"/>
<vertex lat="51.390455" lon="-3.293127"/>
<vertex lat="51.413813" lon="-3.562361"/>
<vertex lat="51.539955" lon="-3.762711"/>
<vertex lat="51.591632" lon="-3.890765"/>
<vertex lat="51.597523" lon="-3.943656"/>
<vertex lat="51.582123" lon="-3.998355"/>
<vertex lat="51.566413" lon="-4.115273"/>
<vertex lat="51.569101" lon="-4.234568"/>
<vertex lat="51.627366" lon="-4.173693"/>
<vertex lat="51.659896" lon="-4.091037"/>
<vertex lat="51.682530" lon="-4.276168"/>
<vertex lat="51.700255" lon="-4.327637"/>
<vertex lat="51.741080" lon="-4.386290"/>
<vertex lat="51.748056" lon="-4.531501"/>
<vertex lat="51.737643" lon="-4.600773"/>
<vertex lat="51.683667" lon="-4.717613"/>
<vertex lat="51.626255" lon="-4.902279"/>
<vertex lat="51.705836" lon="-5.124746"/>
<vertex lat="51.740718" lon="-5.168335"/>
<vertex lat="51.808052" lon="-5.167224"/>
<vertex lat="51.861383" lon="-5.200607"/>
<vertex lat="51.880193" lon="-5.262309"/>
<vertex lat="51.949646" lon="-5.183347"/>
<vertex lat="51.995896" lon="-5.088056"/>
<vertex lat="52.041837" lon="-4.878508"/>
<vertex lat="52.150900" lon="-4.561111"/>
<vertex lat="52.197331" lon="-4.383138"/>
<vertex lat="52.277430" lon="-4.217722"/>
<vertex lat="52.326290" lon="-4.149354"/>
<vertex lat="52.393133" lon="-4.099744"/>
<vertex lat="52.475144" lon="-4.050548"/>
<vertex lat="52.541754" lon="-3.980320"/>
<vertex lat="52.557619" lon="-4.048430"/>
<vertex lat="52.607849" lon="-4.078919"/>
<vertex lat="52.658853" lon="-4.070702"/>
<vertex lat="52.704070" lon="-4.039231"/>
<vertex lat="52.760759" lon="-4.067446"/>
<vertex lat="52.820032" lon="-4.117547"/>
<vertex lat="52.866179" lon="-4.114730"/>
<vertex lat="52.915478" lon="-4.101475"/>
<vertex lat="52.912843" lon="-4.229142"/>
<vertex lat="52.897392" lon="-4.356473"/>
<vertex lat="52.862458" lon="-4.471815"/>
<vertex lat="52.814916" lon="-4.583694"/>
<vertex lat="52.806131" lon="-4.683068"/>
<vertex lat="52.844165" lon="-4.681466"/>
<vertex lat="52.891139" lon="-4.638316"/>
<vertex lat="52.958215" lon="-4.525661"/>
<vertex lat="53.013819" lon="-4.405100"/>
<vertex lat="53.056038" lon="-4.362209"/>
<vertex lat="53.105131" lon="-4.328412"/>
<vertex lat="53.144508" lon="-4.268571"/>
<vertex lat="53.218922" lon="-4.111061"/>
<vertex lat="53.302664" lon="-3.809271"/>
<vertex lat="53.307599" lon="-3.764209"/>
<vertex lat="53.297884" lon="-3.645870"/>
<vertex lat="53.310545" lon="-3.529598"/>
<vertex lat="53.340672" lon="-3.427718"/>
<vertex lat="53.347158" lon="-3.326200"/>
<vertex lat="53.260315" lon="-3.097583"/>
<vertex lat="53.394700" lon="-3.165589"/>
<vertex lat="53.426868" lon="-3.064717"/>
<vertex lat="53.305377" lon="-2.918576"/>
<vertex lat="53.292561" lon="-2.864161"/>
<vertex lat="53.310183" lon="-2.749517"/>
<vertex lat="53.330699" lon="-2.793726"/>
<vertex lat="53.331939" lon="-2.845402"/>
<vertex lat="53.350232" lon="-2.913072"/>
<vertex lat="53.389196" lon="-2.969968"/>
<vertex lat="53.512858" lon="-3.064614"/>
<vertex lat="53.586239" lon="-3.059446"/>
<vertex lat="53.662565" lon="-2.995677"/>
<vertex lat="53.732741" lon="-2.925113"/>
<vertex lat="53.746746" lon="-2.984308"/>
<vertex lat="53.773566" lon="-3.031799"/>
<vertex lat="53.843846" lon="-3.045364"/>
<vertex lat="53.905909" lon="-3.026786"/>
<vertex lat="53.960686" lon="-2.899843"/>
<vertex lat="54.043833" lon="-2.862378"/>
<vertex lat="54.135301" lon="-2.846487"/>
<vertex lat="54.177262" lon="-2.867571"/>
<vertex lat="54.170492" lon="-2.993507"/>
<vertex lat="54.153439" lon="-3.054743"/>
<vertex lat="54.126309" lon="-3.109675"/>
<vertex lat="54.127937" lon="-3.165951"/>
<vertex lat="54.229093" lon="-3.321523"/>
<vertex lat="54.305626" lon="-3.410277"/>
<vertex lat="54.467580" lon="-3.569389"/>
<vertex lat="54.564370" lon="-3.592023"/>
<vertex lat="54.773091" lon="-3.464589"/>
<vertex lat="54.906571" lon="-3.267909"/>
<vertex lat="54.953080" lon="-3.036217"/>
<vertex lat="54.961968" lon="-3.081073"/>
<vertex lat="54.963777" lon="-3.434100"/>
<vertex lat="54.947396" lon="-3.550424"/>
<vertex lat="54.892851" lon="-3.658272"/>
<vertex lat="54.876134" lon="-3.719251"/>
<vertex lat="54.869933" lon="-3.783252"/>
<vertex lat="54.842751" lon="-3.841620"/>
<vertex lat="54.805079" lon="-3.898568"/>
<vertex lat="54.780946" lon="-3.957892"/>
<vertex lat="54.787199" lon="-4.075766"/>
<vertex lat="54.779241" lon="-4.132946"/>
<vertex lat="54.801100" lon="-4.174003"/>
<vertex lat="54.837170" lon="-4.208368"/>
<vertex lat="54.846782" lon="-4.253430"/>
<vertex lat="54.835671" lon="-4.303659"/>
<vertex lat="54.787044" lon="-4.409906"/>
<vertex lat="54.758338" lon="-4.517497"/>
<vertex lat="54.789007" lon="-4.647566"/>
<vertex lat="54.846162" lon="-4.818072"/>
<vertex lat="54.825284" lon="-4.851714"/>
<vertex lat="54.772290" lon="-4.889489"/>
<vertex lat="54.689479" lon="-4.911245"/>
<vertex lat="54.761361" lon="-5.032349"/>
<vertex lat="54.857530" lon="-5.135495"/>
<vertex lat="54.917940" lon="-5.170118"/>
<vertex lat="54.985895" lon="-5.172702"/>
<vertex lat="55.012276" lon="-5.116711"/>
<vertex lat="54.988117" lon="-5.055836"/>
<vertex lat="55.149476" lon="-4.965169"/>
<vertex lat="55.359412" lon="-4.784819"/>
<vertex lat="55.420984" lon="-4.721153"/>
<vertex lat="55.501315" lon="-4.676763"/>
<vertex lat="55.553922" lon="-4.684360"/>
<vertex lat="55.598312" lon="-4.724176"/>
<vertex lat="55.699133" lon="-4.891841"/>
<vertex lat="55.781221" lon="-4.889619"/>
<vertex lat="55.873902" lon="-4.871687"/>
<vertex lat="55.929558" lon="-4.826056"/>
<vertex lat="55.940152" lon="-4.806833"/>
<vertex lat="55.938679" lon="-4.584107"/>
<vertex lat="55.967385" lon="-4.670950"/>
<vertex lat="56.051178" lon="-4.844092"/>
<vertex lat="56.080867" lon="-4.841043"/>
<vertex lat="56.158330" lon="-4.800270"/>
<vertex lat="56.150475" lon="-4.819132"/>
<vertex lat="56.114715" lon="-4.856236"/>
<vertex lat="56.028079" lon="-4.927084"/>
<vertex lat="56.007874" lon="-4.970363"/>
<vertex lat="55.987281" lon="-5.092836"/>
<vertex lat="55.944648" lon="-5.114979"/>
<vertex lat="55.933485" lon="-5.134668"/>
<vertex lat="55.928680" lon="-5.195853"/>
<vertex lat="55.888889" lon="-5.214612"/>
<vertex lat="55.886305" lon="-5.228202"/>
<vertex lat="55.929248" lon="-5.245617"/>
<vertex lat="56.000406" lon="-5.247323"/>
<vertex lat="56.065829" lon="-5.222931"/>
<vertex lat="56.116988" lon="-5.176423"/>
<vertex lat="56.233364" lon="-4.996950"/>
<vertex lat="56.197449" lon="-5.084335"/>
<vertex lat="56.089962" lon="-5.282308"/>
<vertex lat="56.019217" lon="-5.383438"/>
<vertex lat="55.995342" lon="-5.410465"/>
<vertex lat="55.975240" lon="-5.418889"/>
<vertex lat="55.952037" lon="-5.418320"/>
<vertex lat="55.827704" lon="-5.372896"/>
<vertex lat="55.770136" lon="-5.385867"/>
<vertex lat="55.389591" lon="-5.556451"/>
<vertex lat="55.351402" lon="-5.588749"/>
<vertex lat="55.331455" lon="-5.618437"/>
<vertex lat="55.326830" lon="-5.646523"/>
<vertex lat="55.334142" lon="-5.730678"/>
<vertex lat="55.362668" lon="-5.768195"/>
<vertex lat="55.394965" lon="-5.767859"/>
<vertex lat="55.443464" lon="-5.752098"/>
<vertex lat="55.623995" lon="-5.681353"/>
<vertex lat="55.674096" lon="-5.650631"/>
<vertex lat="55.720734" lon="-5.605027"/>
<vertex lat="55.802382" lon="-5.504516"/>
<vertex lat="55.807705" lon="-5.506945"/>
<vertex lat="55.791685" lon="-5.573892"/>
<vertex lat="55.796982" lon="-5.602392"/>
<vertex lat="55.813131" lon="-5.622855"/>
<vertex lat="56.055287" lon="-5.609600"/>
<vertex lat="56.134972" lon="-5.555263"/>
<vertex lat="56.250830" lon="-5.534954"/>
<vertex lat="56.350049" lon="-5.487877"/>
<vertex lat="56.422293" lon="-5.433410"/>
<vertex lat="56.514794" lon="-5.391939"/>
<vertex lat="56.555928" lon="-5.329437"/>
<vertex lat="56.618818" lon="-5.312693"/>
<vertex lat="56.686850" lon="-5.242569"/>
<vertex lat="56.758060" lon="-5.188360"/>
<vertex lat="56.751007" lon="-5.217557"/>
<vertex lat="56.565747" lon="-5.564203"/>
<vertex lat="56.532002" lon="-5.652440"/>
<vertex lat="56.541019" lon="-5.772820"/>
<vertex lat="56.561871" lon="-5.864856"/>
<vertex lat="56.605692" lon="-5.936764"/>
<vertex lat="56.689899" lon="-5.968881"/>
<vertex lat="56.692147" lon="-6.057687"/>
<vertex lat="56.706694" lon="-6.133703"/>
<vertex lat="56.718037" lon="-6.132773"/>
<vertex lat="56.763926" lon="-6.034717"/>
<vertex lat="56.779635" lon="-5.877646"/>
<vertex lat="56.853068" lon="-5.730601"/>
<vertex lat="56.902677" lon="-5.861420"/>
<vertex lat="56.918412" lon="-5.850361"/>
<vertex lat="56.960658" lon="-5.736285"/>
<vertex lat="57.102355" lon="-5.591333"/>
<vertex lat="57.232734" lon="-5.561929"/>
<vertex lat="57.293971" lon="-5.631279"/>
<vertex lat="57.334072" lon="-5.656342"/>
<vertex lat="57.378824" lon="-5.794938"/>
<vertex lat="57.436081" lon="-5.818089"/>
<vertex lat="57.468017" lon="-5.801940"/>
<vertex lat="57.499230" lon="-5.756723"/>
<vertex lat="57.523518" lon="-5.688639"/>
<vertex lat="57.546798" lon="-5.581773"/>
<vertex lat="57.571680" lon="-5.678769"/>
<vertex lat="57.601084" lon="-5.714969"/>
<vertex lat="57.643665" lon="-5.742383"/>
<vertex lat="57.668315" lon="-5.744915"/>
<vertex lat="57.778231" lon="-5.694737"/>
<vertex lat="57.823551" lon="-5.665488"/>
<vertex lat="57.881351" lon="-5.608334"/>
<vertex lat="57.878095" lon="-5.349022"/>
<vertex lat="57.903598" lon="-5.319179"/>
<vertex lat="57.904580" lon="-5.289801"/>
<vertex lat="57.881325" lon="-5.157225"/>
<vertex lat="57.906388" lon="-5.176888"/>
<vertex lat="58.043589" lon="-5.393774"/>
<vertex lat="58.069712" lon="-5.413204"/>
<vertex lat="58.143686" lon="-5.351347"/>
<vertex lat="58.176656" lon="-5.346903"/>
<vertex lat="58.211899" lon="-5.355947"/>
<vertex lat="58.238719" lon="-5.338273"/>
<vertex lat="58.251432" lon="-5.269544"/>
<vertex lat="58.250166" lon="-5.059944"/>
<vertex lat="58.262646" lon="-5.008293"/>
<vertex lat="58.298302" lon="-5.031832"/>
<vertex lat="58.345173" lon="-5.080615"/>
<vertex lat="58.384524" lon="-5.090149"/>
<vertex lat="58.419303" lon="-5.078703"/>
<vertex lat="58.489247" lon="-5.076015"/>
<vertex lat="58.520201" lon="-5.066507"/>
<vertex lat="58.566555" lon="-5.016743"/>
<vertex lat="58.580301" lon="-4.975634"/>
<vertex lat="58.588388" lon="-4.924655"/>
<vertex lat="58.572885" lon="-4.809623"/>
<vertex lat="58.554204" lon="-4.765776"/>
<vertex lat="58.510021" lon="-4.715417"/>
<vertex lat="58.513586" lon="-4.678210"/>
<vertex lat="58.561594" lon="-4.534989"/>
<vertex lat="58.568467" lon="-4.491917"/>
<vertex lat="58.512863" lon="-4.433264"/>
<vertex lat="58.557201" lon="-4.188628"/>
<vertex lat="58.577097" lon="-3.859526"/>
<vertex lat="58.606294" lon="-3.661786"/>
<vertex lat="58.616888" lon="-3.453582"/>
<vertex lat="58.650012" lon="-3.259124"/>
<vertex lat="58.634819" lon="-3.053090"/>
<vertex lat="58.615518" lon="-3.046165"/>
<vertex lat="58.588776" lon="-3.056991"/>
<vertex lat="58.515498" lon="-3.109675"/>
</area>
<area>
<vertex lat="58.741609" lon="-2.929376"/>
<vertex lat="58.738637" lon="-2.938937"/>
<vertex lat="58.756931" lon="-2.975368"/>
<vertex lat="58.822663" lon="-3.035468"/>
<vertex lat="58.835686" lon="-2.941210"/>
<vertex lat="58.827572" lon="-2.896433"/>
<vertex lat="58.799615" lon="-2.913072"/>
<vertex lat="58.741609" lon="-2.929376"/>
</area>
<area>
<vertex lat="58.794189" lon="-3.164918"/>
<vertex lat="58.780960" lon="-3.222123"/>
<vertex lat="58.781916" lon="-3.278787"/>
<vertex lat="58.839768" lon="-3.367179"/>
<vertex lat="58.881781" lon="-3.400820"/>
<vertex lat="58.909635" lon="-3.394697"/>
<vertex lat="58.918988" lon="-3.357412"/>
<vertex lat="58.905294" lon="-3.271939"/>
<vertex lat="58.857183" lon="-3.227653"/>
<vertex lat="58.825893" lon="-3.222123"/>
<vertex lat="58.813568" lon="-3.211633"/>
<vertex lat="58.801217" lon="-3.158561"/>
<vertex lat="58.794189" lon="-3.164918"/>
</area>
<area>
<vertex lat="59.029627" lon="-3.057405"/>
<vertex lat="59.004978" lon="-3.070711"/>
<vertex lat="59.005546" lon="-2.994670"/>
<vertex lat="58.984514" lon="-2.884573"/>
<vertex lat="58.981878" lon="-2.817910"/>
<vertex lat="58.955833" lon="-2.762462"/>
<vertex lat="58.906947" lon="-2.793002"/>
<vertex lat="58.893253" lon="-2.826204"/>
<vertex lat="58.890514" lon="-2.863773"/>
<vertex lat="58.939348" lon="-2.994799"/>
<vertex lat="58.919091" lon="-3.166571"/>
<vertex lat="58.925292" lon="-3.200781"/>
<vertex lat="58.938754" lon="-3.223364"/>
<vertex lat="58.955497" lon="-3.232614"/>
<vertex lat="58.989630" lon="-3.232795"/>
<vertex lat="58.999732" lon="-3.242148"/>
<vertex lat="58.967409" lon="-3.304341"/>
<vertex lat="58.971233" lon="-3.331626"/>
<vertex lat="58.986736" lon="-3.347051"/>
<vertex lat="59.018775" lon="-3.353717"/>
<vertex lat="59.064974" lon="-3.346819"/>
<vertex lat="59.130810" lon="-3.310335"/>
<vertex lat="59.143961" lon="-3.248582"/>
<vertex lat="59.136339" lon="-3.156494"/>
<vertex lat="59.099029" lon="-3.051126"/>
<vertex lat="59.076033" lon="-3.019242"/>
<vertex lat="59.057687" lon="-3.020017"/>
<vertex lat="59.029627" lon="-3.057405"/>
</area>
<area>
<vertex lat="59.231372" lon="-2.548883"/>
<vertex lat="59.230183" lon="-2.662054"/>
<vertex lat="59.289301" lon="-2.603634"/>
<vertex lat="59.304132" lon="-2.535654"/>
<vertex lat="59.297569" lon="-2.406979"/>
<vertex lat="59.271059" lon="-2.429820"/>
<vertex lat="59.231372" lon="-2.548883"/>
</area>
<area>
<vertex lat="59.186749" lon="-2.729389"/>
<vertex lat="59.161919" lon="-2.815223"/>
<vertex lat="59.182486" lon="-2.851862"/>
<vertex lat="59.246823" lon="-2.861448"/>
<vertex lat="59.274367" lon="-2.963793"/>
<vertex lat="59.291472" lon="-3.013454"/>
<vertex lat="59.323873" lon="-3.052030"/>
<vertex lat="59.333846" lon="-3.042238"/>
<vertex lat="59.347127" lon="-2.975523"/>
<vertex lat="59.288319" lon="-2.861629"/>
<vertex lat="59.240829" lon="-2.815016"/>
<vertex lat="59.226773" lon="-2.730655"/>
<vertex lat="59.219486" lon="-2.719932"/>
<vertex lat="59.186749" lon="-2.729389"/>
</area>
<area>
<vertex lat="60.537494" lon="-1.308132"/>
<vertex lat="60.467059" lon="-1.287409"/>
<vertex lat="60.485301" lon="-1.235759"/>
<vertex lat="60.417708" lon="-1.157753"/>
<vertex lat="60.417604" lon="-1.117988"/>
<vertex lat="60.444476" lon="-1.052437"/>
<vertex lat="60.381586" lon="-1.065666"/>
<vertex lat="60.206971" lon="-1.133672"/>
<vertex lat="60.177361" lon="-1.152792"/>
<vertex lat="60.124289" lon="-1.165711"/>
<vertex lat="60.113902" lon="-1.179251"/>
<vertex lat="60.006570" lon="-1.199301"/>
<vertex lat="59.971223" lon="-1.245293"/>
<vertex lat="59.886939" lon="-1.283766"/>
<vertex lat="59.878671" lon="-1.299450"/>
<vertex lat="59.911124" lon="-1.355881"/>
<vertex lat="60.039850" lon="-1.299502"/>
<vertex lat="60.114651" lon="-1.276196"/>
<vertex lat="60.153486" lon="-1.290898"/>
<vertex lat="60.188368" lon="-1.322808"/>
<vertex lat="60.189505" lon="-1.409030"/>
<vertex lat="60.173382" lon="-1.481506"/>
<vertex lat="60.194001" lon="-1.496854"/>
<vertex lat="60.221777" lon="-1.499128"/>
<vertex lat="60.231027" lon="-1.516620"/>
<vertex lat="60.229089" lon="-1.613023"/>
<vertex lat="60.236789" lon="-1.641341"/>
<vertex lat="60.262265" lon="-1.660048"/>
<vertex lat="60.282522" lon="-1.663795"/>
<vertex lat="60.298387" lon="-1.576642"/>
<vertex lat="60.292496" lon="-1.494425"/>
<vertex lat="60.332907" lon="-1.374613"/>
<vertex lat="60.468532" lon="-1.449544"/>
<vertex lat="60.481322" lon="-1.548841"/>
<vertex lat="60.494447" lon="-1.571785"/>
<vertex lat="60.517443" lon="-1.552613"/>
<vertex lat="60.529846" lon="-1.498120"/>
<vertex lat="60.598730" lon="-1.414198"/>
<vertex lat="60.609582" lon="-1.363968"/>
<vertex lat="60.607645" lon="-1.301724"/>
<vertex lat="60.537494" lon="-1.308132"/>
</area>
<area>
<vertex lat="60.513852" lon="-1.042515"/>
<vertex lat="60.502302" lon="-1.067888"/>
<vertex lat="60.603898" lon="-1.165531"/>
<vertex lat="60.720222" lon="-1.093313"/>
<vertex lat="60.716501" lon="-1.005618"/>
<vertex lat="60.686038" lon="-0.991665"/>
<vertex lat="60.658003" lon="-1.000347"/>
<vertex lat="60.655523" lon="-1.044995"/>
<vertex lat="60.646944" lon="-1.049052"/>
<vertex lat="60.592943" lon="-1.035099"/>
<vertex lat="60.530156" lon="-1.034247"/>
<vertex lat="60.513852" lon="-1.042515"/>
</area>
<area>
<vertex lat="60.811947" lon="-0.774262"/>
<vertex lat="60.800475" lon="-0.774314"/>
<vertex lat="60.716139" lon="-0.826197"/>
<vertex lat="60.683945" lon="-0.825474"/>
<vertex lat="60.686994" lon="-0.909138"/>
<vertex lat="60.697277" lon="-0.922264"/>
<vertex lat="60.745672" lon="-0.938103"/>
<vertex lat="60.797142" lon="-0.927535"/>
<vertex lat="60.810449" lon="-0.915804"/>
<vertex lat="60.815926" lon="-0.891413"/>
<vertex lat="60.805798" lon="-0.864955"/>
<vertex lat="60.831894" lon="-0.823433"/>
<vertex lat="60.831274" lon="-0.801806"/>
<vertex lat="60.811947" lon="-0.774262"/>
</area>
</country>
