<?xml version='1.0' encoding='UTF-8'?>
<region>
    <area>
        <!-- The area below happens to mostly follow the actual -->
        <!-- political boundaries, but my guess is that the game-->
        <!-- configuration files will be mostly rectangular.    -->
        <name>Bernalillo County</name>
        <vertex lat="35.214910" lon="-106.244921"/>
        <vertex lat="34.953351" lon="-106.244234"/>
        <vertex lat="34.952788" lon="-106.150850"/>
        <vertex lat="34.870580" lon="-106.410402"/>
        <vertex lat="34.889168" lon="-106.411776"/>
        <vertex lat="34.902685" lon="-106.427568"/>
        <vertex lat="34.905500" lon="-106.685060"/>
        <vertex lat="34.869453" lon="-106.720766"/>
        <vertex lat="34.870016" lon="-107.024950"/>
        <vertex lat="35.219678" lon="-107.196611"/>
    </area>
    <area>
        <name>Santa Fe</name>
        <vertex lat="35.651812" lon="-105.895832"/>
        <vertex lat="35.611909" lon="-106.067837"/>
        <vertex lat="35.725985" lon="-105.983723"/>

        <vertex lat="35.725706" lon="-105.895832"/>
        <vertex lat="35.670222" lon="-105.984753"/>
    </area>

</region>